tree
version=v4
num_class=1
num_tree_per_iteration=1
label_index=0
max_feature_idx=20
objective=tweedie
feature_names=item_id dept_id cat_id store_id state_id lag_7 lag_14 lag_28 rmean_7 rstd_7 rmean_28 rstd_28 sell_price price_change price_rel_mean dayofweek is_weekend week month snap is_event
feature_infos=-1:1027:2570:194:2965:2467:246:1423:2431:2463:1931:2522:2867:1739:1373:565:1579:2788:2038:2619:3004:408:2019:416:2684:2757:2793:889:705:354:1710:2348:314:1075:1741:291:1727:930:831:2921:1427:495:139:1151:2307:2322:270:1336:1475:528:2818:2918:1444:1581:170:544:1099:14:321:370:944:1545:1746:2644:1410:2286:2676:3040:650:1047:1733:2505:1634:1903:568:2045:443:3021:1564:932:790:1364:1436:2525:1235:1234:1738:2342:557:1356:2441:289:736:188:463:2554:511:829:1510:1506:2916:449:1295:1480:1517:2804:2635:1114:1885:332:1017:2868:2321:741:256:2591:1106:93:756:879:1159:1451:1179:789:572:152:423:2375:810:2369:1815:1037:1146:2270:2124:759:682:1268:1429:1954:251:1837:178:2662:2223:2589:2772:1878:2447:1833:174:2168:144:2567:240:1773:2190:1763:1237:3008:2151:2637:1638:1761:192:839:203:2344:51:298:1926:1795:581:67:1544:695:727:1989:2822:432:1149:507:651:322:2403:149:63:2936:124:478:102:266:299:257:2908:594:2285:2707:2768:1820:80:1395:2345:1548:2813:2861:2605:964:1052:2797:1936:2877:2083:1703:211:1725:2585:1459:2523:1586:1684:1041:1871:729:1084:1890:2299:554:1612:331:52:2413:2582:942:1796:1862:2860:1690:2933:506:3016:0:430:134:612:990:642:343:196:2663:1283:32:2297:809:842:1455:184:1116:1476:2414:2769:2807:175:1091:1210:1242:1497:254:88:1964:1177:864:2574:450:2825:2594:2029:2104:1226:2167:439:2113:1895:44:1425:812:1216:1801:1173:691 -1:6:0:3:2:5:4:1 -1:2:1:0 -1:9:2:4:6:0:5:3:8:7:1 -1:0:2:1 [0:184] [0:181] [0:349] [0:192.14285278320312] [0:128.72285461425781] [0:134.21427917480469] [0:97.957069396972656] [0.05000000074505806:20.969999313354492] [-0.75:2.4305553436279297] [0.1009455993771553:1.9707841873168945] [0:6] [0:1] [1:53] [1:12] [0:1] [0:1]
tree_sizes=10353 11825 10766 6965 11215 12971 12038 12844 7081 14206 12969 7078 12534 7033 7065 15928 15282 13775 14685 7067 14417 15836 15646 15062 15061 7098 6988 15930 15863 16015 7011 16161 16543 7135 16715 15435 16194 7106 16704 16381 16275 15221 15141 15734 15936 7034 7008 16337 7016 17010 15272 7022 14532 14658 16262 6997

Tree=0
num_leaves=63
num_cat=14
split_feature=10 10 10 5 10 10 10 5 5 5 5 5 5 5 10 0 0 10 5 0 0 6 10 6 10 6 0 6 10 6 6 0 5 5 5 0 0 5 5 6 5 0 0 0 5 0 10 5 15 15 10 0 5 0 5 5 5 10 15 10 6 5
split_gain=6.21392e+06 1.02297e+06 1.00645e+06 163511 143246 127804 123011 102845 40517.4 34185.6 30514.3 29834.2 27863.1 26633.1 26207.1 25993.1 19556.6 17252.4 16341.7 15994 11671.9 11373.6 10831.8 10677.4 9791.77 9779.83 9633.15 9201.85 8594.47 8531.35 8457.44 8257.5 7967.6 7600.95 6643.2 6511.71 6470.93 6289.62 6100.97 6051.36 5805.07 5787.71 5616.95 5514.78 5070.3 5050.05 4775.84 4530.42 4484.92 4321.54 4086.19 4035.06 4021.06 3912.57 3814.76 3798.5 3749.93 3681.17 3632.54 3589.31 3448.06 3294.84
threshold=3.9464285373687749 1.2678571343421938 11.553571224212648 26.500000000000004 6.6964285373687753 0.5892857313156129 2.3750000000000004 5.5000000000000009 5.5000000000000009 8.5000000000000018 12.500000000000002 3.5000000000000004 3.5000000000000004 1.5000000000000002 38.000000000000007 0 1 0.26785714924335485 2.5000000000000004 2 3 3.5000000000000004 1.6964285969734194 3.5000000000000004 19.089285850524906 1.5000000000000002 4 6.5000000000000009 0.87500000000000011 8.5000000000000018 5.5000000000000009 5 17.500000000000004 1.0000000180025095e-35 1.0000000180025095e-35 6 7 7.5000000000000009 1.0000000180025095e-35 12.500000000000002 13.500000000000002 8 9 10 1.0000000180025095e-35 11 16.910714149475101 1.5000000000000002 4.5000000000000009 4.5000000000000009 8.3392853736877459 12 29.500000000000004 13 17.500000000000004 1.0000000180025095e-35 68.500000000000014 5.2321429252624521 4.5000000000000009 9.1964287757873553 27.500000000000004 21.500000000000004
decision_type=2 2 2 2 2 2 2 2 2 2 2 2 2 2 2 9 9 2 2 9 9 2 2 2 2 2 9 2 2 2 2 9 2 2 2 9 9 2 2 2 2 9 9 9 2 9 2 2 2 2 2 9 2 9 2 2 2 2 2 2 2 2
left_child=1 5 4 10 8 7 12 13 21 23 30 25 22 17 42 32 -15 26 28 52 37 33 55 34 -12 38 -1 48 -7 58 36 -21 -9 41 35 -6 47 -20 53 59 -29 -2 -5 -18 -24 -17 -32 -4 -13 -27 -25 -28 -14 -8 -31 -3 -16 -23 -10 -11 -42 -41
right_child=2 6 3 14 9 18 11 15 29 39 24 27 19 16 56 45 43 -19 20 31 -22 57 44 50 -26 49 51 40 -30 54 46 -33 -34 -35 -36 -37 -38 -39 -40 61 60 -43 -44 -45 -46 -47 -48 -49 -50 -51 -52 -53 -54 -55 -56 -57 -58 -59 -60 -61 -62 -63
leaf_value=0.30047256268113698 0.38463171482587971 0.31038054200612047 0.31151043942287526 0.65893141645575593 0.43822173568179856 0.29233319061923374 0.29627734757330093 0.47666979454107994 0.42564576152014166 0.48637447986319127 0.56992709369549899 0.37458853233103295 0.49511075993770026 0.36725839361935841 0.70193330083004413 0.40878436831983711 0.32632124919718031 0.28063628580192612 0.3541459334193125 0.38240479262612587 0.31439056741468807 0.40415469824686912 0.32283723630868993 0.45713282215384798 0.61523706609311679 0.36011382976936362 0.28503253502611436 0.41336085274266077 0.30323979410089796 0.46528190735378999 0.52906207306360709 0.34526697074841894 0.62169803620561659 0.39534291869568061 0.44659909989564733 0.33567910050569233 0.5082571741404136 0.45901487006357511 0.35518039432359522 0.52435994257963792 0.48267736709542641 0.32994652952092518 0.60360622078057835 0.28890015567411054 0.33840843524515296 0.32294741073082206 0.57119200172608109 0.46997717775863346 0.39708128411651022 0.38036351612596386 0.4839650190615285 0.26984030755814076 0.73015543315203613 0.33677150071391132 0.53755039825121709 0.32292219604450179 0.74585501842565249 0.4272544528910211 0.45120269944848457 0.516136993774162 0.68767985090688477 0.58338469938324788
leaf_weight=27154.492817282677 10104.637755632401 103115.39180934429 783.25814700126648 17544.514388799667 3000.0689004659653 390805.39696240425 7643.0547938346863 3086.7636754512787 38907.231311321259 24210.385481595993 31109.227126598358 60692.922708272934 474.09552299976349 9528.7824583053589 12747.768629670143 3390.2715830802917 10933.235156536102 703362.36111831665 7299.6736558675766 19743.779665708542 69934.043380379677 43109.793073654175 81517.936338305473 28896.21454668045 19334.398899197578 94366.17646420002 45463.51354265213 16110.340590000153 335854.13997364044 17345.332511901855 22492.98609316349 62091.392171263695 1366.1714150905609 49779.713172078133 15485.53361928463 3214.4639261960983 7595.5243260860443 1778.0507651567459 49629.915896177292 14798.327763438225 1258.4090243577957 9305.6341316699982 7531.2925269603729 99060.010058522224 145755.82466232777 3469.0320321321487 9596.8436274528503 1063.3252836465836 34909.036664009094 36553.695446610451 27877.37361741066 1271922.059170723 295.30051231384277 27059.267330884933 2040.8897145986557 145648.80335724354 7853.5347265005112 28748.208982586861 21635.324038028717 17418.131895780563 245.05761742591858 2813.8954447507858
leaf_count=21113 6578 78638 596 4189 1710 308631 5991 1583 22935 12063 11596 40432 230 6452 2224 2083 8076 567825 5087 12920 52912 26804 60642 15667 5891 64916 36403 9794 259732 9192 9765 44098 403 31610 8641 2329 3532 959 34509 6529 634 6823 2422 78742 105020 2580 3559 556 22076 24034 13991 1047451 39 19563 860 108331 852 16877 11923 7900 48 992
internal_value=0.318073 0.29672 0.484632 0.599565 0.440525 0.282707 0.343861 0.276415 0.415581 0.48055 0.561162 0.368142 0.329584 0.27563 0.676893 0.426783 0.298573 0.274291 0.299722 0.35639 0.321318 0.399464 0.324933 0.458906 0.587294 0.357214 0.270972 0.38892 0.297374 0.444022 0.529422 0.354234 0.52071 0.384995 0.429074 0.385403 0.487827 0.374624 0.343935 0.509222 0.42213 0.358455 0.642565 0.29262 0.332823 0.365443 0.541662 0.402305 0.382802 0.365768 0.470308 0.270364 0.581894 0.327852 0.47289 0.317724 0.718677 0.413396 0.434779 0.498828 0.516092 0.53379
internal_weight=4.36786e+06 3.87152e+06 496344 137653 358691 2.98441e+06 887110 2.17874e+06 220977 137714 91975.6 328468 558643 2.16742e+06 45677.1 11312.2 119522 2.0479e+06 805671 82604.6 79011.8 141048 476038 78473.7 50443.6 215252 1.34454e+06 113216 726660 79928.8 41531.9 81835.2 4452.94 69190 21700.1 6214.53 9442.11 9077.72 84332.2 59240.7 17613.8 19410.3 25075.8 109993 227274 6859.3 32089.8 1846.58 95602 130920 56773.6 1.31739e+06 769.396 34702.3 19386.2 248764 20601.3 71858 60542.6 41628.5 1503.47 17612.2
internal_count=3280553 3031947 248606 45182 203424 2400032 631915 1772711 133602 69822 35495 221997 409918 1766062 9687 6649 93270 1672792 627321 57287 58958 88692 352631 42338 17487 149013 1104967 72984 568363 44910 18008 57018 1986 45011 12680 4039 4684 6046 60063 27484 10476 13401 6611 86818 165662 4663 13324 1152 62508 88950 29658 1083854 269 25554 10052 186969 3076 43681 34858 19963 682 7521
cat_boundaries=0 95 190 269 364 459 554 650 744 836 928 1024 1118 1210 1305
cat_threshold=0 0 0 0 0 0 0 0 0 0 0 0 0 0 0 0 0 0 0 0 0 0 0 0 0 2147483648 0 0 0 0 0 0 0 0 0 0 0 0 0 0 0 0 0 0 0 0 0 0 0 0 0 0 0 0 0 0 0 0 4194304 0 2048 0 0 0 0 0 0 0 16384 0 0 0 0 256 0 0 0 0 512 0 0 4 8192 0 0 0 0 9437184 0 0 0 0 2097152 0 8193 0 0 0 0 0 0 0 65536 16384 0 4096 0 0 0 0 0 0 0 0 0 2048 0 2 0 0 2147483648 0 0 0 65536 16 0 0 0 0 0 0 0 0 0 0 0 0 0 0 0 0 0 0 0 0 0 0 0 0 0 512 0 4194304 128 2048 4 0 0 0 0 0 0 0 0 0 33554432 0 4928 0 0 0 0 512 0 1024 4 8192 268435456 0 0 0 1048576 68 4096 0 16 2097152 268435456 8193 0 0 0 0 0 0 0 0 0 0 0 0 0 0 0 0 0 0 0 0 0 0 0 0 0 0 0 0 0 0 0 0 0 0 0 0 0 0 0 0 0 0 0 0 0 0 0 0 0 0 0 0 0 0 0 0 0 0 0 0 0 0 0 0 0 0 0 0 0 0 0 0 0 256 0 0 0 0 512 16384 0 0 0 0 0 0 65536 16384 0 4096 0 0 0 0 0 0 0 0 0 2048 0 0 0 0 2147483648 0 0 0 81920 0 0 0 0 0 0 0 0 0 0 0 0 0 0 0 0 0 0 0 0 0 0 0 0 1024 0 0 0 4194304 0 2048 4 0 0 0 0 0 128 0 0 0 33554432 0 320 0 0 0 0 134218240 0 1024 4 8192 268435456 0 0 0 537927680 68 4096 0 0 2097152 268435456 8193 16384 0 0 0 0 0 0 0 0 0 0 0 0 0 0 0 0 0 0 0 0 1024 0 1048576 0 0 0 0 0 65536 16 0 0 0 8 0 0 0 0 0 0 0 0 0 0 0 0 0 0 0 0 0 0 0 32 0 512 0 4194304 128 0 4100 0 0 0 0 0 16777216 0 0 0 0 393216 4608 0 16384 0 0 512 0 2181039104 0 8192 268435520 0 0 0 1048576 68 4096 0 0 2097152 268435456 1 0 0 0 0 0 0 0 4259840 0 0 4096 0 0 0 0 0 0 8192 0 0 0 0 0 0 0 2147483648 0 0 0 16388 16 0 0 0 0 0 0 0 0 0 0 0 0 0 0 0 0 0 0 0 0 0 0 0 1024 0 512 0 4194304 4 2048 4 0 0 0 0 0 0 0 0 0 33554432 0 4608 0 0 0 0 134217728 0 1024 8196 8192 268435456 0 0 0 537927680 4 4096 0 0 2097152 268435456 8193 16384 0 0 0 0 0 0 4194304 16384 0 4096 0 0 0 0 0 0 0 0 0 0 0 0 0 0 0 0 32768 0 4 0 33554432 0 0 0 0 0 0 0 0 0 0 0 0 0 0 0 0 0 0 0 0 0 0 0 0 512 0 0 0 0 0 0 0 0 0 0 128 0 0 0 0 0 0 0 0 0 0 134217728 0 1024 0 8192 0 0 0 0 1048576 0 4096 0 0 0 0 0 1 0 0 0 0 0 0 0 65536 0 0 0 0 0 0 0 0 0 0 0 0 0 0 0 0 0 2147483648 0 0 0 0 0 33554432 0 0 0 0 0 0 0 0 0 0 0 0 0 0 0 0 0 0 0 0 0 0 1024 0 0 0 0 0 0 0 0 0 0 0 0 0 0 0 0 0 0 4608 0 0 0 0 512 0 0 4 0 0 0 0 0 0 4 0 0 16 2097152 268435456 16384 0 0 0 0 0 0 4194304 16384 0 4096 0 16777216 0 0 0 0 8192 0 16 0 0 33554432 0 0 1024 0 1 0 81924 16 33554432 0 0 0 0 0 0 0 0 0 0 0 0 0 0 0 0 0 0 0 0 0 0 0 0 512 8192 64 0 0 4 0 0 0 8 0 128 0 0 0 0 131072 64 0 0 0 0 0 0 2147484672 0 8192 0 0 0 0 1048576 64 0 0 512 0 0 0 0 0 0 0 0 0 0 0 0 0 0 0 0 0 0 0 0 0 0 0 0 0 0 0 0 0 0 16 0 0 0 0 0 0 0 0 0 0 0 0 0 0 0 0 0 0 0 0 0 0 0 0 0 0 0 0 0 0 0 0 0 0 0 0 0 0 0 0 0 0 256 0 0 0 0 512 0 0 0 0 0 0 0 0 0 0 0 0 64 16384 0 0 0 0 0 0 4194304 0 0 0 0 16777216 0 0 0 0 0 0 16 0 0 33554432 1048576 0 0 0 32768 0 16384 0 33554432 0 0 0 0 0 0 0 0 0 0 0 0 0 0 0 0 0 2048 0 0 0 0 1056 0 0 0 536870912 32768 0 0 0 0 0 0 0 128 16384 32768 0 0 8 0 128 16384 0 0 134217728 67108864 0 8192 0 192 524288 0 32 8396800 0 537395200 0 0 0 0 0 1 16384 0 0 0 0 0 0 65536 16384 0 4096 0 16777216 0 0 0 0 0 0 0 2048 0 2 1048576 0 0 0 0 0 65540 0 33554432 0 0 0 0 0 0 0 0 0 0 0 0 0 0 0 0 0 0 0 0 0 0 1024 8192 0 0 0 128 0 4 0 0 0 0 0 0 0 32768 0 33554432 8 4672 128 0 0 0 134217728 0 1024 0 0 268435520 0 0 0 0 68 4096 0 16 0 268435456 0 0 0 0 0 0 0 0 16384 67108864 4096 0 16777216 0 0 0 0 8192 0 0 2048 0 0 0 0 2147483648 0 32768 0 0 0 0 0 0 0 0 0 0 0 0 0 0 0 0 0 0 0 0 4096 2048 0 0 0 0 1024 0 8 512 32768 32768 0 0 0 0 0 8 0 0 16384 32768 0 33554432 0 320 0 8192 2147483648 0 671088640 0 0 4 0 0 0 0 196640 8388608 0 536870912 0 16 0 0 0 0 0 268435456 0 0 0 0 0 0 0 134217728 0 0 0 1 0 0 2048 0 2 0 0 2147483648 0 0 0 0 0 0 0 524288 0 0 0 0 0 0 0 0 0 0 0 0 0 0 268435968 8192 0 4 0 2147483648 8224 0 0 0 4194304 32900 0 0 0 0 0 0 0 0 0 32768 0 167772160 0 64 0 0 0 0 512 0 0 8196 1048576 268435456 524288 0 65536 16 0 0 0 0 0 0 8193
is_linear=0
shrinkage=1


Tree=1
num_leaves=63
num_cat=18
split_feature=8 11 8 5 5 5 11 5 8 5 8 8 5 8 11 0 0 5 0 8 6 0 6 6 0 6 6 0 11 8 5 6 6 0 0 5 5 0 8 5 5 0 8 6 5 5 6 11 0 8 0 5 8 0 0 8 0 0 0 0 5 5
split_gain=5.15009e+06 894483 870856 145361 143221 136158 94434.8 82779.8 57474.9 44594.5 35337.3 34847.6 25413.6 22818.5 22812.2 21426.4 21378.1 17810.8 16931.8 16731.1 16098.5 11229.8 10746.7 9358.11 9220.22 9129.9 8773.46 8641.71 8484.97 8368.97 7971.72 7589.52 7508.66 7285.85 7125.7 6760.05 6665.28 6572.54 6405.72 5751.32 5623.35 5587.7 5372.66 5213.54 4985.06 4039.55 3818.91 3810.19 3664.69 3566.03 3553.27 3338.98 3307.96 3198.4 3077.71 3011.05 2952.33 2946 2942.04 2932.47 2807.72 2787.83
threshold=3.928571462631226 1.2461576461791994 12.928571224212648 2.5000000000000004 29.500000000000004 6.5000000000000009 0.74844878911972057 4.5000000000000009 1.928571403026581 7.5000000000000009 7.7857143878936776 6.2142856121063241 15.500000000000002 36.857143402099616 1.8571678996086123 0 1 1.0000000180025095e-35 2 0.92857143282890331 1.0000000180025095e-35 3 5.5000000000000009 3.5000000000000004 4 3.5000000000000004 9.5000000000000018 5 0.50131405889987957 25.928571701049808 29.500000000000004 12.500000000000002 1.5000000000000002 6 7 37.500000000000007 1.0000000180025095e-35 8 2.2142857313156132 1.0000000180025095e-35 1.0000000180025095e-35 9 55.785715103149421 6.5000000000000009 1.5000000000000002 3.5000000000000004 27.500000000000004 11.062771797180178 10 8.6428570747375506 11 1.0000000180025095e-35 0.5000000149011613 12 13 22.500000000000004 14 15 16 17 1.0000000180025095e-35 34.500000000000007
decision_type=2 2 2 2 2 2 2 2 2 2 2 2 2 2 2 9 9 2 9 2 2 9 2 2 9 2 2 9 2 2 2 2 2 9 9 2 2 9 2 2 2 9 2 2 2 2 2 2 9 2 9 2 2 9 9 2 9 9 9 9 2 2
left_child=1 6 5 8 12 11 7 17 20 14 26 25 27 46 38 30 35 28 -19 36 34 -10 41 50 -22 39 48 55 33 -14 -9 -12 60 -1 47 52 -8 -20 58 -2 -36 -13 -15 57 -21 -29 -6 -3 -7 -24 -16 -43 -11 -39 -26 -4 -38 -18 -5 -25 -23 -33
right_child=2 3 4 9 13 10 19 15 21 16 31 22 29 42 23 -17 43 18 37 44 24 32 49 59 54 -27 -28 45 -30 -31 -32 61 -34 -35 40 -37 56 53 -40 -41 -42 51 -44 -45 -46 -47 -48 -49 -50 -51 -52 -53 -54 -55 -56 -57 -58 -59 -60 -61 -62 -63
leaf_value=-0.021462186900912734 0.033541853136600151 0.0058416379386063361 0.20330674297580364 0.034817029309478248 0.26653194802339597 0.12373556612836215 -0.031861943703476912 0.13357522511295505 0.040371921437321164 0.21246740403558412 0.15719008221477485 0.10514519457670352 0.2365097260487366 0.34103446578811747 0.055276101166134455 0.021941055833637136 0.083898375724151722 0.035889815244496838 -0.0012098707793298889 -0.01660754615017531 0.028424344990801681 -0.00095164244243367644 0.11470284123702673 0.080020084291667473 0.01088091611756957 0.082308586343110543 0.14871305133390053 0.12323312387360244 -0.039736825726534614 0.28922170702993255 0.32241274159971456 0.18738255428362663 0.02688794840132815 -0.048542480763837895 -0.025379107143050618 0.30783636729952207 0.011365432349841713 -0.014007473116243063 0.038743975922107952 0.065535468018357676 -0.0071387730419634728 0.030812361847426535 0.38956860161689211 0.11117995521257194 -0.0021331363058867364 0.18030743217536435 0.31214709764901838 0.16561753478447161 0.099330539525017178 0.14360141710802207 0.034973372886067992 0.082149047998964497 0.13176859225318804 -0.037245103052684012 -0.003530198025910525 0.23999954291381864 -0.021621228494477916 0.051067553645356228 0.010534511957859108 0.057351760855773086 0.01556555937010101 0.272627998036583
leaf_weight=25498.74552321434 18297.906207680702 27862.207553505898 25937.536386489868 15056.513635277748 8612.1386657953262 32628.472389221191 327228.8833694458 5486.8320125341415 71921.176994800568 1771.1834115982056 50889.318713307381 30673.70346736908 32846.292946219444 11248.385056495667 31078.918741345406 6474.1936635971069 12927.974720239639 8762.4493060112 14158.345514416695 215652.2139070034 31792.759878277779 48026.127164244652 25416.63408946991 22982.08572781086 47331.577091217041 77076.972763538361 21836.589797496796 4075.8953235149384 453599.5845451355 9769.6580723524094 622.25742506980896 24141.699234008789 104760.64920961857 1044076.7224137783 120468.5415418148 813.36024415493011 7008.2828469276428 15641.750700235367 40494.911479234695 60463.501389503479 65081.361883282661 4263.2766040563583 11564.377413034439 8485.9311318397522 82143.599931001663 12951.041580915451 9820.702939748764 378.19846713542938 30626.719460248947 18405.480255723 71112.10099375248 12321.597953677177 4486.7881013154984 292167.78066003323 170394.27301251888 7127.4842277765274 209559.09005284309 14842.824581861496 72727.331728458405 38779.79185628891 55417.555834293365 998.77805352210999
leaf_count=20372 12477 20649 9501 10187 2289 16410 268649 2676 48061 667 22348 16524 10214 1919 19688 4579 7506 5995 10820 170106 22228 36116 13109 13528 34588 44622 9902 2026 380997 2351 127 9341 72562 897820 96237 189 5135 12421 27029 37131 49733 2911 1332 4461 62169 5159 2053 173 16630 8521 47757 7067 2228 244253 129314 2238 167700 9539 52788 24368 39575 263
internal_value=-7.67328e-05 -0.020708 0.14408 0.0177889 0.254697 0.107766 -0.0360465 -0.0423161 0.00545932 0.0451051 0.143522 0.0844348 0.220212 0.332208 0.0380866 0.0854943 0.0924425 -0.0431836 -0.0326663 -0.0221416 -0.00535076 0.0233385 0.109005 0.0504434 0.00327644 0.0700748 0.121388 0.196066 -0.0454673 0.248594 0.15256 0.168294 0.0174517 -0.0478975 -0.0154197 0.17199 -0.0273586 -0.0345321 0.0222933 0.0581027 -0.0189803 0.092466 0.365638 0.0768594 -0.0126149 0.166547 0.290835 0.00797855 0.111954 0.12684 0.0411568 0.068911 0.154609 -0.0360647 -0.000397 0.211152 -0.0205542 0.0663997 0.0147046 0.0658091 0.00789707 0.190769
internal_weight=4.32907e+06 3.78707e+06 541994 1.07899e+06 133954 408041 2.70808e+06 1.86649e+06 743434 335560 161122 246919 92707.9 41245.6 292232 12583.3 43328.1 1.85391e+06 330730 841592 463309 280126 91080.7 163953 249519 155838 85091.8 50092 1.52318e+06 42616 6109.09 76029.8 208204 1.06958e+06 213790 7071.33 543796 321968 128279 78761.4 185550 47258.6 22812.8 36256.7 297796 17026.9 18432.8 28240.4 63255.2 43822.1 102191 16584.9 6257.97 307810 217726 33065 216567 27770.8 87783.8 61761.9 103444 25140.5
internal_count=3279328 3022990 256338 769171 39082 217256 2253819 1580060 549236 219935 74894 142362 31489 7593 195345 7382 24590 1572678 273489 673759 352922 196314 48132 105341 186130 94230 42942 18924 1299189 12565 2803 31952 148253 918192 166792 3084 441484 267494 90004 49608 145970 26502 3251 21506 232275 7185 4342 20822 33040 21630 67445 9978 2895 256674 163902 11739 172835 17045 62975 37896 75691 9604
cat_boundaries=0 95 190 285 380 475 570 665 760 856 952 1047 1142 1234 1330 1425 1520 1615 1710
cat_threshold=0 0 0 0 0 0 0 0 16384 0 0 0 0 0 0 0 0 0 0 0 2048 0 0 0 0 2147483648 0 0 0 0 0 0 0 0 0 0 0 0 0 0 0 0 0 0 0 0 0 0 0 0 0 0 0 0 0 0 0 0 4194304 0 2048 4 0 0 0 0 0 0 16384 0 0 0 0 4352 0 0 0 0 512 0 0 4 8192 268435456 0 0 0 9437184 4 0 0 0 2097152 268435456 8193 0 0 0 0 0 0 0 0 0 0 0 0 0 0 0 0 0 0 0 0 0 0 0 0 0 0 0 0 0 0 0 0 0 0 0 0 0 0 0 0 0 0 0 0 0 0 0 0 0 0 0 0 0 0 1024 0 0 0 4194304 0 2048 0 0 0 0 0 0 0 0 0 0 0 262144 256 0 0 0 0 512 0 0 0 0 0 0 0 0 1048576 0 0 0 64 2097152 0 1 0 0 0 0 0 0 0 65536 16384 0 0 0 16777216 0 0 0 0 0 0 0 2048 0 2 0 0 0 0 0 0 65536 16 0 0 0 0 0 0 0 0 0 0 0 0 0 0 0 0 0 0 0 0 0 0 0 0 0 0 0 4194304 128 2048 4 0 0 0 0 0 128 0 0 0 33554432 0 4416 0 0 0 0 512 0 1024 4 8192 268435456 0 0 0 1056768 68 4096 0 16 2097152 268435456 8193 16384 0 0 0 0 0 0 4194304 16384 67108864 4096 0 16777216 0 0 0 0 0 0 16 2048 0 0 0 0 0 0 1 0 16388 16 0 0 0 0 0 0 0 0 0 0 0 0 0 0 0 0 0 0 0 0 0 0 0 0 0 512 0 4194304 0 2048 4 0 0 0 0 0 128 0 0 0 0 0 4864 128 0 0 0 512 0 1024 0 8192 0 0 0 0 1056768 0 4096 0 592 2097152 0 256 16384 0 0 0 0 0 0 4194304 16384 0 4096 0 16777216 0 0 0 0 0 0 16 2048 0 0 0 0 2147483648 0 0 0 16388 16 33554432 0 0 0 0 0 0 0 0 0 0 0 0 0 0 0 0 0 0 0 0 0 0 0 0 0 512 4194304 0 2048 4 0 0 0 0 0 128 0 0 0 33554432 0 768 0 0 0 0 512 0 1024 0 8192 0 0 0 0 1048576 68 4096 0 512 2097152 268435456 8448 0 0 0 0 0 0 0 0 0 0 0 0 0 0 0 0 0 0 0 0 2048 0 0 0 0 0 0 0 0 16388 16 0 0 0 0 0 0 0 0 0 0 0 0 0 0 0 0 0 0 0 0 0 0 0 0 0 512 0 4194304 0 2048 0 0 0 0 0 0 128 16384 0 0 0 0 256 0 0 0 0 0 0 0 0 0 268435456 0 0 0 1048576 0 0 0 64 0 0 8192 16384 0 0 0 0 0 0 0 0 0 0 0 0 0 0 0 0 0 0 0 0 1024 0 0 0 2147483648 0 0 0 65536 0 0 0 0 0 0 0 0 0 0 0 0 0 0 0 0 0 0 0 0 0 0 0 0 0 0 512 0 4194304 128 0 4100 0 0 0 0 0 16777216 0 0 0 33554432 393216 4864 0 16384 0 0 512 0 2181039104 0 8192 268435520 0 0 131072 1048576 68 4096 0 0 2097152 268435456 1 16384 0 0 0 0 0 4 4194304 16384 67108864 4096 0 16777216 0 0 0 0 0 0 16 0 1024 33554432 0 0 0 0 1 0 81920 16 33554432 0 0 8 0 33554432 0 0 0 0 0 0 0 0 0 0 0 0 0 0 0 0 0 0 0 512 8704 64 0 0 0 0 0 0 0 0 128 0 0 0 0 0 0 0 0 512 0 134217728 0 1024 0 8192 128 0 0 32 1048576 0 4096 0 512 0 0 256 16384 0 0 0 0 0 0 4194304 0 0 4096 0 0 0 0 0 0 8192 0 16 0 0 0 1048576 0 2147483648 0 0 0 0 0 33554432 0 0 0 0 0 0 0 0 0 0 0 0 0 0 0 0 0 2048 0 0 0 2147483648 32 0 0 8192 536903680 32768 0 0 0 0 0 16777216 0 16777216 16384 32768 0 0 0 512 128 16384 0 0 134217728 67108864 2147483648 8192 0 192 0 0 32 0 0 537395200 0 0 0 0 0 1 16384 0 0 0 0 0 0 4194304 16384 67108864 4096 0 0 0 0 0 0 16777216 0 0 2048 0 33554432 0 0 0 0 0 0 16388 16 33554432 0 0 8 0 0 0 0 0 0 0 0 0 0 0 0 0 0 0 0 0 0 0 0 8192 512 0 4194304 0 2048 4 0 0 0 8 0 128 16384 0 0 0 0 320 0 0 0 0 0 0 1024 4 8192 0 0 0 0 1048576 0 0 0 576 2097152 0 8192 1 16384 0 0 0 0 0 0 0 16384 0 4096 0 0 0 0 0 0 0 0 0 2048 0 33554432 0 0 0 0 0 0 4 16 0 0 0 0 0 0 0 0 0 0 0 0 0 0 0 0 0 0 0 0 0 0 0 1024 8192 0 0 4194304 0 2048 0 0 0 0 0 0 0 16384 0 0 33554432 0 4352 0 0 0 0 134218240 0 0 4 0 0 0 0 0 1048576 4 536870912 0 576 2097152 268435456 8193 16384 0 0 0 0 0 0 4194304 16384 0 4096 0 0 0 0 0 0 0 0 0 0 0 0 0 0 2147483648 0 1 0 16388 16 0 0 0 0 0 0 0 0 0 0 0 0 0 0 0 0 0 0 0 0 0 0 0 8192 0 0 0 4194304 4 2048 4 0 0 0 0 0 128 0 0 0 0 0 4928 0 0 512 0 512 0 1024 4 8192 128 0 0 0 537919488 0 0 0 576 2097152 268435456 8192 0 0 0 0 0 268435456 0 0 0 0 0 0 0 0 0 0 0 16777216 262144 0 0 1024 0 0 0 0 0 32769 0 16384 0 0 0 268435456 8 0 0 0 0 0 0 0 0 0 0 0 0 0 4608 0 0 0 0 0 1024 8192 520 0 64 4 0 4096 0 0 0 8 0 0 0 0 0 0 393224 0 0 0 512 0 536870912 0 0 0 0 0 524288 0 131072 545260048 0 1048576 0 512 0 0 0 0 0 0 0 65536 0 67108864 0 0 0 0 0 0 0 8192 0 0 0 1024 33554432 1048576 0 1024 0 1 0 65536 0 0 268435456 0 8 0 0 0 0 0 0 0 0 0 268435456 0 0 0 0 0 0 0 0 0 0 0 512 0 64 0 0 0 0 0 0 8 0 16777216 0 0 0 0 0 4160 128 16384 0 0 134217728 0 0 8196 0 268435584 0 0 131072 536879104 0 1048576 0 16 0 0 1 1 16384 0 0 0 0 0 0 4259840 16384 0 4096 0 0 0 0 0 0 0 0 0 0 0 33554432 0 0 0 0 32768 0 65536 0 0 0 0 8 0 0 0 0 0 0 0 0 0 0 0 0 0 0 0 0 0 0 0 0 0 512 0 4194304 128 0 4 0 0 0 0 0 0 0 0 0 0 0 4864 128 0 0 0 134218240 0 1024 4 8192 268435520 0 0 0 1048576 68 4096 0 0 2097152 268435456 8448 0 0 0 0 0 0 0 4259840 16384 0 4096 0 0 0 0 0 0 0 0 16 0 0 33554432 0 0 2147483648 0 0 0 65540 16 0 0 0 0 0 0 0 0 0 0 0 0 0 0 0 0 0 0 0 0 0 0 0 0 0 512 0 0 4 0 4 0 0 0 8 0 128 0 0 0 33554432 0 4608 0 0 0 0 134217728 67108864 1024 8196 8192 268435584 0 0 0 8192 4 4096 0 512 0 268435456 8192 16384 0 0 0 0 0 0 0 0 0 4096 0 0 0 0 0 0 0 0 0 2052 0 33554432 0 0 2147483648 0 1 0 81920 16 0 268435456 0 0 0 0 0 0 0 0 0 0 0 0 0 0 0 0 0 0 0 0 0 1024 0 0 0 4194304 0 2048 0 0 0 0 0 0 0 0 0 0 0 0 4608 0 0 0 0 134218240 0 1024 4 8192 268435456 0 0 0 537919488 4 1052672 0 512 2097152 268435456 257 16384 0 0 0 0 0 0 4194304 16384 0 4096 0 0 0 0 0 0 0 0 0 2048 0 0 1048576 0 2147483648 0 0 0 4 16 0 0 0 8 0 0 0 0 0 0 0 0 0 0 0 0 0 0 0 0 0 0 0 1024 0 0 0 4194304 0 2048 4 0 0 0 0 0 128 0 0 0 33554432 131072 4352 0 0 512 0 512 0 0 8196 8192 0 0 0 0 1048576 4 0 0 576 2097152 268435456 8193
is_linear=0
shrinkage=0.05


Tree=2
num_leaves=63
num_cat=15
split_feature=10 10 10 8 10 5 10 10 0 5 5 5 5 5 5 0 5 5 0 10 6 8 0 0 6 0 10 5 5 0 6 0 5 5 6 0 0 5 5 15 10 5 5 15 6 5 15 0 5 8 19 0 5 0 6 6 0 15 0 5 5 5
split_gain=4.54046e+06 797562 693637 159829 113556 87948.7 84042.2 80614.5 43040.6 37041.7 27947.6 22857.7 22110.1 21658.4 16505.1 16095 11081.1 10049 9936.59 9789.28 9436.99 8657.22 8271.46 8264.36 8252.63 7878.82 7759.46 7212.49 7124.61 6609.53 6250.04 5820.66 5794.85 5785.64 5766.74 5450.37 5405.41 5398.18 4860.3 4787.03 4754.55 4715.72 4566.1 3992.69 3793.02 3736.64 3666.7 3478.15 3280.31 3105.05 3090.38 3073.6 3001.04 2949.18 2918.16 2889.51 2889.31 2816.69 2751.76 2739.44 2648.51 2582.37
threshold=3.303571462631226 10.875000000000002 1.053571403026581 29.785714149475101 5.6607141494750985 3.5000000000000004 1.9107143282890322 0.44642856717109686 0 16.500000000000004 7.5000000000000009 4.5000000000000009 53.500000000000007 4.5000000000000009 2.5000000000000004 1 1.0000000180025095e-35 16.500000000000004 2 0.73214286565780651 1.5000000000000002 16.071428298950199 3 4 2.5000000000000004 5 0.19642857462167743 1.0000000180025095e-35 13.500000000000002 6 1.5000000000000002 7 1.0000000180025095e-35 18.500000000000004 10.500000000000002 8 9 1.5000000000000002 32.500000000000007 4.5000000000000009 7.6964285373687753 14.500000000000002 1.0000000180025095e-35 4.5000000000000009 44.500000000000007 1.0000000180025095e-35 4.5000000000000009 10 1.5000000000000002 9.2142858505249041 1.0000000180025095e-35 11 24.500000000000004 12 4.5000000000000009 79.500000000000014 13 4.5000000000000009 14 1.0000000180025095e-35 49.500000000000007 4.5000000000000009
decision_type=2 2 2 2 2 2 2 2 9 2 2 2 2 2 2 9 2 2 9 2 2 2 9 9 2 9 2 2 2 9 2 9 2 2 2 9 9 2 2 2 2 2 2 2 2 2 2 9 2 2 2 9 2 9 2 2 9 2 9 2 2 2
left_child=2 4 5 9 11 7 14 15 17 21 24 27 33 20 30 42 26 -7 52 56 32 37 -18 38 35 41 58 36 49 -10 45 -20 53 -5 43 48 -2 51 -11 -22 57 -15 -1 -13 -30 -4 -29 -24 -6 -12 -25 -3 -16 -8 -27 -14 -9 -26 -17 -21 -19 -23
right_child=1 3 6 12 10 8 13 19 29 23 28 34 55 25 18 16 22 60 31 59 39 61 47 50 40 54 -28 46 44 -31 -32 -33 -34 -35 -36 -37 -38 -39 -40 -41 -42 -43 -44 -45 -46 -47 -48 -49 -50 -51 -52 -53 -54 -55 -56 -57 -58 -59 -60 -61 -62 -63
leaf_value=-0.021712722565981057 -0.0034664716111569324 0.029278064106647829 -0.013337101966612089 0.21681092372809335 0.00064943196111051898 0.095865892682684528 -0.02357136216299275 -0.0015286335375358803 0.042239538611960496 0.22098343652392943 0.11755718720984457 0.072086333948746181 0.32774047930089734 0.099991009321574051 0.12231864742258187 -0.034013086257541035 0.0070583468834538561 0.19041430283830593 0.041003997005303092 -0.022278532636625693 0.026934511932574141 0.15189273644790813 -0.013226715721611571 0.18127142936536089 0.089297527247463426 0.045154467567699877 -0.040916376317454484 0.055586112981523619 0.15226752081601291 -0.0056528112541219325 0.0044292676707902044 0.011211580457510261 0.022955534555573798 0.27936696280768064 0.11845551967900506 0.086801923530511041 0.044619090873539283 0.15549983964728323 0.26819624091125771 0.043858219744816802 0.11948743954627472 0.24750316267146297 0.017452375157218859 0.092657071553301246 0.29098941385847382 -0.0021620621298108211 0.074662061741760238 -0.038103558263679914 0.069889674644689551 0.14177207306916972 0.21827710706860515 0.12217829208218496 0.326887546585797 0.0077209986658496287 0.068039022680779063 0.37289332374779427 -0.029632000405607657 0.11480137249410421 -0.049155638034764262 -0.013484038191229323 0.33113618232258935 0.19225554272984613
leaf_weight=31291.359419345856 6953.2782611846924 1110.416236281395 151390.2044904232 4501.7906280755997 3373.4102478027344 8408.3112199306488 8999.211217880249 9338.3325351476669 9488.4789366722107 25198.144791483879 43557.195154905319 62956.052532076836 9437.5133635997772 2385.7043050527573 485.98898220062256 31274.554401397705 11267.53396987915 1636.2968324422836 19675.513811707497 188783.20569479465 134068.33778810501 4859.5058391094208 14931.236994504929 18332.11954843998 40247.598987221718 50703.921761035919 507000.5884282589 100606.096398592 29378.730576276779 29819.043851971626 159899.1455899477 98270.596207380295 96028.081921577454 20654.383035182953 10667.120445847511 22654.715506672859 36824.951466083527 46830.459775805473 6955.8491094112396 60703.761276006699 36196.280518651009 700.98552358150482 9764.1240828037262 37723.236248850822 501.16540277004242 147865.84354150295 33605.344584107399 248612.31036496162 3470.185228228569 19019.31722176075 8149.9492737054825 5013.1341105699539 284.07502245903015 45837.133077502251 19207.516773104668 5673.0635647773743 472956.02928984165 14809.512827515602 878231.19627916813 166772.09403765202 420.2346156835556 21473.794234633446
leaf_count=25715 5038 687 119106 1249 2383 4329 7160 7245 6152 6566 19255 34570 1245 1229 220 26875 8364 524 12562 153915 89768 1776 12037 5654 20432 31516 443337 59874 11271 22907 118867 70156 65434 3769 4814 11949 23227 17172 1374 38720 16084 193 6981 19312 102 111782 18973 215215 1895 7484 2208 2157 45 33445 10915 529 397166 7004 790137 132186 61 6602
internal_value=-0.000103382 0.118359 -0.0224016 0.209248 0.0861323 -0.0359062 0.0131044 -0.037181 0.0299241 0.183661 0.11382 0.0657295 0.296887 0.0301643 0.000745505 -0.0433392 -0.04409 0.119983 0.0173639 -0.0244481 0.0249378 0.161378 -0.0349019 0.213792 0.0979798 0.0549112 -0.0458729 0.0546141 0.134508 0.00591577 -0.00355123 0.0161845 0.0155504 0.268172 0.0834978 0.0749894 0.0369911 0.149727 0.231125 0.032209 0.105412 0.13306 -0.0123952 0.0797939 0.154594 -0.00781539 0.0603626 -0.0366947 0.0357069 0.124917 0.192587 0.10558 0.195248 0.00258271 0.0514344 0.344693 -0.0290885 0.0961577 -0.0486359 -0.0181535 0.21917 0.184807
internal_weight=4.29724e+06 680734 3.6165e+06 178190 502544 2.61999e+06 996506 2.57022e+06 49772.4 137923 213208 289336 40266.8 418635 577871 1.73237e+06 1.69132e+06 10464.8 118716 837850 345637 79287.3 274811 58636.1 120752 72998.1 1.41651e+06 177990 92456.4 39307.5 459155 117946 150864 25156.2 111346 29498.3 43778.2 52954 32154 194772 91253.4 3086.69 41055.5 100679 29879.9 299256 134211 263544 6843.6 62576.5 26482.1 6123.55 770.064 54836.3 69911.4 15110.6 482294 55057.1 909506 355555 2056.53 26333.3
internal_count=3278919 314655 2964264 50988 263667 2253146 711118 2219173 33973 44196 97859 165808 6792 278380 432738 1528661 1495965 4914 82983 690512 234527 28394 235616 15802 59747 43853 1260349 107112 38112 29059 349755 82718 106039 5018 58696 16227 28265 20016 7940 128488 43520 1422 32696 53882 11373 230888 78847 227252 4278 26739 7862 2844 265 40605 42431 1774 404411 27436 817012 286101 585 8378
cat_boundaries=0 95 190 269 365 457 550 644 739 834 929 1019 1113 1208 1302 1394
cat_threshold=0 0 0 0 0 0 0 65536 0 0 4096 0 0 0 0 0 0 0 0 0 2048 0 0 0 0 2147483648 0 0 0 0 0 0 0 0 0 0 0 0 0 0 0 0 0 0 0 0 0 0 0 0 0 0 0 0 0 0 0 0 4194304 0 2048 4 0 0 0 0 0 128 0 0 0 0 0 4352 0 0 0 0 512 0 0 4 8192 0 0 0 0 1048576 4 4096 0 0 2097152 0 8193 16384 0 0 0 0 0 0 0 16384 0 0 0 0 0 0 0 0 0 0 0 0 1024 0 1048576 0 2147483648 0 1 0 65536 16 0 0 0 8 0 0 0 0 0 0 0 0 0 0 0 0 0 0 0 0 0 0 0 32 0 512 0 4194304 32896 0 4 0 0 0 0 0 16777216 0 0 0 0 262144 4608 0 16384 0 0 512 0 1024 0 8192 268435520 0 0 0 1048576 68 4096 0 0 2097152 268435456 1 0 0 0 0 0 0 0 0 0 0 0 0 0 0 0 0 0 0 0 0 0 0 0 0 0 0 0 0 0 0 0 0 0 0 0 0 0 0 0 0 0 0 0 0 0 0 0 0 0 0 0 0 0 0 0 0 0 0 0 0 0 0 0 0 0 0 0 0 0 0 0 0 0 256 0 0 0 0 512 0 0 0 0 0 0 0 4259840 0 0 4096 0 16777216 0 0 0 0 8192 0 16 2048 0 2 0 0 0 0 32768 0 16384 0 33554432 0 0 0 0 0 0 0 0 0 0 0 0 0 0 0 0 0 2048 0 0 0 0 0 0 0 0 536870912 0 2048 0 0 0 0 0 0 128 16384 32768 0 33554432 0 320 128 0 0 0 134217728 67108864 0 8196 0 0 0 0 32 8192 0 537395200 0 16 0 0 8192 1 0 0 0 0 0 0 0 0 0 0 0 0 0 0 0 0 0 0 0 0 0 0 0 0 0 0 0 0 0 0 0 0 0 0 0 0 0 0 0 0 0 0 0 0 0 0 0 0 0 0 0 0 0 0 0 0 0 0 0 0 0 0 0 0 0 0 0 0 0 0 0 0 0 256 0 0 0 0 512 0 0 0 0 0 0 0 0 0 0 0 0 64 0 0 0 0 0 0 0 0 0 0 0 0 0 0 0 0 0 0 0 0 0 0 0 0 0 0 0 0 0 0 0 0 0 0 0 0 0 0 0 0 0 0 0 0 0 0 0 0 0 0 0 0 0 0 1024 0 0 0 4194304 0 0 0 0 0 0 0 0 0 0 0 0 33554432 0 256 0 0 0 0 512 0 0 0 0 0 0 0 0 0 0 0 0 64 2097152 0 0 0 0 0 0 0 0 16384 0 0 0 0 0 0 0 0 0 0 0 0 0 33554434 1048576 0 0 0 0 0 81924 16 33554432 268435456 0 0 0 0 0 0 0 0 0 0 0 0 0 0 0 0 0 0 0 0 0 1056 0 0 0 0 32896 0 0 0 0 0 0 0 0 16384 0 0 33554432 0 576 128 16384 0 0 134217728 67108864 1024 0 0 268435456 524288 0 0 8396800 64 537919488 0 16 0 268435456 0 0 0 0 0 0 0 65536 16384 0 4096 0 0 0 0 0 0 0 0 0 2048 0 0 0 0 2147483648 0 0 0 16388 16 0 0 0 0 0 0 0 0 0 0 0 0 0 0 0 0 0 0 0 0 0 0 0 1024 0 512 0 4194304 4 2048 4 0 0 0 0 0 0 0 0 0 33554432 0 4608 0 0 0 0 134217728 0 1024 4 8192 268435456 524288 0 0 537919488 4 4096 0 0 2097152 268435456 8449 0 0 0 0 0 0 0 65536 0 0 0 0 0 0 0 0 0 8192 0 0 0 0 2 0 0 2147483648 0 1 0 16384 0 0 0 0 0 0 0 0 0 0 0 0 0 0 0 0 0 0 0 0 0 0 0 0 1024 0 0 512 64 0 0 0 0 0 0 0 0 16777216 0 0 0 33554432 262144 4608 0 2147500032 0 0 536871424 0 2147483648 8196 0 0 0 0 0 8396800 4 536870912 0 16 0 268435456 8193 0 0 0 0 0 0 0 0 0 0 0 262144 0 0 0 0 0 1 0 0 2048 0 2 0 0 2147483648 0 0 0 0 0 0 8192 0 0 0 0 0 0 0 0 0 0 0 0 0 0 0 268435968 10240 0 4 0 2147483648 1024 0 0 0 32768 32900 0 0 0 0 0 0 0 0 0 32768 0 33554432 0 4096 0 0 0 8 512 0 0 8196 0 268435520 0 0 196640 512 0 536870912 0 0 0 0 8192 0 0 0 0 0 268435456 0 0 0 0 0 0 0 0 0 0 0 16777216 262176 0 0 0 33554432 0 0 0 0 0 0 0 0 0 8192 268435456 0 0 0 0 0 0 0 0 0 0 0 0 0 0 4096 0 0 0 0 2147483648 1024 8192 0 8704 32832 4 0 4096 0 0 0 16777224 0 0 0 0 0 0 131080 0 0 2147483648 512 0 536870912 0 2147483648 0 0 128 524288 0 131072 545260032 0 1048576 0 0 0 0 0 0 0 0 0 0 0 0 0 0 0 0 0 0 0 0 0 0 0 0 0 2147483648 0 0 0 0 0 0 0 0 0 0 0 0 0 0 0 0 0 0 0 0 0 0 0 0 0 0 0 0 1024 0 512 0 0 0 0 0 0 0 0 0 0 0 0 0 0 0 0 4608 0 0 0 0 512 0 0 4 0 0 0 0 0 0 4 0 0 16 0 268435456 0 0 16777216 0 0 0 0 0 0 0 0 0 0 134217728 0 0 0 0 0 0 0 0 8388610 0 0 2147483648 0 0 0 0 0 0 0 524288 0 0 0 0 0 0 0 0 0 0 0 0 0 0 268436224 0 0 4 0 2147483648 8224 0 0 0 4194304 32900 0 0 0 8192 0 16777216 0 0 0 32768 0 33562624 0 0 0 0 0 8 512 0 0 8196 0 0 524288 0 65536 16 4 0 0 0 0 0 8193 16384 0 0 0 0 0 0 4259840 16384 0 4096 0 16777216 0 0 0 0 0 0 0 2048 0 0 0 0 0 0 1 0 65536 0 0 0 0 8 0 0 0 0 0 0 0 0 0 0 0 0 0 0 0 0 0 0 0 0 0 0 0 4194304 128 2048 4 0 0 0 0 0 128 0 0 0 0 0 320 0 16384 0 0 134218240 0 1024 4 8192 192 0 0 0 1048576 64 536875008 0 16 2097152 268435456 0 0 0 0 0 0 0 0 0 67108864 4096 0 16777216 0 0 0 0 8192 0 0 0 0 33554432 0 0 0 0 32768 0 0 0 0 0 0 0 0 0 0 0 0 0 0 0 0 0 0 0 0 4096 2048 0 0 0 0 0 0 8 512 0 0 64 4096 0 0 0 0 0 0 16384 32768 0 33562624 131072 320 0 8192 2147483648 0 671088640 0 2181038080 4 0 0 0 0 196640 0 0 536870912 0 2097168
is_linear=0
shrinkage=0.05


Tree=3
num_leaves=63
num_cat=0
split_feature=10 10 10 8 10 5 10 10 5 5 5 5 5 5 5 5 6 5 6 10 5 10 5 8 5 6 6 6 6 5 10 6 5 6 15 5 6 6 10 6 5 6 10 10 15 19 5 5 5 15 19 6 6 8 5 10 8 15 6 6 19 15
split_gain=3.89892e+06 689000 578120 147320 96125.4 80096 71310.8 65036.6 27709.4 25683.9 21499 20980.2 19831.2 18950 18290.5 12053.9 8544.28 8411.19 7980.74 7757.07 7685.24 7613.52 7565.63 7243.74 7066.12 7042.73 6786.03 6368.47 5803.16 5614.23 5069.91 4766.35 4618.38 4594.97 4485.75 4356.17 4325.27 4129.94 4064.25 3913.53 3681.34 3669.71 3571.32 3426.4 3394.34 3149.54 3140.67 3046.11 2964.5 2908.84 2892.62 2771.22 2752.52 2751.05 2691.16 2689.14 2590.32 2502.62 2489.5 2343.2 2298.49 2286.24
threshold=3.0178571939468388 10.160714626312258 0.94642856717109691 26.071428298950199 5.4107141494750985 4.5000000000000009 1.6250000000000002 0.41071428358554846 53.500000000000007 16.500000000000004 3.5000000000000004 4.5000000000000009 5.5000000000000009 13.500000000000002 1.5000000000000002 1.5000000000000002 2.5000000000000004 12.500000000000002 1.5000000000000002 1.0000000180025095e-35 15.500000000000002 0.66071426868438732 21.500000000000004 14.642857074737551 6.5000000000000009 1.0000000180025095e-35 21.500000000000004 4.5000000000000009 1.0000000180025095e-35 1.0000000180025095e-35 0.19642857462167743 11.500000000000002 1.0000000180025095e-35 4.5000000000000009 4.5000000000000009 1.0000000180025095e-35 9.5000000000000018 1.0000000180025095e-35 2.2321428060531621 54.500000000000007 49.500000000000007 2.5000000000000004 0.053571430966258056 61.875000000000007 4.5000000000000009 1.0000000180025095e-35 49.500000000000007 1.0000000180025095e-35 3.5000000000000004 4.5000000000000009 1.0000000180025095e-35 2.5000000000000004 39.500000000000007 36.857143402099616 1.0000000180025095e-35 6.8392858505249032 1.6428571343421938 4.5000000000000009 2.5000000000000004 1.5000000000000002 1.0000000180025095e-35 3.5000000000000004
decision_type=2 2 2 2 2 2 2 2 2 2 2 2 2 2 2 2 2 2 2 2 2 2 2 2 2 2 2 2 2 2 2 2 2 2 2 2 2 2 2 2 2 2 2 2 2 2 2 2 2 2 2 2 2 2 2 2 2 2 2 2 2 2
left_child=2 4 5 9 12 7 15 14 22 23 18 28 16 27 25 37 29 34 32 -16 33 56 48 35 51 30 60 42 47 -2 -1 57 -8 -12 50 -3 -26 -4 -20 61 -22 -27 -7 -10 -18 -25 -15 -6 58 -37 -13 -17 -33 -24 -23 -30 -9 -14 -5 -21 -11 -19
right_child=1 3 6 8 11 13 10 21 43 26 20 17 31 46 19 24 44 39 38 59 40 54 53 45 36 41 -28 -29 55 -31 -32 52 -34 -35 -36 49 -38 -39 -40 -41 -42 -43 -44 -45 -46 -47 -48 -49 -50 -51 -52 -53 -54 -55 -56 -57 -58 -59 -60 -61 -62 -63
leaf_value=-0.04776454579972339 0.01986207656618778 0.084911632072168952 -0.015982033773304212 0.062384104348111327 0.025361824039644473 0.054698488000799905 -0.00078140694769862715 -0.030334072490880545 0.27849172999513511 0.15671198857440316 0.032948240694720028 0.087767480640641493 0.064659776003131567 0.14048993610030011 0.011974604558130179 0.00037565946701344785 0.050923778513806708 0.11217112363531977 0.016046745655502674 -0.031442239761849441 0.10514768018889319 -0.024161484427234925 0.22252472315591862 0.14223504092467157 0.039095194659929229 -0.037809421250011986 0.20025258098623455 0.086292416410681097 0.073100524031856406 0.044685811809750314 -0.041077168650123792 0.10819899970347867 0.014902251244442392 0.057004760390751801 0.11597886010259846 0.12444145389241286 0.16251322931801876 -0.0051627102681567867 0.03024476439877892 0.29248420450008039 0.29400833871752702 -0.013203622106818986 0.0059892176978595182 0.32354512340460428 0.06768322397634878 0.17210983809830474 0.28597919414283329 0.073392810647334147 0.2015472316646291 0.1498473428718686 0.10826309971510489 0.015895477631553082 0.27401399715255786 0.25451087273238265 -0.015406193291090001 0.092798074003377765 0.006618458873988777 0.082280006999721544 0.1748105358322404 -0.00097060081082180451 0.18299965968395937 0.13840322832592347
leaf_weight=885899.12969183922 31986.013250589371 5570.1384383440018 158933.15645098686 758.17032063007355 7496.1928256750107 5340.0819821357727 78588.143195271492 450322.2547672987 8185.8835501670837 24580.61692905426 90524.176164031029 51300.344947695732 49745.436450839043 3153.6461842060089 16417.413707137108 134240.47383284569 99036.042065501213 13930.511157155037 106594.14344763756 46394.426161408424 2152.5264730453491 192333.63409781456 13727.279871463776 20223.515419721603 7684.7744632959366 206251.46529352665 22809.603329181671 4595.0623046159744 36482.825261116028 79111.87145447731 416745.09585368633 6948.9734692573547 116554.87101101875 25424.974209666252 36189.766495704651 42245.782073616982 782.15037441253662 198194.89819693565 95617.531034350395 364.61454391479492 293.16832482814789 16354.473650813103 12742.893965482712 8710.8228404521942 43473.759553313255 15648.694025397301 420.38372552394867 5898.3311825990677 7810.9780859947205 15363.97597694397 25909.704281210899 36606.854248285294 259.62933278083801 13173.138558387756 161438.32278645039 33000.619474649429 4792.9435822963715 33873.807523608208 1404.6537011861801 7301.9205874204636 12566.352815747261 20572.401718616486
leaf_count=827295 21521 2545 127613 303 4653 3066 59153 390571 1060 6894 56848 22734 25978 1172 12202 100002 56918 5334 74061 40104 1004 161662 2597 6316 4812 186844 5213 2353 18436 46837 377823 2873 80860 14349 14643 15063 301 153133 61358 56 49 13924 9186 818 23422 4493 58 3002 1779 5055 10871 25988 53 2007 130886 14731 3697 16361 380 5734 3170 7257
internal_value=-0.000136143 0.100272 -0.0228651 0.177151 0.0718519 -0.0362687 0.00809642 -0.0372171 0.248695 0.152957 0.0213717 0.0967948 0.0551131 0.0505945 -0.0430727 -0.00466674 0.0479332 0.108057 0.0157993 -0.0181026 0.0400734 -0.0256681 0.224398 0.137323 0.00591063 -0.0442206 0.178786 0.0337301 0.0766467 0.0375389 -0.0456251 0.0751606 0.00858612 0.0382233 0.101454 0.127135 0.0504962 -0.00997765 0.0227604 0.129534 0.127787 -0.0360017 0.0203735 0.301718 0.0560364 0.155267 0.157603 0.0465125 0.187203 0.131217 0.0946453 0.00370104 0.114171 0.238188 -0.0201661 0.0824557 -0.0299449 0.0717977 0.1354 -0.0272985 0.165605 0.127812
internal_weight=4.27106e+06 788360 3.48269e+06 212780 575581 2.4305e+06 1.05219e+06 2.40425e+06 53770.9 159009 515750 231145 344436 26252.1 1.59536e+06 536442 253608 148267 397355 70113.8 118395 808887 36874.2 99052.1 179314 1.52525e+06 59956.6 22678 82878 111098 1.30264e+06 90827.8 195143 115949 113400 63179.9 8466.92 357128 202212 34867.5 2445.69 222606 18083 16896.7 142510 35872.2 3574.03 13394.5 9973.8 57609.8 77210 170847 7208.6 26900.4 353772 69483.4 455115 83619.2 2162.82 53696.3 37147 34502.9
internal_count=3279481 353373 2926108 57693 295680 2166577 759531 2150742 8944 48749 347682 101717 193963 15835 1463926 411849 148698 60895 275432 58040 72250 686816 7066 33472 131103 1405886 15277 14605 40822 68358 1205118 45265 140013 71197 48248 22663 5113 280746 135419 12647 1053 200768 12252 1878 80340 10809 1230 7655 2462 20118 33605 125990 2926 4604 292548 33167 394268 42339 683 45838 10064 12591
is_linear=0
shrinkage=0.05


Tree=4
num_leaves=63
num_cat=16
split_feature=10 8 10 8 10 5 10 10 0 6 5 6 5 5 0 5 6 5 5 0 0 0 5 5 5 6 0 5 6 0 10 5 0 6 0 5 6 10 0 10 0 5 0 15 5 15 15 0 0 15 5 15 5 19 0 5 0 5 5 6 5 5
split_gain=3.37588e+06 602973 472257 115849 100154 71411.6 67266.9 43303.3 28176.7 26715.7 23644.1 16887.1 16271.2 16134.8 15618 12018.9 9749.83 9726.56 8620.63 8485.19 8285.94 7407.45 7059.53 6802.48 6515.53 6195.74 6069.18 5679.98 5624.88 5327.83 5127.83 4990.38 4783.75 4595.62 4593.23 4536 4454.19 4359.05 4322.79 4307.73 3820.98 3516.76 3466.6 3373.55 3354.92 3238.28 3185.4 3111.66 3032.86 3009.91 3008.57 2924.42 2867.14 2752.48 2731.99 2727.27 2670.76 2669.01 2667.15 2594.47 2572.96 2536.09
threshold=2.7321428060531621 10.500000000000002 0.80357143282890331 30.785714149475101 4.8750000000000009 3.5000000000000004 1.5178571343421938 0.37500000000000006 0 16.500000000000004 8.5000000000000018 56.500000000000007 2.5000000000000004 3.5000000000000004 1 2.5000000000000004 6.5000000000000009 1.0000000180025095e-35 7.5000000000000009 2 3 4 20.500000000000004 1.0000000180025095e-35 8.5000000000000018 1.0000000180025095e-35 5 9.5000000000000018 1.0000000180025095e-35 6 0.19642857462167743 6.5000000000000009 7 1.5000000000000002 8 37.500000000000007 1.0000000180025095e-35 14.982142925262453 9 8.0535712242126483 10 1.0000000180025095e-35 11 4.5000000000000009 1.0000000180025095e-35 4.5000000000000009 4.5000000000000009 12 13 4.5000000000000009 1.0000000180025095e-35 4.5000000000000009 82.000000000000014 1.0000000180025095e-35 14 36.500000000000007 15 40.500000000000007 1.0000000180025095e-35 1.0000000180025095e-35 1.0000000180025095e-35 8.5000000000000018
decision_type=2 2 2 2 2 2 2 2 9 2 2 2 2 2 9 2 2 2 2 9 9 9 2 2 2 2 9 2 2 9 2 2 9 2 9 2 2 2 9 2 9 2 9 2 2 2 2 9 9 2 2 2 2 2 9 2 9 2 2 2 2 2
left_child=2 4 5 9 13 7 15 14 24 18 16 31 29 25 44 28 23 30 32 -19 35 61 -11 26 -7 41 -6 45 60 -8 42 -5 53 50 -22 -14 58 -20 -29 -12 -21 47 -16 -36 -1 -15 -30 -2 -35 -27 -9 -38 -13 -3 -25 -26 -23 -41 -31 -28 -4 -17
right_child=1 3 6 11 10 8 12 33 -10 22 39 52 20 27 17 21 -18 19 37 40 34 56 -24 54 55 49 59 38 46 36 -32 -33 -34 48 43 -37 51 -39 -40 57 -42 -43 -44 -45 -46 -47 -48 -49 -50 -51 -52 -53 -54 -55 -56 -57 -58 -59 -60 -61 -62 -63
leaf_value=-0.018055185290108841 0.03027487679919998 0.097754906643837985 -0.0211899546711556 0.12142832710602103 0.065420491230550729 0.057654167390056632 0.021709323129047206 -0.032233596697859968 -0.00203333719245789 0.1466014573772158 0.093567020392409939 0.25197375529120808 0.09595016426387952 0.046881619917989906 -0.032013667875886838 0.047019322624631495 0.087219294339852399 0.011879866275170093 0.12284378506317083 -0.011200399599490318 0.040861937257787695 0.023536106868154456 0.17839599616300073 0.075868363151922788 0.11446015389739186 0.036008184096982865 -0.0092001260001562304 0.24689266186239728 -0.010029005257600117 -0.011492507768113487 -0.040809254248287408 0.20981181310422775 0.069323432812697511 0.02677090206448391 0.015685114340245693 0.30492910163306419 0.0069383112043900734 0.14751564054544095 0.076784106345319306 0.11260379547275351 -0.038198821324183375 0.032997326862966803 -0.04856089763163865 0.032871840270288104 0.019344306751973406 0.062463218848175101 0.0012660067936570991 -0.0088846374579969762 -0.019590091304715822 0.05116207830498827 -0.024849094305452814 0.020977497592778657 0.29608951092866814 0.13031106059459369 0.05831477687600526 0.21870239984398349 0.00077664992682709773 0.19052750067562457 0.0062918732813019964 0.038945649176781505 -0.010844137983017747 0.12964161109149921
leaf_weight=24400.007226109505 7815.1748017072678 14239.334620833397 141929.39954602718 1691.8695508241653 11558.438365101814 7826.1960052251816 73218.064955711365 399831.23816144466 23438.646445631981 36288.624987602234 53300.704118132591 9538.1235709190369 2040.0165649652481 89767.148008108139 33117.936587929726 3855.8821223974228 78291.913352012634 9552.4313811063766 49187.902253866196 14106.3792501688 45912.764100670815 15621.320806741714 33645.86186170578 69633.878847360611 5379.3060672283173 127883.52811539173 5864.3384722471237 374.47233784198761 203161.13284862041 44200.958899021149 365163.81615746021 28511.453253746033 8653.7881734371185 3665.50981092453 74474.022704124451 297.53299617767334 133119.83671581745 28148.358949184418 21968.247770190239 44120.185223340988 190229.83525562286 22287.950610041618 805335.6216622591 46304.926542401314 7950.2068464756012 53051.52565407753 90105.979598522186 14415.792967796326 89539.321324706078 44056.185646414757 210570.05256605148 51421.730032801628 5999.6719655990601 11933.09299325943 33197.809230327606 710.30445492267609 73516.300596475601 1126.9522109031677 40306.12636089325 5351.7099432945251 104227.77506232262 1223.4741779565811
leaf_count=21163 4995 5104 118747 485 5804 4165 49306 358488 17797 9580 20674 1080 925 48658 30374 2300 32566 7051 14902 11778 27005 10317 6742 31496 2021 76026 3996 76 160809 34665 344027 4298 3623 2703 48946 30 94172 6982 10086 14547 176783 13502 789065 28961 5658 26502 69649 10609 77165 24443 182947 35008 486 3900 16170 114 54304 243 28796 2943 82988 463
internal_value=-0.000189868 0.0850635 -0.0234958 0.155513 0.0615991 -0.0370962 0.00252822 -0.0382851 0.0314446 0.137644 0.0830897 0.226651 0.0160199 0.0445672 -0.0432244 -0.00835843 0.0733706 -0.0440082 0.122522 -0.0341834 0.0287123 0.00811869 0.161898 0.0647385 0.0877704 0.0355867 0.0400135 0.056337 -0.0112364 0.00975169 -0.0457545 0.204861 0.101865 -0.0281071 0.0273948 0.122028 0.00649653 0.131824 0.0797801 0.103199 -0.0363356 0.0189623 -0.0479083 0.0222724 -0.00886136 0.0526696 -0.00655863 0.0048913 -0.0177661 0.0398911 -0.0296862 0.0108503 0.269008 0.112556 0.0702145 0.126619 0.00476743 0.114545 -0.00301015 0.0137602 -0.0168093 0.0667892
internal_weight=4.24766e+06 911904 3.33575e+06 227838 684066 2.19082e+06 1.14494e+06 2.15346e+06 37354.5 182097 302446 45741.1 511296 381620 1.44986e+06 633641 203898 1.41751e+06 112162 213889 169029 94217 69934.5 125606 13915.8 216459 22774.5 165161 539424 342267 1.20362e+06 30203.3 34826.2 703606 166692 2337.55 269049 77336.3 22342.7 98547.8 204336 44518.9 838454 120779 32350.2 142819 293267 22231 93204.8 171940 610401 184542 15537.8 26172.4 102832 6089.61 89137.6 45247.1 84507.1 11216 246157 5079.36
internal_count=3279208 400518 2878690 57182 343336 2031299 847391 2007202 24097 50833 128439 6349 347814 214897 1385899 499577 92975 1359078 34511 195612 105867 67384 16322 60409 6300 129575 12743 85322 432193 241947 1163466 4783 12627 621303 104912 955 192641 21884 10162 35464 188561 29106 819439 77907 26821 75160 230458 15604 79868 100469 541435 129180 1566 9004 47666 2135 64621 14790 63461 6939 201735 2763
cat_boundaries=0 95 190 286 379 474 569 664 760 855 929 1019 1111 1206 1301 1396 1491
cat_threshold=0 0 0 0 0 0 0 65536 16384 0 4096 0 0 0 0 0 0 0 0 0 2048 0 33554434 0 0 2147483648 0 0 0 16384 0 0 0 0 0 0 0 0 0 0 0 0 0 0 0 0 0 0 0 0 0 0 0 0 0 0 0 0 4194304 0 2048 4 0 0 0 0 0 128 16384 0 0 33554432 0 4352 0 0 0 0 134218240 0 1024 4 8192 268435456 0 0 0 9437184 4 4096 0 16 2097152 268435456 8193 16384 0 0 0 0 0 0 0 0 0 0 0 0 0 0 0 0 0 0 0 0 1024 0 1048576 0 2147483648 0 32768 0 65536 16 0 0 0 0 0 0 0 0 0 0 0 0 0 0 0 0 0 0 0 0 0 0 0 0 0 512 0 64 32896 0 4 0 0 0 0 0 16777216 16384 0 0 0 262144 4864 0 16384 0 0 512 0 33555456 0 8192 268435520 0 0 0 1048576 68 4096 0 0 2097152 268435456 1 0 0 0 0 0 0 0 4259840 16384 0 4096 0 16777216 0 0 0 0 8192 0 16 2048 0 2 0 0 0 0 0 0 16384 0 33554432 0 0 0 0 0 0 0 0 0 0 0 0 0 0 0 0 0 2048 0 0 0 0 32 0 0 0 4194304 0 2048 0 0 0 0 16777216 0 128 0 32768 0 33554432 8 64 128 0 0 0 134217728 67108864 0 8196 0 0 0 0 32 8192 0 536870912 0 16 0 0 8192 1 0 0 0 0 0 0 0 0 0 0 0 0 0 0 0 0 0 0 0 0 0 0 0 0 0 0 0 0 0 0 0 0 0 0 0 0 0 0 0 0 0 0 0 0 0 0 0 0 0 0 0 0 0 0 0 0 0 0 4194304 0 0 0 0 0 0 0 0 0 0 0 0 0 0 256 0 0 0 0 512 0 0 0 0 0 0 0 0 0 0 0 0 64 2097152 0 0 0 0 0 0 0 0 0 0 4096 0 0 0 0 0 0 0 0 0 0 0 0 0 0 0 0 0 0 0 0 0 0 0 0 0 0 0 0 0 0 0 0 0 0 0 0 0 0 0 0 0 0 0 0 0 0 0 4194304 0 2048 4 0 0 0 0 0 0 0 0 0 33554432 0 768 0 0 0 0 134218240 0 0 4 8192 0 0 0 0 1048576 0 4096 0 0 2097152 268435456 8192 16384 0 0 0 0 0 0 4194304 16384 0 4096 0 16777216 0 0 0 0 16777216 0 16 0 0 0 0 0 1024 0 32768 0 65540 16 33554432 0 0 8 0 0 0 0 0 0 0 0 0 0 0 0 0 0 0 0 0 0 0 0 8192 512 0 0 0 2048 0 0 0 0 8 0 128 16384 0 0 0 131072 64 0 0 0 0 0 67108864 2147484672 0 0 0 0 0 0 1048576 0 4096 0 576 0 0 256 16384 0 0 0 0 0 0 4194304 16384 67108864 4096 0 16777216 0 0 0 0 0 0 16 2048 0 0 0 0 0 0 1 0 81924 16 33554432 0 0 0 0 0 0 0 0 0 0 0 0 0 0 0 0 0 0 0 0 0 0 0 0 0 512 0 0 2048 4 0 0 0 0 0 16777344 0 0 0 0 0 768 0 0 32768 0 512 0 1024 0 8192 0 0 0 0 1056768 64 4096 0 512 2097152 0 256 16384 0 0 0 0 0 0 4194304 16384 0 4096 0 0 0 0 0 0 0 0 0 2048 0 33554432 0 0 2147483648 0 0 0 4 16 33554432 0 0 0 0 0 0 0 0 0 0 0 0 0 0 0 0 0 0 0 0 0 0 0 0 512 0 4194304 0 2048 4 0 0 0 0 0 128 16384 0 0 0 0 320 0 0 0 0 0 0 0 0 0 268435456 0 0 0 1048576 0 0 0 576 2097152 0 8192 1 0 0 0 0 0 0 0 4259840 16384 0 4096 0 0 0 0 0 0 0 0 16 0 0 0 0 0 2147483648 0 0 0 16384 16 0 0 0 0 0 0 0 0 0 0 0 0 0 0 0 0 0 0 0 0 0 0 0 1024 0 512 0 0 0 2048 4 0 0 0 0 0 16777344 0 0 0 33554432 0 4608 0 0 0 0 134217728 0 1024 8196 8192 268435456 0 0 0 537927680 4 4096 0 16 0 268435456 8193 0 0 0 0 0 0 0 0 0 0 0 0 0 0 0 0 0 0 0 0 0 0 0 0 0 0 0 0 0 0 0 0 0 0 0 0 0 0 0 0 0 0 0 0 0 0 0 0 0 0 0 0 0 0 0 0 0 0 0 0 0 0 0 0 0 0 0 0 0 0 0 0 0 256 0 0 0 0 0 268435456 0 0 0 0 0 262144 0 0 0 0 0 16777216 32 0 0 0 0 0 0 0 0 0 0 0 0 0 8192 268435456 8 0 0 0 0 0 0 0 0 0 0 0 0 0 4096 0 0 0 0 2147483648 9216 8192 8 8192 536903680 4 0 4096 0 0 0 8 0 0 0 0 0 0 131072 0 0 0 512 0 536870912 0 2147483648 0 0 0 524288 0 196608 545260048 0 1572864 0 0 0 0 0 0 0 0 16384 67108864 4096 0 16777216 0 0 0 0 8192 0 0 0 0 33554432 0 0 0 0 0 0 0 0 0 0 0 0 0 0 0 0 0 0 0 0 0 0 0 0 0 4096 2048 0 0 0 0 32 0 8 512 4194304 0 64 4096 0 0 0 0 0 0 0 32768 0 33562624 131072 64 0 8192 2147483648 0 671088640 0 2147483648 4 0 0 0 0 196640 8388608 0 536870912 0 2097168 16384 0 0 0 0 16384 0 4194304 16384 67108864 4096 0 16777216 0 0 0 0 16777216 0 16 0 1024 33554432 0 0 1024 0 1 0 4 16 0 0 0 8 0 0 0 0 0 0 0 0 0 0 0 0 0 0 0 0 0 0 16384 0 0 512 0 64 0 0 4 0 0 0 8 0 16777344 0 0 0 0 0 256 0 0 512 0 0 0 0 0 8192 128 0 0 0 1048576 64 0 268435456 512 0 0 256 0 0 0 0 0 0 0 4259840 16384 0 4096 0 16777216 0 0 0 0 0 0 16 2048 0 2 0 0 0 0 0 0 65536 0 0 0 0 8 0 0 0 0 0 0 0 0 0 0 0 0 0 0 0 0 0 0 0 0 0 512 0 4194304 128 0 4 0 0 0 0 0 0 0 0 0 33554432 0 320 0 0 0 0 134218240 0 1024 4 8192 268435584 0 0 0 1048576 68 4096 0 16 2097152 268435456 8192 16384 0 0 0 0 0 0 4194304 16384 67108864 4096 0 16777216 0 0 0 0 16777216 0 0 2048 0 33554432 0 0 0 0 32768 0 4 16 33554432 268435456 0 0 0 0 0 0 0 0 0 0 0 0 0 0 0 0 0 0 0 0 0 0 0 0 0 4194304 0 2048 4 0 0 0 8 0 128 0 0 0 0 0 320 128 0 0 0 512 0 1024 4 8192 0 0 0 0 1048576 0 0 0 576 2097152 0 8448 0 0 0 0 0 0 0 4259840 16384 0 0 0 0 0 0 0 0 8192 0 0 2048 0 33554434 1048576 0 2147483648 0 1 0 81924 16 0 0 0 0 0 0 0 0 0 0 0 0 0 0 0 0 0 0 0 0 0 0 0 1024 0 512 0 0 4 0 0 0 0 0 0 0 128 0 0 0 0 0 4160 0 0 0 0 0 0 1024 8192 0 268435456 524288 0 0 536879104 68 1048576 0 16 0 0 257
is_linear=0
shrinkage=0.05


Tree=5
num_leaves=63
num_cat=23
split_feature=10 10 10 10 10 5 10 10 0 5 5 8 0 5 5 5 5 0 0 0 5 0 6 5 5 6 6 0 6 6 5 10 5 10 0 0 6 7 0 5 0 0 5 0 5 0 0 5 5 5 0 0 0 6 0 5 0 0 0 0 19 5
split_gain=2.94356e+06 517161 391177 100681 81004.9 69423.2 51344.9 38877.2 24164.5 21655.8 17562.7 17088.2 15704.4 14464.1 12900.4 9892.59 9110.86 7894.42 7131.44 7080.5 6480.96 6430.74 6197.34 6197.27 5688.75 5217.98 5070.88 4699.12 4690.09 4561.62 4551.24 4295.16 4139.76 4048.72 4031.1 3910.22 3861.75 3805.9 3752.44 3714.13 3551.09 3528.56 3420.56 3401.41 3197.79 3128.44 3127.65 3112.12 2997.53 2907.05 2697.11 2651.21 2614.55 2612.62 2479.18 2457.88 2291.52 2272.96 2217.59 2171.6 2065.96 2062.43
threshold=2.4821428060531621 9.4107146263122576 0.76785713434219371 24.303571701049808 4.5535714626312265 3.5000000000000004 1.4107143282890322 0.33928571641445165 0 49.500000000000007 4.5000000000000009 16.071428298950199 1 4.5000000000000009 3.5000000000000004 1.5000000000000002 1.0000000180025095e-35 2 3 4 10.500000000000002 5 2.5000000000000004 12.500000000000002 18.500000000000004 1.0000000180025095e-35 1.5000000000000002 6 23.500000000000004 18.500000000000004 87.000000000000014 0.51785713434219371 1.0000000180025095e-35 0.16071429103612903 7 8 1.0000000180025095e-35 7.5000000000000009 9 18.500000000000004 10 11 6.5000000000000009 12 1.0000000180025095e-35 13 14 1.0000000180025095e-35 1.5000000000000002 2.5000000000000004 15 16 17 36.500000000000007 18 1.0000000180025095e-35 19 20 21 22 1.0000000180025095e-35 8.5000000000000018
decision_type=2 2 2 2 2 2 2 2 9 2 2 2 9 2 2 2 2 9 9 9 2 9 2 2 2 2 2 9 2 2 2 2 2 2 9 9 2 2 9 2 9 9 2 9 2 9 9 2 2 2 9 9 9 2 9 2 9 9 9 9 2 2
left_child=2 4 5 11 13 7 15 12 24 28 25 20 47 22 26 36 33 -18 39 42 38 -15 32 37 61 34 44 -9 48 57 -11 -29 43 45 55 -23 -4 -12 -3 -16 -19 -27 -17 -2 52 -14 -20 -1 -5 -40 -22 53 -8 -25 -24 -6 -10 60 -28 -42 -13 -7
right_child=1 3 6 9 10 8 14 27 56 30 23 29 16 21 18 19 17 40 46 -21 50 35 54 51 -26 41 58 31 -30 -31 -32 -33 -34 -35 -36 -37 -38 -39 49 -41 59 -43 -44 -45 -46 -47 -48 -49 -50 -51 -52 -53 -54 -55 -56 -57 -58 -59 -60 -61 -62 -63
leaf_value=-0.018024684200295248 -0.017472318078783175 0.10034603888732291 -0.018886885993633196 0.070773879658604433 -0.022824435711865435 0.052920992333777096 -0.027162466575004166 -0.00083313787454897042 0.026841647700400623 0.21042142080450355 0.069620058612846536 0.11606725500084014 -0.031632845620752595 0.20642238326416679 0.080454568588274683 0.019386538522664531 0.013122873943350842 -0.0092636482745695279 0.042351867106936822 -0.0033754590947192107 0.12880683807716059 0.072006829286672416 0.047559272212967393 0.10614931748030176 0.15518375858894656 0.069885760260358365 0.024929541409372841 -0.033204113008434843 0.17526760890655166 0.14929652648836653 0.26011070064991626 -0.025432732164659983 0.030179009571073046 -0.041630190009893875 0.048016075224008498 0.047308480682626226 -0.0094196398968177542 0.085849719827971349 0.035499642869240081 0.23216972573933825 -0.019003113077748962 0.052157282940258287 0.075729715237391873 0.018457432812701582 0.0077604046619000229 -0.048680771204873345 0.020944214242823674 0.017353254326194233 0.14800405749281412 0.083868650018444096 0.10769906191510892 0.081430268281002582 -0.0012390627933731922 0.21574198863466601 0.034202352121462096 0.042281975099849101 -0.010937130551858716 0.087135498936579542 0.011229323305146475 -0.039687612907626069 0.13977640838811331 0.095356707889886205
leaf_weight=24736.046550989151 7877.5159862041473 46668.286885857582 209230.43498849869 1399.5611842870712 4056.4756346940994 8140.5310198068619 11019.252732872963 14763.565539598465 5264.3663076162338 16477.646626710892 96394.249167323112 18916.280641198158 28169.892777919769 662.43190240859985 1525.6902356147766 15409.172376513481 8546.3237287998199 11565.6150380373 22913.76612174511 153822.77259480953 23155.167425870895 19035.667922496796 54162.695195794106 22959.497775435448 2189.6016612052917 55998.79607629776 36552.278429389 357959.42542082071 30895.864953756332 29852.547747850418 6397.5581510066986 353257.63608932495 109210.39439451694 381245.07814830542 15163.934384822845 104546.25573313236 222008.98787689209 57771.751446843147 3950.730219244957 548.40427470207214 13917.493393003941 57206.88013625145 3264.3892642259598 40031.214794635773 133529.12115013599 686852.87263101339 67175.760472536087 8302.8222404718399 12282.970611095428 14535.38661813736 48925.814560890198 15023.898904323578 82370.54875433445 557.01070237159729 98172.015936017036 2255.7198402881622 16787.212258815765 4061.9069045782089 154267.83601951599 151695.65715658665 17866.438107132912 4416.695210814476
leaf_count=21807 6044 14975 176666 466 2963 4169 9094 12049 3495 1760 39648 4608 26642 143 661 10496 6232 9734 12735 117847 5649 8579 29266 7297 469 24624 23674 334822 4660 5938 478 315628 64641 376169 7808 52735 178672 21557 1844 81 12645 27319 1505 26455 94123 703263 42445 5847 2298 4883 13432 5307 63031 97 55858 1145 13271 1165 106462 146630 3979 1654
internal_value=-0.000233858 0.0729741 -0.0240093 0.131689 0.051729 -0.0368247 -9.84893e-05 -0.0380518 0.0312409 0.184769 0.0705036 0.11447 -0.0431792 0.0375565 0.0115838 -0.00996507 -0.0440562 -0.0338158 0.0285155 0.000154702 0.104182 0.0519671 0.0317707 0.0801851 0.0807597 0.0566511 0.0078482 -0.0287643 0.164475 0.13444 0.224318 -0.0293437 0.0248035 -0.0457915 0.0340556 0.0511184 -0.014013 0.0757019 0.0927534 0.119991 -0.0360787 0.0609377 0.0292204 0.0125498 0.00279652 -0.0480103 0.0263932 -0.00913128 0.140104 0.0734918 0.114512 0.0981183 -0.00430086 0.108699 0.0389568 0.000441227 -0.00191014 0.123582 0.0138555 -0.0379506 0.127549 0.0678467
internal_weight=4.22792e+06 1.03647e+06 3.19145e+06 275386 761086 2.07781e+06 1.11364e+06 2.04101e+06 36798.4 67453.6 327388 207933 1.31503e+06 433698 509903 603736 1.28199e+06 185725 92163.6 172496 137235 124244 309454 192706 14746.8 134682 417739 725981 44578.4 70697.2 22875.2 711217 157119 1.09627e+06 21476.1 123582 431239 154166 65154.4 2074.09 177179 113206 18673.6 47908.7 226919 715023 90089.5 33038.9 13682.5 18486.1 72081 38540.4 93389.8 23516.5 152335 6312.2 22051.6 40844.6 190820 165613 36782.7 12557.2
internal_count=3279639 447621 2832018 66135 381486 1994526 837492 1971468 23058 9662 137765 56473 1308969 243721 352306 485186 1281315 175241 55922 129848 40783 61457 182264 73906 6292 63859 296384 662499 7424 15690 2238 650450 97140 1106074 11916 61314 355338 61205 21702 742 169009 51943 12001 32499 166248 729905 55180 27654 2764 6727 19081 12701 72125 7394 85124 4108 16766 9752 130136 159275 8587 5823
cat_boundaries=0 95 190 286 379 474 548 642 738 833 928 1018 1114 1209 1301 1396 1491 1586 1681 1776 1872 1967 2062 2153
cat_threshold=0 0 0 0 0 0 0 65536 16384 0 4096 0 0 0 0 0 0 0 0 0 2048 0 33554434 0 0 2147483648 0 0 0 81920 0 0 0 0 0 0 0 0 0 0 0 0 0 0 0 0 0 0 0 0 0 0 0 0 0 0 0 0 4194304 0 2048 4 0 0 0 0 0 0 16384 0 0 33554432 0 4352 0 0 0 0 134218240 0 0 4 8192 268435456 0 0 0 9437184 68 4096 0 16 2097152 268435456 8193 16384 0 0 0 0 0 0 0 0 0 0 0 0 0 0 0 0 0 0 0 0 1024 0 1048576 0 2147483648 0 0 0 65536 16 0 0 0 8 0 0 0 0 0 0 0 0 0 0 0 0 0 0 0 0 0 0 0 32 0 512 0 0 32896 0 4 0 0 0 0 0 16777216 0 0 0 0 393216 4864 0 16384 0 0 512 0 33555456 0 8192 268435520 0 0 0 1048576 68 4096 0 0 2097152 268435456 1 0 0 0 0 0 0 0 4259840 16384 0 4096 0 16777216 0 0 0 0 0 0 16 2048 0 2 0 0 0 0 32768 0 16384 0 33554432 0 0 0 0 0 0 0 0 0 0 0 0 0 0 0 0 0 2048 0 0 0 0 0 0 0 0 4194304 0 2048 0 0 0 0 16777224 0 128 16384 32768 0 33554432 8 64 0 0 0 0 134217728 67108864 0 8196 0 0 0 0 32 8192 0 524288 0 16 0 0 8192 1 0 0 0 0 0 0 0 0 0 0 0 0 0 0 0 0 0 0 0 0 0 0 0 0 0 0 0 0 0 0 0 0 0 0 0 0 0 0 0 0 0 0 0 0 0 0 0 0 0 0 0 0 0 0 0 0 0 0 4194304 0 0 0 0 0 0 0 0 0 0 0 0 33554432 0 256 0 0 0 0 512 0 0 0 0 0 0 0 0 0 0 0 0 0 2097152 0 0 0 0 0 0 0 4259840 16384 0 4096 0 0 0 0 0 0 8192 0 0 0 0 33554432 0 0 0 0 0 0 65536 16 0 0 0 0 0 0 0 0 0 0 0 0 0 0 0 0 0 0 0 0 0 0 0 1024 0 0 0 4194304 0 2048 4 0 0 0 0 0 128 0 0 0 33554432 0 4864 0 0 0 0 134218240 0 1024 4 8192 268435456 0 0 0 1056768 4 1052672 0 0 2097152 268435456 8193 0 0 0 0 0 0 0 0 0 0 0 0 0 0 0 0 0 0 0 0 0 0 0 0 0 0 0 0 0 0 0 0 0 0 0 0 0 0 0 0 0 0 0 0 0 0 0 0 0 0 0 0 0 0 0 0 0 0 0 0 0 0 0 0 0 0 0 0 0 0 0 0 0 256 16384 0 0 0 0 0 0 4259840 16384 0 4096 0 16777216 0 0 0 0 0 0 0 0 0 0 1048576 0 0 0 1 0 65536 0 0 0 0 0 0 0 0 0 0 0 0 0 0 0 0 0 0 0 0 0 0 0 0 0 0 512 0 4194304 128 2048 4 0 0 0 0 0 128 0 0 0 0 0 256 0 16384 0 0 134218240 0 1024 4 8192 268435520 0 0 0 1048576 68 536875008 0 16 2097152 268435456 0 0 0 0 0 0 0 65536 0 0 0 0 0 0 0 0 0 0 0 0 2048 0 33554434 0 0 2147483648 0 0 0 16384 0 0 0 0 0 0 0 0 0 0 0 0 0 0 0 0 0 0 268435456 10240 0 0 0 0 1024 0 8 512 4227072 0 0 0 0 0 0 0 0 0 16384 0 0 33554432 262144 4864 0 16384 0 0 512 0 0 8196 0 268435456 0 0 0 8388608 4 0 0 0 0 268435456 8192 1 0 0 0 0 0 0 0 0 0 0 0 0 0 0 0 0 0 0 0 0 0 0 0 0 0 0 0 0 0 0 0 0 0 0 0 0 0 0 0 0 0 0 0 0 0 0 0 0 0 0 0 0 0 536870912 1024 0 0 0 4194304 0 0 0 0 0 0 8 0 0 0 0 0 33554432 0 4096 0 0 0 0 512 0 0 4 0 0 0 0 0 1048576 4 0 0 64 2097152 268435456 8193 16384 0 0 0 0 0 0 4194304 16384 0 4096 0 0 0 0 0 0 16777216 0 0 2048 0 0 0 0 2147483648 0 0 0 4 16 33554432 0 0 0 0 0 0 0 0 0 0 0 0 0 0 0 0 0 0 0 0 0 0 0 0 0 0 4194304 0 2048 0 0 0 0 8 0 128 16384 0 0 0 0 320 0 0 0 0 134217728 0 0 0 0 268435456 0 0 0 1048576 0 4096 0 576 0 0 8192 0 0 0 0 0 268435456 0 0 0 0 2 262144 0 0 0 0 0 16785408 32 0 0 524288 0 0 0 1024 0 0 0 0 0 0 268443648 268435456 0 0 0 0 0 0 0 0 0 0 0 0 0 0 4096 0 0 0 0 2147483648 1024 0 8 512 536903680 0 0 4096 0 0 0 0 0 0 0 0 0 0 0 0 128 2147483648 512 0 536870912 0 2147483648 0 0 0 524288 0 196608 545259536 0 537919488 16384 0 0 0 0 0 0 4194304 16384 0 4096 0 0 0 0 0 0 16777216 0 0 0 0 33554432 0 0 0 0 32769 0 4 16 0 0 0 8 0 0 0 0 0 0 0 0 0 0 0 0 0 0 0 0 0 0 0 0 0 512 0 4194304 0 2048 0 0 0 0 8 0 128 0 0 0 0 131072 256 0 0 512 0 512 0 0 0 0 0 0 0 0 1048576 0 0 0 576 0 0 8448 1 0 0 0 0 0 268435456 2048 0 0 0 0 0 0 0 0 0 0 1 0 0 2048 0 2 0 0 2147483648 0 0 0 0 0 0 0 524288 0 0 0 0 0 0 0 0 0 0 0 0 0 0 268435968 0 0 4 0 2147483648 8224 8192 0 0 4194304 32900 0 0 0 0 0 16777216 0 0 0 0 0 167772160 0 0 0 0 0 8 512 0 0 8196 1048576 0 524288 0 65536 16 0 524288 0 0 0 0 8193 0 0 0 0 0 0 0 0 16384 67108864 4096 0 16777216 0 0 0 0 8192 0 0 0 0 33554432 0 0 0 1024 32768 0 4 0 0 0 0 0 0 0 0 0 0 0 0 0 0 0 0 0 0 4096 2048 0 0 0 0 0 0 8 512 4194368 0 64 4096 0 0 0 0 0 0 16384 32768 0 33562624 0 64 0 8192 2147483648 0 671088640 0 2147483648 4 0 0 0 0 196608 0 0 0 0 2097168 0 0 0 268435456 0 0 0 65536 0 0 4096 0 0 0 0 0 0 8192 0 16 4 0 0 0 0 0 0 0 0 16388 16 0 0 0 0 0 0 0 0 0 0 0 0 0 0 0 0 0 0 0 0 0 0 0 1024 0 512 0 0 4 2048 4 0 0 0 0 0 128 0 0 0 0 0 4608 0 0 0 0 134217728 0 1024 8196 8192 268435456 0 0 0 537927680 4 4096 0 512 0 268435456 8193 0 0 0 0 0 0 0 0 0 0 0 0 0 0 0 0 0 0 0 0 0 0 0 0 0 0 0 0 0 0 0 0 0 0 0 0 0 0 0 0 0 0 0 0 0 0 0 0 0 0 0 0 0 0 0 0 0 0 0 0 0 0 0 0 0 0 0 0 0 0 0 0 0 256 0 0 0 0 512 0 0 0 0 0 0 0 0 0 0 4096 0 64 0 0 8193 0 0 0 0 0 0 0 0 0 0 0 0 0 0 0 0 0 0 0 0 2048 0 0 0 0 2147483648 0 0 0 4 16 33554432 0 0 0 0 0 0 0 0 0 0 0 0 0 0 0 0 0 0 0 0 0 0 0 0 512 0 4194304 0 2048 0 0 0 0 0 0 0 16384 0 0 33554432 0 4416 0 0 0 0 134218240 0 0 4 8192 268435456 0 0 0 1056768 4 4096 0 576 2097152 268435456 8193 0 0 0 0 0 0 0 0 0 2048 4 0 0 134217728 0 0 0 0 0 0 0 0 2 0 0 2147483648 0 0 0 0 0 0 0 524288 0 0 134217728 0 0 0 32768 0 0 0 0 0 0 0 268435968 0 4096 4 1048576 2147483648 8224 0 16 0 4194304 32900 0 0 0 4194312 0 0 0 0 0 0 0 33562624 0 0 0 0 0 0 0 0 0 8196 0 0 0 0 65536 16 0 0 0 0 0 0 8193 16384 0 0 0 0 0 0 4194304 16384 0 4096 0 0 0 0 0 0 0 0 0 0 0 0 0 0 0 0 1 0 4 16 0 0 0 0 0 0 0 0 0 0 0 0 0 0 0 0 0 0 0 0 0 0 536870912 0 0 512 0 4194304 0 0 4 0 0 0 8 0 128 0 0 0 0 131072 4352 128 0 0 0 512 0 0 4 8192 128 0 0 0 1056768 4 1052672 0 592 2097152 268435456 256 16384 0 0 0 0 0 0 4194304 0 0 0 0 16777216 0 0 0 0 0 0 0 0 0 0 1048576 0 0 0 0 0 4 16 33554432 268435456 0 0 0 0 0 0 0 0 0 0 0 0 0 0 0 0 0 0 0 0 0 1056 8192 512 0 0 32896 0 0 0 0 0 0 0 128 0 32768 0 0 8 576 128 0 512 0 0 67108864 2147484672 8192 0 0 524288 0 0 536879104 0 538443776 0 0 0 0 0 1 0 0 0 0 0 0 0 0 0 0 4096 0 0 0 0 0 0 0 0 0 0 0 0 0 0 0 0 0 0 0 16 0 0 0 0 0 0 0 0 0 0 0 0 0 0 0 0 0 0 0 0 0 0 0 0 0 0 0 4194304 0 2048 0 0 0 0 0 0 128 16384 0 0 0 0 320 0 0 0 0 512 0 0 0 8192 0 0 0 0 1048576 0 4096 0 64 2097152 0 8193 16384 0 0 0 0 0 0 4194304 16384 0 4096 0 16777216 0 0 0 0 0 0 0 2048 0 0 0 0 0 0 1 0 16384 16 0 0 0 0 0 0 0 0 0 0 0 0 0 0 0 0 0 0 0 0 0 0 0 1024 0 0 512 4194304 0 2048 4 0 0 0 0 0 16777216 0 0 0 0 0 4864 0 0 0 0 134218240 0 1024 0 8192 0 0 0 0 537927680 68 1052672 0 512 2097152 0 1 0 0 0 0 64 0 4 0 0 67108864 8388608 0 0 0 0 0 0 1 262144 0 0 8388608 33554432 0 0 4096 1024 0 0 4 0 0 0 524288 0 0 0 0 0 0 0 0 0 0 0 0 0 0 512 270336 0 68 0 0 8192 8194 8388608 8192 64 4 64 0 0 4194304 0 0 0 0 0 0 0 134217728 0 0 0 8192 0 0 0 0 0 0 2048 128 0 0 0 512 0 0 268435456
is_linear=0
shrinkage=0.05


Tree=6
num_leaves=63
num_cat=19
split_feature=10 10 10 8 5 10 10 10 0 5 5 6 0 5 5 5 5 0 5 15 15 7 0 0 5 0 0 6 0 10 19 6 0 6 6 0 15 0 5 0 0 6 6 10 0 0 6 5 0 5 5 6 7 0 0 19 19 0 15 15 5 5
split_gain=2.57443e+06 458608 318154 97672.2 62959.3 61111.9 38075.9 34082.6 29169.4 22618.4 15102.4 15079.4 12981.3 10886.3 10319 8213.45 7047.65 6673.69 6652.41 6570.25 6217.95 6094.96 5880.82 5264.63 5182.66 5123.21 4995.61 4839.11 4837.89 4197.17 4118.85 4016.54 3755.25 3687.39 3616.3 3593.77 3558.48 3437.96 3357.75 3326.61 3282.26 3241.79 3216.27 3151.06 3074.38 2968.64 2807.76 2724.57 2656.65 2499.34 2429.8 2206.3 2201.83 2174.55 2173.87 2143.44 2084.96 2036.01 2003.87 1970.88 1903.86 1884.3
threshold=2.2321428060531621 8.0535712242126483 0.73214286565780651 22.071428298950199 2.5000000000000004 3.8750000000000004 1.303571403026581 0.33928571641445165 0 40.500000000000007 3.5000000000000004 13.500000000000002 1 2.5000000000000004 4.5000000000000009 1.5000000000000002 1.0000000180025095e-35 2 4.5000000000000009 4.5000000000000009 4.5000000000000009 57.500000000000007 3 4 11.500000000000002 5 6 7.5000000000000009 7 0.16071429103612903 1.0000000180025095e-35 1.0000000180025095e-35 8 1.0000000180025095e-35 49.500000000000007 9 4.5000000000000009 10 3.5000000000000004 11 12 1.5000000000000002 1.0000000180025095e-35 0.51785713434219371 13 14 4.5000000000000009 40.500000000000007 15 15.500000000000002 1.0000000180025095e-35 1.5000000000000002 32.500000000000007 16 17 1.0000000180025095e-35 1.0000000180025095e-35 18 4.5000000000000009 4.5000000000000009 1.0000000180025095e-35 84.500000000000014
decision_type=2 2 2 2 2 2 2 2 9 2 2 2 9 2 2 2 2 9 2 2 2 2 9 9 2 9 9 2 9 2 2 2 9 2 2 9 2 9 2 9 9 2 2 2 9 9 2 2 9 2 2 2 2 9 9 2 2 9 2 2 2 2
left_child=2 5 4 11 7 13 15 12 24 38 28 18 51 31 19 41 29 49 25 37 39 -11 46 -18 -6 -3 47 36 -7 44 58 48 -10 -30 -29 -9 -15 -8 -5 55 -32 -4 -27 -37 -14 -22 -17 -13 -2 -16 -39 -1 -40 -33 -25 -12 -28 -19 -20 -24 -21 -23
right_child=1 3 6 9 8 10 14 35 32 21 20 26 16 27 17 22 23 57 30 60 45 61 59 54 -26 42 56 34 33 -31 40 53 -34 -35 -36 43 -38 50 52 -41 -42 -43 -44 -45 -46 -47 -48 -49 -50 -51 -52 -53 -54 -55 -56 -57 -58 -59 -60 -61 -62 -63
leaf_value=-0.016201246507146518 -0.017898593653802492 0.08192718951254363 -0.017656393073241509 0.091464701322463302 0.0506973477854816 0.05270589598426359 0.01320606719910962 -0.0038087906212972717 0.019898566799334987 0.16691820015417616 0.0608513331932031 0.1215429144423264 -0.031184723191274907 0.029722091974025724 0.079059621024198709 0.018006153299034416 0.0046217813245601671 0.042970714096383311 0.079236766283681453 0.0052704559262811632 0.082802337285200811 0.19468201832878029 -0.0093377077226671681 -0.011880911271687753 0.11298593788415895 -8.71198163154112e-05 0.095766460687418287 0.058620126354307002 0.010931679223126631 -0.041063192320582538 0.11725684171560413 0.033733327938844378 -0.015697035100640831 0.040003752182896139 0.25134759688517416 -0.032723857143142736 0.043984678273345304 -0.0070326849918719292 0.13002533549500428 0.05245463548262122 0.090061086738018825 -0.0072456150009766324 0.056035455167780961 -0.025652241996297082 -0.048373797453813726 0.063735641816831057 0.074044185267936241 0.1846829799856767 0.013966374656546453 0.19291194464990474 0.0026946244692669782 0.024694574454115301 0.15117491260724977 0.02135442661317568 -0.037765725843929426 0.081286210403159712 0.11646953847302909 0.018825295282400938 0.097012200605498894 0.0030678516603918379 0.01849691792681326 0.22958188366911908
leaf_weight=27807.9422570467 7602.719927072525 21191.279581785202 316942.22439610958 4135.6133893728256 13418.125927329063 76047.264288187027 51202.657601594925 13977.349898815155 9183.6864153146744 19315.788005828857 38038.834532737732 35480.017184138298 27242.806872367859 122670.02164065838 1552.3337491750717 11688.936342358589 8223.0779910087585 12245.37238073349 60359.674915671349 38653.065218448639 50533.828852772713 9743.7872085571289 87697.814578175545 8596.2903308868408 4445.9433888196945 3300.7100279331207 46104.525045156479 19049.515079975128 13390.051710605621 367146.4321821928 21087.357835769653 51328.584868311882 38201.23928976059 58818.30609357357 246.54811775684357 340824.28572756052 67961.958723068237 101853.96099221706 31511.017710447311 95913.890101909637 24693.762233734131 97864.335870862007 11266.150202274323 292912.93043911457 656786.70814377069 35117.445955753326 2763.8211561441422 1794.9917497634888 46544.955625772476 699.13872158527374 173650.80055332184 3741.7353539466858 20191.5294277668 115686.39616525173 153966.3763178587 19365.23387658596 16517.825592398643 30623.326090574265 21503.548738360405 50424.842941761017 91882.851642847061 6413.1895298957825
leaf_count=24381 5888 7174 270532 1051 6811 35612 34880 11756 6354 2205 15126 7357 26557 68228 670 7732 6199 6645 17910 28766 18030 876 69002 7417 1177 1798 11929 8686 8341 375690 5212 29643 32755 29193 31 328340 34834 79131 5446 41196 7159 79287 4252 268927 702218 14046 1347 237 30976 119 123632 2734 2913 70563 153325 7256 3978 19173 5991 38476 61861 421
internal_value=-0.000315781 0.0625978 -0.02462 0.110092 -0.0365576 0.0420166 -0.00267552 -0.038215 0.0117355 0.154652 0.0564336 0.0946388 -0.0430273 0.0290666 0.00734947 -0.0115517 -0.0438448 0.0301617 0.085283 0.00509839 0.0642112 0.185874 -0.00163252 -0.0344246 0.0661625 0.0662221 0.109942 0.037222 0.0438971 -0.0453757 0.0906227 0.0213255 -0.0087955 0.0346079 0.0610826 -0.028902 0.0348068 0.00130984 0.134817 0.058183 0.102633 -0.0152002 0.0432889 -0.0294549 -0.0476904 0.075002 0.0287025 0.12455 0.00949158 0.113908 -0.000901524 -0.0113475 0.138285 0.0251621 -0.0363978 0.0677332 0.101211 0.0257308 0.083906 -0.00480843 0.0145804 0.208535
internal_weight=4.20915e+06 1.17293e+06 3.03622e+06 354611 1.96647e+06 818316 1.06975e+06 1.90123e+06 65249 91310.9 387225 263300 1.25351e+06 431091 502364 567382 1.22196e+06 45120.2 163402 457243 238969 35472.8 152575 170786 17864.1 35758.1 99897.4 209928 148256 1.05118e+06 127644 221163 47384.9 72208.4 19296.1 647715 190632 326707 55838.2 153318 45781.1 414807 14566.9 633737 684030 85651.3 14452.8 37275 54147.7 2251.47 275505 31549.7 51702.5 167015 162563 57404.1 62622.4 42868.7 81863.2 138123 130536 16157
internal_count=3279452 503558 2775894 85909 1954641 417649 821253 1907544 47097 12912 168800 72997 1298521 248849 354877 466376 1271406 26607 49496 328270 95654 3502 116557 166941 7988 13224 23501 111779 73146 1104465 36272 137070 39109 37534 8717 609023 103062 237643 9410 63578 12371 349819 6050 597267 728775 32076 9079 7594 36864 789 202763 27115 8359 100206 160742 22382 15907 25818 23901 107478 90627 1297
cat_boundaries=0 95 190 285 380 476 572 664 759 855 949 1044 1139 1234 1326 1421 1516 1609 1699 1794
cat_threshold=0 0 0 0 0 0 0 0 16384 0 4096 0 0 0 0 0 0 0 0 0 2048 0 2 0 0 2147483648 0 0 0 81920 16 0 0 0 0 0 0 0 0 0 0 0 0 0 0 0 0 0 0 0 0 0 0 0 0 0 0 0 4194304 128 2048 4 0 0 0 0 0 128 16384 0 0 33554432 0 4864 0 0 0 0 134218240 0 1024 4 8192 268435456 0 0 0 1048576 4 4096 0 16 2097152 268435456 8193 16384 0 0 0 0 0 0 0 0 0 0 0 0 0 0 0 0 0 0 0 0 1024 0 1048576 0 0 0 32768 0 65536 16 0 0 0 8 0 0 0 0 0 0 0 0 0 0 0 0 0 0 0 0 0 0 0 32 0 512 0 4194304 32896 0 4 0 0 0 0 0 16777216 0 0 0 0 262144 4864 0 16384 0 0 512 0 33555456 0 8192 268435520 0 0 0 1048576 68 4096 0 0 2097152 268435456 1 0 0 0 0 0 0 0 0 0 0 0 0 0 0 0 0 0 0 0 0 0 0 0 0 0 0 0 0 0 0 16 0 0 0 0 0 0 0 0 0 0 0 0 0 0 0 0 0 0 0 0 0 0 0 0 0 0 0 4194304 0 0 0 0 0 0 0 0 0 0 0 0 33554432 0 256 0 0 0 0 512 0 0 0 0 0 0 0 0 0 0 0 0 64 2097152 0 1 16384 0 0 0 0 0 0 65536 16384 0 4096 0 0 0 0 0 0 0 0 0 0 0 33554432 0 0 0 0 0 0 65536 16 0 0 0 0 0 0 0 0 0 0 0 0 0 0 0 0 0 0 0 0 0 0 0 1024 0 0 0 4194304 128 2048 4 0 0 0 0 0 128 0 0 0 33554432 0 4416 0 0 0 0 134218240 0 1024 4 8192 0 0 0 0 537927680 4 4096 0 16 2097152 268435456 8193 0 0 0 0 0 0 0 4259840 16384 0 4096 0 16777216 0 0 0 0 8192 0 16 2048 0 2 0 0 2147483648 0 0 0 16384 0 33554432 0 0 0 0 0 0 0 0 0 0 0 0 0 0 0 0 4096 2048 0 0 0 2147483648 0 0 0 0 536870912 0 2048 0 0 0 0 0 0 0 16384 32768 0 33554432 8 64 0 0 0 0 134217728 67108864 0 8196 0 0 0 0 32 8192 0 524288 0 16 0 0 8192 1 16384 0 0 0 0 0 0 4194304 16384 0 4096 0 0 0 0 0 0 16777216 0 0 0 0 33554432 0 0 0 0 32768 0 4 16 33554432 0 0 0 0 0 0 0 0 0 0 0 0 0 0 0 0 0 0 0 0 0 0 0 0 0 0 0 0 2048 0 0 0 0 8 0 128 16384 0 0 0 0 320 0 0 0 0 134217728 0 0 0 0 0 0 0 0 537919488 0 1048576 0 576 0 0 8192 1 0 0 0 0 0 0 0 0 0 0 0 0 0 0 0 0 0 0 0 0 0 0 0 0 0 0 0 0 0 0 0 0 0 0 0 0 0 0 0 0 0 0 0 0 0 0 0 0 0 0 0 0 0 0 0 0 0 0 0 0 0 0 0 0 0 0 0 0 0 0 0 0 0 256 0 0 0 0 512 0 0 0 0 0 0 0 0 0 0 4096 0 64 16384 0 0 0 0 0 0 4194304 16384 67108864 4096 0 16777216 0 0 0 0 16777216 0 16 0 1024 33554432 0 0 0 0 1 0 4 16 0 0 0 8 0 0 0 0 0 0 0 0 0 0 0 0 0 0 0 0 0 0 536870912 0 8192 512 0 4194304 0 2048 4 0 0 0 8 0 128 0 0 0 0 131072 0 128 16384 512 0 0 0 0 0 0 0 0 0 0 1048576 64 0 0 576 2097152 0 256 0 0 0 0 0 0 0 4259840 0 0 0 0 16777216 0 0 0 0 0 0 16 0 0 33554432 1048576 0 0 0 32768 0 0 0 33554432 268435456 0 0 0 0 0 0 0 0 0 0 0 0 0 0 0 0 2048 0 0 0 0 1056 8192 512 8192 536870912 32768 0 0 0 0 0 0 0 0 0 0 0 0 8 64 128 0 0 0 0 67108864 0 8192 0 192 0 0 32 545267712 64 537919488 0 0 0 0 0 1 16384 0 0 0 0 0 0 4259840 16384 0 4096 0 0 0 0 0 0 8192 0 16 0 0 0 0 0 0 0 1 0 65536 0 0 0 0 8 0 0 0 0 0 0 0 0 0 0 0 0 0 0 0 0 0 0 0 0 0 0 0 4194304 128 2048 4 0 0 0 0 0 16777344 0 0 0 0 0 320 0 16384 0 0 134218240 0 1024 4 8192 64 0 0 0 1048576 68 536875008 0 0 2097152 268435456 16384 0 0 0 0 0 0 4194304 16384 0 4096 0 16777216 0 0 0 0 0 0 0 2048 0 0 0 0 0 0 1 0 81920 16 0 0 0 0 0 33554432 0 0 0 0 0 0 0 0 0 0 0 0 0 0 0 0 0 0 0 0 512 0 0 2048 4 0 0 0 0 0 16777344 0 0 0 0 0 768 0 0 32768 0 134218240 0 1024 0 8192 128 0 0 0 1056768 64 4096 0 512 2097152 268435456 256 0 0 0 0 0 0 0 0 0 0 4096 0 0 0 0 0 0 0 0 0 0 0 33554432 0 0 0 0 0 0 0 16 0 0 0 0 0 0 0 0 0 0 0 0 0 0 0 0 0 0 0 0 0 0 0 0 8192 0 0 4194304 0 2048 0 0 0 0 8 0 0 0 0 0 0 0 4352 0 0 0 0 512 0 0 4 8192 0 0 0 0 1048576 4 0 0 64 2097152 268435456 8192 0 0 0 0 0 0 0 0 0 0 0 0 0 0 0 0 0 0 0 0 0 0 0 0 0 0 0 0 0 0 0 0 0 0 0 0 0 0 0 0 0 0 0 0 0 0 0 0 0 0 0 0 0 0 0 0 0 0 4194304 0 2048 0 0 0 0 0 0 128 16384 0 0 0 0 256 0 0 0 0 0 0 0 4 0 268435456 0 0 0 1048576 0 0 0 64 0 0 8192 0 0 0 0 0 0 0 0 16384 67108864 4096 0 16777216 0 0 0 0 8192 0 0 0 0 33554432 0 0 2147483648 1024 0 0 0 0 0 0 0 0 0 0 0 0 0 0 0 0 0 0 0 0 0 0 2048 0 0 0 0 0 0 8 512 64 0 64 4096 0 0 0 0 0 8388608 16384 32768 0 33562624 131072 64 0 8192 2147483648 0 671088640 0 2147483648 4 0 0 0 0 196608 8388608 0 536870912 0 16 16384 0 0 0 0 0 0 4194304 16384 67108864 0 0 0 0 0 0 0 0 0 16 2048 0 33554432 0 0 0 0 0 0 4 16 0 0 0 8 0 0 0 0 0 0 0 0 0 0 0 0 0 0 0 0 0 0 0 0 0 512 0 4194304 0 2048 0 0 0 0 0 0 128 0 0 0 33554432 0 4352 0 0 0 0 134218240 0 0 4 8192 0 0 0 0 1048576 4 0 0 576 2097152 268435456 8449 0 0 0 0 0 268435456 0 0 0 0 0 0 0 134217728 0 0 0 1 0 0 0 0 8388610 0 0 0 0 0 0 0 0 0 0 524288 0 0 0 0 0 0 0 0 0 0 0 0 0 0 268435968 0 0 4 0 2147483648 8192 0 0 0 4227072 32900 0 0 0 8192 0 0 0 0 0 32768 0 167780352 0 256 0 0 0 0 512 0 0 8196 1048576 0 524288 0 65536 16 4 0 0 0 0 0 8193 16384 0 0 0 0 16384 0 4194304 16384 0 4096 0 16777216 0 0 0 0 16777216 0 0 2048 0 0 0 0 0 0 0 0 0 16 33554432 0 0 0 0 0 0 0 0 0 0 0 0 0 0 0 0 0 0 0 0 0 0 8192 0 512 0 4194368 0 0 4 0 0 0 8 0 128 0 0 0 0 0 4352 0 16384 0 0 512 0 0 0 8192 128 0 0 0 537927680 64 4096 0 592 2097152 0 0 0 0 0 0 0 0 0 0 8388610 262144 0 0 0 0 0 16777216 32 0 0 524288 33554432 0 0 1024 0 0 0 0 0 0 8192 268435456 0 0 0 0 0 0 0 0 0 0 0 0 0 0 0 0 0 0 0 0 1024 8192 8 8704 32768 4 0 0 0 0 0 16777224 0 128 0 0 0 0 0 0 128 2147483648 512 0 536870912 0 2147483648 0 0 0 524288 0 196608 545259536 0 536870912 0 0 0 0 0 0 0 65536 16384 0 0 0 0 0 0 0 0 0 0 16 2052 0 0 1048576 0 2147483648 0 0 0 65540 0 0 268435456 0 0 0 0 0 0 0 0 0 0 0 268435456 0 0 0 0 0 0 0 0 0 1024 0 512 0 0 4 2048 4 0 0 0 8 0 128 0 0 0 0 0 4608 0 0 0 0 134217728 0 0 8192 8192 268435456 524288 0 0 537927680 4 4096 0 0 0 268435456 8192
is_linear=0
shrinkage=0.05


Tree=7
num_leaves=63
num_cat=22
split_feature=10 10 10 5 5 10 10 10 0 6 10 0 5 5 5 5 5 5 5 15 6 0 16 5 7 0 5 6 0 0 0 6 10 19 15 19 6 0 0 0 5 6 0 5 10 6 0 10 5 0 19 0 0 15 0 0 6 0 0 0 0 0
split_gain=2.26815e+06 380661 282151 77728.6 60707.8 54863.5 34221.5 30586.8 25646.1 17956.9 15441.8 12911.9 11984.7 10962.1 8713.13 7346.27 6870.73 6745.79 6300.39 5477.89 5477.65 4991.92 4872.58 4657.26 4443.73 4426.47 4254.95 4182.7 4174.21 4022.9 3909.15 3894.57 3787 3564.74 3413.81 3290.77 3200.41 3259.76 3002.72 3001.12 2984.47 2939.78 2770.5 2769.36 2711.37 2689.86 2635.39 2623.47 2596.56 2584.43 2304.1 2258.97 2135.03 2096.68 1984.98 1965.54 1899.45 1880.17 1861.35 1827.58 1775 1724.55
threshold=2.1250000000000004 7.8750000000000009 0.69642856717109691 24.500000000000004 2.5000000000000004 4.0892858505249032 1.2321428656578066 0.30357143282890325 0 46.500000000000007 14.982142925262453 1 1.5000000000000002 8.5000000000000018 1.5000000000000002 3.5000000000000004 1.0000000180025095e-35 8.5000000000000018 16.500000000000004 4.5000000000000009 6.5000000000000009 2 1.0000000180025095e-35 8.5000000000000018 25.500000000000004 3 1.5000000000000002 1.5000000000000002 4 5 6 1.0000000180025095e-35 0.48214285075664526 1.0000000180025095e-35 4.5000000000000009 1.0000000180025095e-35 1.0000000180025095e-35 7 8 9 110.50000000000001 1.0000000180025095e-35 10 1.0000000180025095e-35 3.0178571939468388 15.500000000000002 11 0.12500000372529033 57.500000000000007 12 1.0000000180025095e-35 13 14 4.5000000000000009 15 16 1.5000000000000002 17 18 19 20 21
decision_type=2 2 2 2 2 2 2 2 9 2 2 9 2 2 2 2 2 2 2 2 2 9 2 2 2 9 2 2 9 9 9 2 2 2 2 2 2 9 9 9 2 2 9 2 2 2 9 2 2 9 2 9 9 2 9 9 2 9 9 9 9 9
left_child=2 5 4 10 7 12 15 11 23 24 19 56 28 20 41 27 36 22 29 33 26 -18 44 -6 58 -17 39 43 -2 -16 -19 60 -9 51 -31 46 47 -38 -10 -7 -11 52 -35 -4 -14 -15 -12 55 -25 -23 -28 -3 -8 -43 -29 -13 -1 -34 -5 -20 -30 -51
right_child=1 3 6 9 8 13 14 32 38 40 35 16 17 45 18 25 21 30 59 -21 -22 49 -24 48 -26 -27 50 54 31 34 -32 -33 57 42 -36 -37 37 -39 -40 -41 -42 53 -44 -45 -46 -47 -48 -49 -50 61 -52 -53 -54 -55 -56 -57 -58 -59 -60 -61 -62 -63
leaf_value=-0.014728680787768617 0.027763224819414657 0.072865806287496587 -0.020548713727361528 0.11466383698136987 0.042007231811455159 0.0069206955087323984 0.010026865483839043 -0.032958650151933444 0.019800685252378714 0.16213966526677248 0.10264946843527667 -0.033172090269435198 0.020719779190355881 0.066182482611700982 0.02683727627434257 0.050203877010650891 0.0067577240926294056 0.12920902599561304 0.17224248032254888 0.089218204995426473 0.058787559302334091 -0.0093563278154251677 0.039332034146874272 0.086109376165866877 0.13448903871812198 0.0018509736997292415 0.043183702993236719 0.0178904278102733 -0.023630703863680061 0.0038322780426911182 0.051405833123669822 0.017033631049749139 -0.0027615915196615545 0.097060622976161012 0.017885233725893925 0.11506102752005365 0.01306546731754846 -0.038759129356544721 -0.014827162503056247 0.037079808142544489 0.20935986714021665 7.6127198670202032e-05 0.072607740855500535 -0.012153026843838871 0.032212009335050827 0.098560211934780734 0.079541168111205596 -0.042804759087130738 0.21846183798179247 -0.018216400369809895 0.056389958179216652 0.057262413972872878 -0.0097658209719264314 0.012082231770592594 -0.0078023313967152874 -0.049170874603924393 0.024550340009993926 -0.026081755796140024 0.084719568084836785 0.058324959867972495 0.0034104868620248641 -0.039313240427031063
leaf_weight=25425.173837959766 58162.006280422211 51229.650350451469 210815.53317737579 25503.501473665237 11775.753281712532 10324.540626883507 15898.371733784676 358692.09220379591 7574.6418437957764 26243.814036846161 36536.692196965218 20138.97663128376 110214.46305286884 70689.291265964508 37431.925468564034 5836.8166606426239 7233.4086785316467 1723.9943838119507 720.43622183799744 61387.707489132881 81627.229527711868 8657.0857807993889 104304.21621274948 6584.4723733663559 32526.02111697197 24868.694720387459 95330.882281899452 8022.4068750143051 7846.9188287258148 120186.04595112801 25827.527851939201 89313.079378604889 8913.9848562479019 19467.050821065903 67480.257704973221 30616.958498716354 3125.984811604023 104469.49214828014 35889.888609886169 41385.807721734047 3835.2005548477173 131277.90466535091 29989.885248303413 183904.84923303127 96053.770941972733 7054.9111115932465 19391.818095207214 315740.95005482435 392.67275714874268 10600.746461868286 50536.772341012955 43571.157196640968 95032.837921142578 50295.505534052849 117543.17054474354 509110.7522174716 3501.7511924505234 300854.67046171427 6922.4993462562561 749.88120889663696 26655.791862845421 120237.67657858133
leaf_count=22586 34237 14961 187029 4214 6045 6177 11702 358794 5152 2391 7156 20259 65118 24289 22241 3000 5349 473 112 16444 32012 7504 53247 1931 4067 18391 41777 5896 6292 83796 11481 54735 7566 4925 44408 5729 2886 111713 31106 20418 220 97233 8992 153147 50186 1930 4498 340377 35 10073 21255 13832 76076 35536 96020 569531 2510 284833 1519 357 18628 124790
internal_value=-0.00032149 0.0556502 -0.0244812 0.0969408 -0.0362553 0.0374202 -0.00402725 -0.0379368 0.0123008 0.136222 0.0841652 -0.0429583 0.0270603 0.0525155 0.00518515 -0.012706 -0.0438258 0.0326284 0.0125457 0.0767085 0.0478918 -0.0337545 0.0305249 0.0611545 0.121431 0.0110593 0.0433903 -0.0141085 0.0167144 0.0118718 0.0563398 0.0115211 -0.0294613 0.0713851 0.00888491 0.101884 -0.0453776 -0.0372559 -0.00878934 0.0310667 0.16816 -0.000516178 0.0822671 -0.0166371 0.0260714 0.0691206 0.0946698 -0.0464118 0.0935582 -0.0358531 0.0477591 0.0657081 -0.00692916 0.0034018 -0.00616001 -0.0485636 -0.00997031 -0.0254116 0.108333 0.115711 -0.00274533 -0.0376055
internal_weight=4.19326e+06 1.26427e+06 2.92898e+06 387222 1.85892e+06 877051 1.07006e+06 1.7967e+06 62217.4 95031 292191 1.12824e+06 520102 356949 519073 550991 1.09932e+06 338124 226569 205645 279205 146729 310572 18752.9 64952 30705.5 197578 520286 181978 225098 27551.5 123816 668461 144258 187666 86545.5 952586 107595 43464.5 51710.3 30079 292505 49456.9 394720 206268 77744.2 55928.5 844991 6977.15 139496 145868 94800.8 110931 181573 125566 529250 28926.9 309769 32426 1470.32 34502.7 130838
internal_count=3279187 531203 2747984 88948 1913040 442255 834944 1868771 44269 12411 76537 1217578 294397 147858 371461 463483 1192482 180505 150914 59154 121639 147716 168551 8011 9800 21391 89627 442092 113892 150445 11954 79655 651193 42710 128204 17383 1044766 114599 36258 26595 2611 220547 13917 340176 115304 26219 11654 930167 1966 142367 63032 28793 87778 132769 101916 589790 25096 292399 5733 469 24920 134863
cat_boundaries=0 95 190 286 381 476 571 666 761 857 952 1047 1139 1230 1322 1417 1512 1604 1698 1793 1888 1983 2073
cat_threshold=0 0 0 0 0 0 0 65536 16384 0 4096 0 0 0 0 0 0 0 0 0 2048 0 33554434 0 0 2147483648 0 0 0 65536 0 0 0 0 0 0 0 0 0 0 0 0 0 0 0 0 0 0 0 0 0 0 0 0 0 0 0 0 4194304 128 2048 4 0 0 0 0 0 128 16384 0 0 33554432 0 4864 128 0 0 0 512 0 0 4 8192 268435456 0 0 0 1048576 68 4096 0 16 2097152 268435456 8193 16384 0 0 0 0 0 0 0 0 0 0 0 0 0 0 0 0 0 0 0 0 1024 0 1048576 0 0 0 0 0 65536 16 0 0 0 8 0 0 0 0 0 0 0 0 0 0 0 0 0 0 0 0 0 0 0 32 0 512 0 4194304 128 0 4100 0 0 0 0 0 16777216 0 0 0 0 393216 4864 0 16384 0 0 512 0 33555456 0 8192 268435520 0 0 0 1048576 68 4096 0 0 2097152 268435456 1 0 0 0 0 0 0 0 4259840 16384 0 4096 0 16777216 0 0 0 0 8192 0 16 2048 0 2 0 0 2147483648 0 0 0 16384 0 33554432 0 268435456 0 0 0 0 0 0 0 0 0 0 0 0 0 0 0 2048 0 0 0 0 0 0 0 0 536870912 32768 2048 0 0 0 0 0 0 128 16384 32768 0 33554432 0 64 0 0 0 0 134217728 67108864 0 8196 0 0 0 0 32 8192 0 536870912 0 16 0 0 8192 1 16384 0 0 0 0 0 0 65536 0 0 4096 0 0 0 0 0 0 0 0 0 0 0 2 0 0 2147483648 0 0 0 81920 0 0 0 0 0 0 0 0 0 0 0 0 0 0 0 0 0 0 0 0 0 0 0 0 1024 0 0 0 4194304 132 2048 4 0 0 0 0 0 128 0 0 0 33554432 0 4928 0 0 0 0 134218240 0 0 4 8192 0 0 0 0 537927680 0 536875008 0 0 2097152 268435456 8193 16384 0 0 0 0 16384 0 4194304 16384 0 4098 0 16777216 0 0 0 0 16777216 0 0 0 0 0 0 0 0 0 1 0 16384 16 0 0 0 8 0 0 0 0 0 0 0 0 0 0 0 0 0 0 0 0 0 0 536870912 0 0 512 0 64 0 2048 4 0 0 0 8 0 16777344 0 0 0 0 0 256 0 16384 0 0 0 0 0 0 8192 128 0 0 0 1056768 64 4096 0 592 0 0 256 16384 0 0 0 0 0 0 4259840 16384 0 4096 0 0 0 0 0 0 8192 0 0 2048 0 0 0 0 0 0 0 0 16384 16 0 0 0 0 0 0 0 0 0 0 0 0 0 0 0 0 0 0 0 0 0 0 0 1024 0 0 0 4194304 0 2048 4 0 0 0 0 0 0 0 0 0 33554432 0 4864 0 0 0 0 134218240 0 1024 0 8192 268435456 0 0 0 1056768 4 1052672 0 512 2097152 268435456 8193 0 0 0 0 0 0 0 0 0 0 0 0 0 0 0 0 0 0 0 0 0 0 0 0 0 0 0 0 0 0 0 0 0 0 0 0 0 0 0 0 0 0 0 0 0 0 0 0 0 0 0 0 0 0 1024 0 0 0 0 0 0 0 0 0 0 0 0 0 0 0 0 0 0 256 0 0 0 0 512 0 0 0 0 0 0 0 0 0 0 0 0 64 0 0 8192 0 0 0 0 0 0 0 4259840 16384 0 4096 0 16777216 0 0 0 0 8192 0 16 2048 0 2 0 0 2147483648 0 0 0 16384 0 33554432 0 268435456 0 0 0 0 0 0 0 0 0 0 0 0 0 0 0 2048 0 0 0 0 0 0 0 8192 536870912 32768 0 0 0 0 0 8 0 0 16384 32768 0 33554432 0 64 0 0 0 0 134217728 67108864 0 4 0 0 0 0 131072 8396800 0 536870912 0 16 0 0 8192 16384 0 0 0 0 0 0 4194304 0 0 0 0 16777216 0 0 0 0 16777216 0 0 0 0 0 1048576 0 0 0 32768 0 16384 16 33554432 268435456 0 0 0 0 0 0 0 0 0 0 0 0 0 0 0 0 0 0 0 0 0 1056 0 0 8192 64 0 0 0 0 0 0 0 0 0 0 32768 0 0 8 64 0 16384 512 0 134217728 67108864 1024 8192 0 192 0 0 0 8396800 0 537919488 0 0 0 0 0 1 0 0 0 0 0 0 0 0 0 0 0 0 0 0 0 0 0 1 32 0 0 0 2 1048576 0 2147483648 0 0 0 0 0 0 8192 524288 0 0 0 0 0 0 0 0 0 0 0 0 0 0 268435968 2048 0 0 0 0 9216 0 8 0 32768 32896 0 0 0 0 0 0 0 0 0 0 0 33554432 0 4352 0 0 0 0 134218240 0 0 8196 0 268435520 524288 0 0 8397312 0 0 0 0 0 268435456 8193 0 0 0 0 0 0 0 0 0 0 0 0 0 0 0 0 0 16777216 0 0 0 0 0 0 0 0 0 0 0 0 0 0 0 0 0 0 0 0 0 0 0 0 0 0 0 0 0 0 0 0 0 0 0 0 0 0 0 0 4194304 0 2048 0 0 0 0 8 0 128 16384 0 0 0 0 256 0 0 0 0 0 0 0 0 0 0 0 0 0 1048576 0 0 0 64 0 0 8192 0 0 0 0 0 0 0 0 16384 0 4096 0 0 0 0 0 0 0 0 0 2048 0 0 0 0 0 0 0 0 0 16 0 0 0 0 0 0 0 0 0 0 0 0 0 0 0 0 0 0 0 0 0 0 0 0 0 0 0 4194304 0 0 0 0 0 0 0 0 0 0 0 0 0 0 320 0 0 0 0 0 0 0 0 0 0 0 0 0 0 0 4096 0 64 0 0 0 0 0 268435456 0 0 0 0 0 262144 0 0 0 0 0 16777216 0 0 0 524288 0 0 0 1024 0 32768 0 0 0 0 268435456 0 0 0 0 0 0 0 0 0 0 0 0 0 0 0 4608 0 0 64 0 2147483648 0 0 0 8704 32768 4 0 0 0 0 0 16777224 0 0 0 0 0 0 8 0 128 2147483648 512 0 536870912 0 2147483648 0 0 0 524288 0 196608 545260048 0 524288 268435456 0 0 0 0 0 0 0 4194304 16384 0 4096 0 0 0 0 0 0 16777216 0 0 2048 0 0 0 0 2147483648 0 0 0 4 16 33554432 0 0 0 0 0 0 0 0 0 0 0 0 0 0 0 0 0 0 0 0 0 0 0 0 0 0 0 0 2048 0 0 0 0 0 0 0 0 0 0 0 0 256 0 0 0 0 512 0 0 0 0 0 0 0 0 0 4 4096 0 576 16384 0 0 0 0 0 0 4194304 16384 0 4096 0 16777216 0 0 0 0 0 0 16 0 8389632 0 0 0 0 0 1 0 4 0 33554432 0 0 0 0 33554432 0 0 0 0 0 0 0 268435456 0 0 0 0 0 0 0 0 536870912 262144 0 512 512 64 0 0 0 0 0 0 0 0 128 0 0 0 0 0 768 0 16384 32768 0 512 0 1024 0 8192 128 0 0 131072 1048576 0 4096 0 512 0 0 256 16384 0 0 0 0 0 0 4259840 16384 0 4096 0 16777216 0 0 0 0 8192 0 0 0 0 0 0 0 2147483648 0 1 0 0 16 0 0 0 0 0 0 0 0 0 0 0 0 0 0 0 0 0 0 0 0 0 0 0 0 0 512 0 4194304 0 2048 4 0 0 0 0 0 0 0 0 0 33554432 0 4160 0 0 0 0 134218240 0 1024 4 8192 268435456 0 0 0 1048576 68 1052672 0 0 2097152 268435456 8448 0 0 0 0 0 0 0 0 16384 67108864 4096 0 16777216 0 0 0 0 0 0 0 0 0 33554432 1 0 2147483648 1024 32768 0 0 0 0 0 0 0 0 0 0 0 0 0 0 0 0 0 0 0 0 4096 0 0 0 0 0 0 0 8 512 64 32768 64 0 0 0 0 0 0 8388608 16384 32768 0 33562624 0 0 0 8192 2147483648 0 671088640 0 2147483648 4 0 0 0 0 196640 8388608 0 0 0 2097168 0 0 0 0 0 0 0 4259840 16384 0 4096 0 16777216 0 0 0 0 8192 0 0 0 0 0 0 0 0 0 1 0 65536 0 0 0 0 8 0 0 0 0 0 0 0 0 0 0 0 0 0 0 0 0 0 0 0 0 0 0 8192 4194304 128 0 0 0 0 0 0 0 16777216 0 0 0 0 131072 256 0 16384 0 0 134218240 67108864 1024 4 8192 192 0 0 0 1056768 64 536875008 0 512 2097152 268435456 0 0 0 0 0 0 0 0 0 0 0 0 0 0 0 0 0 0 0 0 0 0 0 0 0 0 0 0 0 0 16 0 0 0 0 0 0 0 0 0 0 0 0 0 0 0 0 0 0 0 0 0 0 0 0 0 0 0 4194304 0 2048 0 0 0 0 0 0 0 16384 0 0 0 0 4352 0 0 0 0 512 0 0 0 0 0 0 0 0 0 4 0 0 64 2097152 268435456 8193 0 0 0 0 0 0 0 65536 0 0 0 0 0 0 0 0 0 0 0 0 0 0 0 0 0 0 0 0 0 0 0 0 0 0 0 0 0 0 0 0 0 0 0 0 0 0 0 0 0 0 0 0 0 0 0 0 512 0 0 0 0 0 0 0 0 0 0 0 0 0 0 0 0 256 0 0 0 0 512 0 0 0 0 0 0 0 0 0 0 0 0 0 2097152 0 1 0 0 16777216 0 0 268435456 0 0 0 0 0 0 0 134217728 0 0 0 0 0 0 2048 0 2 0 0 0 0 0 0 0 0 0 0 524288 0 0 0 0 0 0 0 0 0 0 0 0 0 0 268435968 0 0 4 0 2147483648 8224 0 0 0 4194304 32900 0 4096 0 8192 0 0 0 0 0 32768 0 33562624 0 4096 0 8192 2147483648 0 512 0 0 8196 0 0 524288 0 65536 16 0 0 0 0 0 0 8193 0 0 0 0 64 0 4 0 0 67108864 8388610 0 0 0 0 0 0 0 262176 0 0 8388608 41943040 0 0 4096 1024 0 0 4 0 0 8192 524288 0 0 0 0 0 0 0 0 0 0 0 0 0 0 0 270336 0 4 0 0 9216 8194 8388616 0 0 0 64 0 0 4194304 0 0 0 0 0 0 0 134217728 0 0 0 8192 2147483648 0 0 0 0 0 2048 128 0 0 0 0 0 1048576
is_linear=0
shrinkage=0.05


Tree=8
num_leaves=63
num_cat=2
split_feature=10 8 10 5 10 5 10 10 5 6 6 10 6 5 5 5 5 16 5 10 16 6 16 16 10 6 6 10 6 6 6 7 6 1 5 5 12 5 11 10 11 7 10 19 6 12 5 5 10 16 6 5 16 19 1 8 6 16 8 19 6 14
split_gain=2.0114e+06 323494 255798 58287.4 57650.4 56211 31270.6 26957.6 16299.3 14379.7 11292.4 11193.8 9643.32 8202.58 7818.25 7488.5 7002.83 5809.19 5220.08 4799.79 4791.06 4447 3997.55 3758.64 3625.25 3304.48 3244.94 3216.32 3146.28 2981.99 2883.53 2795.77 2747.99 2694.24 2641.29 2609.64 2499.06 2365.97 2363.4 2279.74 2237.36 2202.45 2177.21 2174.78 2021.72 1842.39 1841.92 1840.26 1830.33 1818.55 1631.99 1613.28 1575.91 1463.38 1459.05 1456.5 1456.02 1389.7 1370.66 1344.58 1452.2 1283.28
threshold=2.053571462631226 8.6428570747375506 0.66071426868438732 2.5000000000000004 3.6607142686843877 27.500000000000004 1.1964285969734194 0.30357143282890325 7.5000000000000009 6.5000000000000009 47.500000000000007 14.982142925262453 1.5000000000000002 1.5000000000000002 5.5000000000000009 2.5000000000000004 1.5000000000000002 1.0000000180025095e-35 1.0000000180025095e-35 1.0000000180025095e-35 1.0000000180025095e-35 5.5000000000000009 1.0000000180025095e-35 1.0000000180025095e-35 1.0000000180025095e-35 15.500000000000002 1.5000000000000002 6.1964285373687753 1.0000000180025095e-35 1.0000000180025095e-35 1.0000000180025095e-35 18.500000000000004 2.5000000000000004 0 82.000000000000014 1.0000000180025095e-35 0.85499998927116405 36.500000000000007 0.4170625507831574 0.48214285075664526 1.4780134558677676 22.500000000000004 1.0000000180025095e-35 1.0000000180025095e-35 4.5000000000000009 1.5049999952316286 8.5000000000000018 15.500000000000002 6.3392858505249032 1.0000000180025095e-35 1.5000000000000002 1.0000000180025095e-35 1.0000000180025095e-35 1.0000000180025095e-35 1 2.5000000000000004 7.5000000000000009 1.0000000180025095e-35 0.35714286565780645 1.0000000180025095e-35 16.500000000000004 0.84679430723190319
decision_type=2 2 2 2 2 2 2 2 2 2 2 2 2 2 2 2 2 2 2 2 2 2 2 2 2 2 2 2 2 2 2 2 2 1 2 2 2 2 2 2 2 2 2 2 2 2 2 2 2 2 2 2 2 2 1 2 2 2 2 2 2 2
left_child=2 4 3 7 13 11 16 12 19 15 41 23 18 28 17 30 29 35 38 -5 44 40 48 43 -14 -16 39 49 58 -4 36 -13 -21 42 -12 -8 -6 -10 45 -9 57 -7 -20 56 -15 54 -22 -24 -11 53 -19 -38 -31 -17 61 -37 -3 -18 -2 60 -33 -1
right_child=1 5 6 8 9 10 14 26 37 22 34 31 24 20 25 27 21 50 33 32 46 -23 47 -25 -26 -27 -28 -29 -30 52 -32 59 -34 -35 -36 55 51 -39 -40 -41 -42 -43 -44 -45 -46 -47 -48 -49 -50 -51 -52 -53 -54 -55 -56 -57 -58 -59 -60 -61 -62 -63
leaf_value=0.051929723965253742 -0.025885922608875258 0.053825116619891901 -0.020465318880877551 0.026642591520981182 0.035607489236547045 0.097303846785063153 -0.0066876765063229289 -0.033255190569005624 0.061309805807705446 0.045659671452135127 0.13928312712768331 0.083403208883993163 0.0092913166640079137 0.020326567657972448 0.028364107885129816 0.034546845911145617 -0.012054152026393265 0.0055363205019599545 -0.0079584758653245442 -0.014521537642153274 0.033936338291490196 0.046979727499676063 0.065366456115430446 0.082253612130354911 -0.026554076839458676 0.13622463118394337 -0.018556075273587779 0.056183995742090133 0.018111355190233585 -0.014984061031275232 0.034882586416282259 0.07772941471466438 0.024996368428133256 -0.040135799739245109 0.17107808633800803 0.00095255746961009444 -0.0056500404261549163 0.14233583618326218 -0.040794921010360807 -0.026688000148235653 0.010028329068220274 0.11836519740240491 -0.031203361153533754 0.075023888294880436 0.033062263575239649 -0.047089129251308079 0.056892109907486881 0.091585823055080284 0.059309297446718014 0.050580036468501947 0.016105808194661474 0.025778173030047355 -0.0054060410803179748 0.046943383974396451 -0.042960300150245455 0.01522090739058698 0.067460905458051806 -0.00063137523761847458 0.0056866151840600241 0.10973857373166757 0.10068001384693329 -0.026761946490538965
leaf_weight=537.0796605348587 3709.3806482553482 33047.585729598999 221672.93564128876 12893.473455667496 10632.05344080925 18896.770901918411 131093.90810251236 319405.38003873825 9570.4262847900391 49214.5376932621 21748.638272285461 47733.783710360527 9515.0212578773499 158282.6131131649 23164.460501551628 70447.254281878471 72351.224843561649 73875.967171311378 13143.575942873955 30934.431159973145 96320.578260421753 4224.190346121788 59119.191561698914 58182.41094648838 27266.889770925045 732.55435478687286 63043.239057600498 57844.375143408775 127202.96691215038 141684.77744936943 77659.97443819046 9976.7416011095047 5128.4529191851616 78306.090886592865 9335.7707839012146 198557.75389873981 11955.996298789978 994.5756630897522 274075.95592743158 225409.78449928761 20655.909408807755 36176.499534606934 43129.108054220676 51729.74351811409 38800.007581472397 594549.55522412062 9610.1568303108215 7546.56640625 49025.49021589756 46604.142346858978 72229.160046935081 6201.1491997241974 61624.697499811649 35957.845853924751 30837.937007188797 19656.109827280045 48028.421441316605 42132.11104208231 46913.030280947685 21440.624439716339 22295.555230140686 14652.954235970974
leaf_count=449 2952 10565 200799 7901 5192 3059 103610 329929 3644 19855 1877 9485 8254 90046 13132 31332 59233 53775 11554 26613 49261 2392 19930 14589 28127 185 60525 19695 76721 122559 36871 2019 3464 84175 529 143037 7833 117 303098 219411 14790 4165 44163 13975 19734 687626 3985 1852 15544 18446 48125 3155 51911 15325 35034 12880 12660 33216 32557 3392 3564 14718
internal_value=-0.000359468 0.0500851 -0.0242147 -0.0360177 0.0346913 0.0892433 -0.00511708 -0.0377266 0.0126143 0.0469073 0.124738 0.0787858 -0.0424456 0.0224405 0.00373717 0.0406827 -0.0132647 0.00238976 -0.0433277 0.000459445 0.0274432 -0.00353851 0.0588843 0.0716563 -0.0172813 0.0316705 -0.0292954 0.0461404 0.0139158 -0.0164542 0.0298721 0.0922082 -0.00890175 -0.0341336 0.148832 -0.00111189 0.0163562 0.0689375 -0.0446805 -0.0305381 -0.00511761 0.111139 -0.0257695 0.0670136 0.0228339 -0.046343 0.0360189 0.0683345 0.0524714 0.0423435 0.0107615 0.00508353 -0.0120809 0.0387361 -0.0367057 0.00223781 0.0619028 -0.00785035 0.00337312 0.100033 0.093585 -0.0239638
internal_weight=4.17869e+06 1.34164e+06 2.83705e+06 1.75339e+06 963047 378593 1.08366e+06 1.69387e+06 59521.4 482209 86157.7 292435 1.08601e+06 480839 519310 317303 564346 495413 1.04923e+06 48956.4 303013 139363 164906 190988 36781.9 23897 607858 210854 177825 424982 106449 101447 36062.9 134579 31084.4 349308 28789.2 10565 914653 544815 135139 55073.3 56272.7 132806 197083 640578 105931 66665.8 98240 153009 146105 18157.1 203309 106405 46028 218214 81076 114483 50622.4 53712.9 32272.3 15190
internal_count=3278611 550165 2728446 1868802 470286 79879 859644 1827063 41739 195030 9630 70249 1217198 275256 374744 137849 484900 361427 1180817 37978 163026 109631 57181 51789 36381 13317 609865 84798 112230 375269 53051 18460 30077 139892 2406 259527 16180 3761 1040925 549340 107239 7224 55717 37200 109780 737827 53246 21782 35399 65103 101900 10988 174470 46657 50201 155917 23225 92449 35509 8975 5583 15167
cat_boundaries=0 1 2
cat_threshold=116 96
is_linear=0
shrinkage=0.05


Tree=9
num_leaves=63
num_cat=28
split_feature=8 11 8 6 5 5 8 0 11 0 8 5 7 6 0 0 5 6 0 6 5 6 0 8 0 8 5 0 0 0 0 0 0 19 0 8 0 5 6 0 11 0 6 6 0 6 0 0 0 6 5 0 0 0 0 0 0 8 17 0 6 15
split_gain=1.74361e+06 278617 245597 51563.6 45239.2 38872.8 32068.3 28258.4 27448.6 18716.3 14964.3 12959.3 10163.6 10019.8 9228.07 9052.21 8424.7 6558.05 6545.83 6185.94 5320.2 4587.94 4448.98 4118.96 4075.21 4058.13 4055.05 3978.75 3856.86 3625.26 3526.6 3375.7 3195.47 3104.81 2806.53 2713.88 2644.05 2575.13 2455.25 2446.19 2677.59 2412.16 2094.55 2055.21 2002.61 1868.44 1806.29 1772.89 1766.34 1750.85 1741.36 1709.53 1707.34 1674.81 1651.42 1575.61 1550.5 1481.93 1463.15 1532.11 1439.85 1403.25
threshold=2.2142857313156132 0.9297391176223756 7.6428573131561288 25.500000000000004 1.5000000000000002 1.5000000000000002 4.2142856121063241 0 0.54124322533607494 1 1.214285731315613 11.500000000000002 47.500000000000007 4.5000000000000009 2 3 7.5000000000000009 7.5000000000000009 4 1.0000000180025095e-35 2.5000000000000004 1.0000000180025095e-35 5 0.6428571641445161 6 16.928571701049808 2.5000000000000004 7 8 9 10 11 12 1.0000000180025095e-35 13 0.35714286565780645 14 1.5000000000000002 1.0000000180025095e-35 15 0.33565936982631689 16 1.0000000180025095e-35 6.5000000000000009 17 93.500000000000014 18 19 20 3.5000000000000004 15.500000000000002 21 22 23 24 25 26 1.3571428656578066 43.500000000000007 27 40.500000000000007 4.5000000000000009
decision_type=2 2 2 2 2 2 2 9 2 9 2 2 2 2 9 9 2 2 9 2 2 2 9 2 9 2 2 9 9 9 9 9 9 2 9 2 9 2 2 9 2 9 2 2 9 2 9 9 9 2 2 9 9 9 9 9 9 2 2 9 2 2
left_child=1 4 6 11 8 10 13 28 14 16 15 24 29 20 58 32 43 26 49 35 36 39 -23 42 33 47 48 -12 60 -5 -9 -18 -3 -4 61 -17 -2 51 -29 -16 -41 50 -10 -7 -22 -14 -24 -13 -8 -11 -15 -26 -19 -32 -21 -38 -28 -36 59 -1 -6 -20
right_child=2 5 3 12 7 9 17 30 23 18 27 25 45 41 21 19 31 52 34 54 44 22 46 -25 37 -27 56 38 -30 -31 53 -33 -34 -35 57 -37 55 -39 -40 40 -42 -43 -44 -45 -46 -47 -48 -49 -50 -51 -52 -53 -54 -55 -56 -57 -58 -59 -60 -61 -62 -63
leaf_value=0.021625167763524852 0.022798246501987408 0.051228006995946422 0.058926477214127665 0.10429555489569375 0.077156020558984476 0.02017572945940942 0.03815618482399951 0.0069963949008235429 -0.034213535172310676 0.011830319497416298 0.012996508772215632 0.075881463715036138 0.12470437169093228 0.042504086407255157 -0.031017452851882385 -0.032159448241397645 0.11746451400058769 0.059728725988997124 0.0020812754389069299 0.0020013249455034798 0.034028858319433648 0.018302267704428398 -0.0086550595791338048 -0.023077327438364662 0.011795834133263955 0.08802363545370917 0.047459932122582427 -0.0098877664444887974 0.03437692660833188 0.077890742244169101 -0.0038482932035041706 0.054648485896569947 0.0023765946152344286 0.077635654058334835 -0.0081998730111653064 -0.020111492121255747 0.016899364805290511 0.055722315575117955 0.00015121050565147315 -0.0480494063092404 -0.041971492273148253 0.030352608956802266 -0.026837900050801292 0.05116174542652964 0.022506126349675627 0.15325130212527976 -0.037721258890758391 0.060523077672684104 0.023134723693288249 0.028310647211404957 0.086126952771730381 0.045576693028282142 0.045102580352507443 -0.022628993644934519 -0.012954678970744846 0.0064783098821593046 0.037718136845369211 0.0020250570699572546 -0.040103174447639119 -0.012692478473406857 0.17252877471940428 0.014746477860211339
leaf_weight=4346.4135428667068 65670.691568791866 3682.8615217804909 52838.960200786591 49807.72703576088 4419.4622181653976 49940.748317420483 35591.958585977554 13436.613465845585 329939.37589561939 71718.129552125931 41221.460503935814 74840.318948030472 25983.097548246384 46557.74488568306 29683.636710584164 66207.337812244892 2602.0865595340729 60799.696483612061 60386.765587210655 20883.691258311272 55507.576863050461 3884.9108850955963 5670.5301942229271 175677.94074559212 5649.9789164066315 64367.639471054077 102343.06038308144 99404.043558180332 15502.5052267313 18079.168672919273 13651.887049853802 12488.328508138657 35829.958603143692 38211.41660296917 93390.299834311008 158978.13410836458 61624.080834627151 83292.464361906052 157259.8658207655 467620.72396457195 295851.48881721497 75297.520350217819 135906.65959191322 5993.6199860572815 118538.56728088856 7354.279287815094 100275.56839948893 25866.827287912369 43840.663143634796 20787.196112394333 2405.9207257032394 11242.732534527779 30314.300667524338 91902.495322823524 159100.09064090252 88260.400230109692 69070.302311658859 57103.82960486412 3354.8939762711525 12826.922968626022 434.65899801254272 34288.023058533669
leaf_count=3655 37622 2150 14127 5804 1288 28901 16192 9855 352367 46954 27730 15745 2070 20288 31635 64210 582 19295 43006 16139 26208 3321 5614 171677 2454 9804 37996 83324 7773 3315 11474 4676 27876 9287 74330 146001 37693 24411 118132 566450 343970 37055 139469 2740 63105 395 114157 6215 22508 11661 642 4020 10883 88589 137164 59038 28711 40067 3283 11919 47 22709
internal_value=-0.000350746 -0.0222797 0.0473297 0.0769009 -0.0351155 -0.0032769 0.0315205 -0.00781594 -0.0375462 0.0091074 -0.010093 0.0679543 0.108393 0.023625 -0.0430651 -0.0159024 0.0324359 0.043385 0.0041995 -0.01813 0.0196819 -0.0438186 -0.0342415 -0.0296014 0.059095 0.0782177 0.0392119 -0.00142081 0.0466082 0.0972904 -0.0171291 0.0655941 0.00694169 0.0667709 -7.6846e-05 -0.0236537 0.0144317 0.0521071 -0.00373667 -0.0451453 -0.0456936 0.0359878 -0.0320618 0.023496 0.0261843 0.131002 -0.0361665 0.0719502 0.0298732 0.015532 0.0446385 0.0343122 0.054874 -0.0202006 -0.0112199 0.0107637 0.0435395 -0.00431982 -0.00989696 -0.0040018 0.0855199 0.00666748
internal_weight=4.16901e+06 2.85565e+06 1.31336e+06 457535 1.70439e+06 1.15127e+06 855822 139348 1.56504e+06 408699 742567 356310 101224 513863 923515 444682 71024.8 341960 337674 405169 389601 902987 109831 641524 191236 165075 250846 297885 20356.6 67886.9 118991 15090.4 39512.8 91050.4 245169 225185 215555 100185 256664 793156 763472 124261 465846 55934.4 174046 33337.4 105946 100707 79432.6 92505.3 48963.7 16892.7 91114 105554 179984 149884 171413 150494 20528.2 17173.3 4854.12 94674.8
internal_count=3279778 2764895 514883 97647 1866543 898352 417236 119026 1747517 275626 622726 86063 11584 281651 1084004 393540 36899 135585 238727 363514 223666 1065147 123092 663513 54299 31764 105407 229186 9108 9119 109918 5258 30026 23414 180112 210211 134353 30885 201456 942055 910420 57985 491836 31641 89313 2465 119771 21960 38700 58615 20930 6474 30178 100063 153303 96731 66707 114397 18857 15574 1335 65715
cat_boundaries=0 95 190 285 380 476 571 666 762 850 943 1039 1131 1221 1311 1403 1495 1590 1685 1781 1876 1972 2067 2162 2250 2345 2441 2536 2626
cat_threshold=16384 0 0 0 0 0 0 0 16384 0 4096 0 0 0 0 0 0 0 0 0 2048 0 2 0 0 2147483648 0 0 0 0 16 33554432 0 0 0 0 0 0 0 0 0 0 0 0 0 0 0 0 0 0 0 0 0 0 0 0 0 0 4194304 128 2048 4 0 0 0 0 0 0 0 0 0 33554432 0 4416 0 0 0 0 512 0 1024 4 8192 268435456 0 0 0 9445376 68 4096 0 16 2097152 268435456 8193 16384 0 0 0 0 0 0 4259840 16384 0 4096 0 0 0 0 0 0 0 0 0 2048 0 0 0 0 0 0 0 0 16384 16 0 0 0 0 0 0 0 0 0 0 0 0 0 0 0 0 0 0 0 0 0 0 0 1024 0 0 0 4194304 0 2048 4 0 0 0 0 0 128 0 0 0 33554432 0 4864 0 0 0 0 134218240 0 1024 4 8192 0 0 0 0 1056768 4 4096 0 576 2097152 268435456 8193 16384 0 0 0 0 0 0 0 0 0 0 0 0 0 0 0 0 0 0 0 0 1024 0 1048576 0 0 0 32768 0 65536 16 0 0 0 8 0 0 0 0 0 0 0 0 0 0 0 0 0 0 0 0 0 0 0 0 0 512 0 4194304 128 0 4100 0 0 0 0 0 16777216 0 0 0 0 393216 4864 0 16384 0 0 512 0 2181039104 0 8192 268435456 0 0 0 1048576 68 4096 0 0 2097152 268435456 1 16384 0 0 0 0 0 0 4259840 16384 0 4096 0 16777216 0 0 0 0 0 0 16 0 0 33554432 0 0 0 0 32769 0 65536 16 0 0 0 8 0 0 0 0 0 0 0 0 0 0 0 0 0 0 0 0 0 0 0 0 0 512 8704 64 0 0 0 0 0 0 8 0 128 0 0 0 0 0 256 0 0 0 0 134217728 0 2147484672 0 8192 128 0 0 0 1048576 64 4096 0 512 0 0 256 0 0 0 0 0 0 0 0 0 0 0 0 16777216 0 0 0 0 0 0 16 0 1024 33554432 1048576 0 2147483648 0 32769 0 65540 0 33554432 268435456 0 0 0 0 0 0 0 0 0 0 0 0 0 0 0 0 0 0 0 0 0 32 0 512 512 64 0 0 0 0 0 0 8 0 16777216 0 0 0 0 0 64 128 0 0 0 0 0 0 8192 0 268435584 524288 0 0 545259520 64 537919488 0 16 0 0 256 1 0 0 0 0 0 0 0 4259840 16384 0 4096 262144 16777216 0 0 0 0 8192 0 16 2048 0 2 0 0 2147483648 0 0 0 16384 0 33554432 0 0 0 0 0 0 0 0 0 0 0 0 0 0 0 0 0 0 0 0 0 0 32 0 0 0 536870912 0 2048 0 0 0 0 8 0 0 16384 32768 0 0 0 64 0 0 0 0 134217728 67108864 0 8196 0 64 0 0 131104 8396800 0 524288 0 16 0 0 8192 0 0 0 0 0 0 0 4194304 0 0 0 0 0 0 0 0 0 16777216 0 0 0 0 0 0 0 0 0 1 0 0 16 0 0 0 0 0 0 0 0 0 0 0 0 0 0 0 0 0 0 0 0 0 0 0 0 0 512 0 4194304 0 2048 0 0 0 0 8 0 128 16384 0 0 0 0 256 0 0 0 0 0 0 0 0 0 0 0 0 0 1048576 0 0 0 576 0 0 8192 16384 0 0 0 0 0 0 4194304 16384 0 4096 0 16777216 0 0 0 0 0 0 0 2048 0 0 0 0 0 0 1 0 16388 16 33554432 0 0 0 0 0 0 0 0 0 0 0 0 0 0 0 0 0 0 0 0 0 0 0 0 0 512 4194368 0 0 4 0 0 0 0 0 128 0 0 0 0 0 768 0 0 0 0 512 0 1024 0 8192 128 0 0 0 1048576 68 4096 0 528 2097152 268435456 256 1 0 0 0 0 0 0 0 0 0 0 0 0 0 0 0 0 0 0 0 0 0 0 0 0 0 0 0 0 0 0 0 0 0 0 0 0 0 0 0 0 0 0 0 0 0 0 0 0 0 0 0 0 0 0 0 0 0 0 4194304 0 2048 0 0 0 0 0 0 0 0 0 0 0 0 256 0 0 0 0 512 0 0 0 0 0 0 0 0 1048576 0 0 0 0 0 0 0 0 0 0 0 0 0 0 0 0 0 0 0 0 0 0 0 0 0 0 0 0 0 0 16 0 0 0 0 0 0 0 0 0 0 0 0 0 0 0 0 0 0 0 0 0 0 0 0 0 0 0 0 0 0 0 0 0 0 0 0 0 0 0 0 0 0 4352 0 0 0 0 512 0 0 0 0 0 0 0 0 0 0 0 0 64 2097152 0 0 0 0 0 0 0 4259840 0 0 0 0 16777216 0 0 0 0 16777216 0 0 0 0 0 1048576 0 0 0 0 0 81920 0 0 0 0 0 0 0 0 0 0 0 0 0 0 0 0 0 0 0 2048 0 0 0 0 1056 0 512 0 536903680 32768 0 0 0 0 0 0 0 128 16384 32768 0 0 0 512 128 0 0 0 134217728 67108864 2147483648 8192 0 192 0 0 131104 0 0 538443776 0 0 0 0 256 1 0 0 0 0 0 0 0 0 0 0 0 0 0 0 0 0 0 0 0 0 0 0 0 0 0 0 0 0 0 0 0 0 0 0 0 0 0 0 0 0 0 0 0 0 0 0 0 0 0 0 0 0 0 0 1024 0 0 0 0 0 2048 0 0 0 0 0 0 0 0 0 0 0 0 256 0 0 0 0 512 0 0 0 0 0 0 0 0 0 0 0 0 64 0 0 0 0 0 0 0 0 0 0 0 0 0 0 0 0 0 0 0 0 0 0 0 0 0 0 0 0 0 0 0 0 0 0 0 0 0 0 0 0 0 0 0 0 0 0 0 0 0 0 0 0 0 0 0 0 0 0 0 0 0 0 0 0 0 0 0 0 0 0 0 0 0 0 0 0 0 0 0 0 0 0 8192 0 0 0 0 1048576 0 4096 0 0 0 0 0 268435456 4 0 0 67108864 2 0 0 0 0 0 0 16785408 0 0 0 8388608 2 0 0 1024 1024 0 0 0 0 0 0 0 8 0 0 0 0 0 0 0 0 0 268435456 0 0 0 0 2048 0 0 0 536870912 0 8192 0 0 32768 32900 0 0 0 0 0 0 0 0 16384 0 0 0 131080 0 0 16384 512 0 536870912 67108864 2147483648 0 0 64 0 0 131104 512 0 524288 16384 0 0 0 0 0 0 4194304 16384 67108864 4096 0 16777216 0 0 0 0 0 0 0 2048 0 0 0 0 0 0 1 0 16388 16 33554432 0 0 0 0 0 0 0 0 0 0 0 0 0 0 0 0 0 0 0 0 0 0 0 0 512 0 64 0 2048 4 0 0 0 8 0 16777344 0 0 0 0 0 768 128 16384 32768 0 0 0 1024 0 8192 0 0 0 0 1056768 64 0 0 592 0 0 0 0 0 0 0 0 16384 67108864 0 0 16777216 0 0 0 0 0 0 0 2048 0 0 1 0 2147483648 0 0 0 0 0 0 0 0 0 0 0 0 0 0 0 0 0 0 0 0 0 0 4096 2048 0 0 0 16384 32 0 8 512 64 32768 64 0 0 0 0 0 0 0 16384 32768 0 33562624 0 64 0 8192 2147483648 0 536870912 0 0 4 0 64 0 0 196640 8388608 0 536870912 0 2097168 16384 0 0 0 0 0 0 4194304 16384 0 4098 0 16777216 0 0 0 0 0 0 0 0 0 33554432 0 0 0 0 0 0 4 16 0 0 0 0 0 0 0 0 0 0 0 0 0 0 0 0 0 0 0 0 0 0 0 1024 0 0 0 4194304 0 2048 0 0 0 0 8 0 128 0 0 0 0 0 4352 0 0 0 0 512 67108864 0 4 8192 128 0 0 0 9445376 4 1048576 0 576 2097152 268435456 8193 16384 0 0 0 0 0 0 4194304 16384 0 4096 0 0 0 0 0 0 0 0 0 0 0 0 0 0 0 0 0 0 0 16 0 0 0 0 0 0 0 0 0 0 0 0 0 0 0 0 0 0 0 0 0 0 536870912 9216 0 512 0 4194304 132 0 4 0 0 0 0 0 16777344 0 0 0 0 0 4864 128 0 0 0 512 0 1024 4 0 0 0 0 0 1056768 4 4096 0 592 2097152 268435456 1 0 0 0 0 0 268435456 4 0 0 0 2 0 0 0 0 0 0 16777216 262144 0 0 0 0 0 0 0 0 0 0 0 0 0 8192 268435456 0 0 0 0 0 0 0 0 0 0 0 0 0 0 512 272384 0 0 0 2147483648 9216 0 0 8704 32768 32772 0 0 0 0 0 16777216 0 0 0 0 0 33554432 8 0 128 2147483648 512 0 536870912 0 0 0 0 0 524288 0 65536 512 0 537919488 0 0 0 0 0 1 0 0 0 0 0 0 0 0 0 0 0 0 0 0 0 0 0 0 0 0 0 0 0 0 0 2147483648 0 0 0 4 16 0 0 0 0 0 0 0 0 0 0 0 0 0 0 0 0 0 0 0 0 0 0 0 0 0 512 0 4194304 0 2048 0 0 0 0 0 0 0 16384 0 0 0 0 4352 0 0 0 0 512 0 0 0 0 0 0 0 0 0 4 4096 0 592 2097152 268435456 8193 16384 0 0 0 0 0 0 4194304 16384 67108864 4096 0 16777216 0 0 0 0 16777216 0 16 4 0 0 0 0 0 0 0 0 4 16 0 0 0 0 0 0 0 0 0 0 0 0 0 0 0 0 0 0 0 0 0 0 0 0 8192 520 8192 4194368 0 2048 4 0 0 0 8 0 128 16384 0 0 0 131080 320 0 16384 0 0 0 0 0 0 0 0 0 0 0 1048576 0 0 0 576 0 0 256 1 0 0 0 0 0 0 0 65536 0 0 0 0 0 0 0 0 0 8193 0 0 0 0 2 0 0 2147483648 0 0 0 0 0 0 0 0 0 0 0 0 0 0 0 0 0 0 0 0 0 0 0 0 0 0 0 0 1024 0 0 0 0 0 0 0 0 0 0 0 0 0 0 0 0 33554432 0 4608 0 0 0 0 512 0 0 4 8192 0 0 0 0 545259520 64 536870912 0 16 0 268435456 1 16384 0 0 0 0 0 0 4194304 16384 67108864 4096 0 0 0 0 0 0 0 0 0 2048 0 33554434 0 0 2147483648 0 0 0 4 16 33554432 0 0 0 0 0 0 0 0 0 0 0 0 0 0 0 0 0 0 0 0 0 0 0 8192 0 0 4194368 0 2048 0 0 0 0 0 0 0 0 0 0 0 0 4352 0 0 0 0 134218240 0 0 4 8192 0 0 0 0 1048576 4 536870912 0 576 2097152 268435456 8449 0 0 0 0 0 0 0 0 0 0 0 0 0 0 0 0 0 8192 32 16 0 525312 33554432 0 0 0 1024 32768 0 4 0 0 268435456 268435456 8 0 0 0 0 0 0 0 0 0 0 0 0 0 512 0 0 0 0 2147483648 0 8192 8 8704 0 4 0 4096 0 0 0 8 0 16777216 0 0 0 0 393224 0 0 16384 512 0 536870912 0 0 0 0 0 524288 0 0 536871440 0 0 0 0 0 0 0 0 0 0 0 0 0 0 0 0 0 8192 0 0 2048 0 0 1048576 0 2147483648 0 0 0 16384 0 33554432 268435456 0 0 0 0 0 67108864 0 0 0 0 0 0 0 0 0 0 0 0 0 0 0 32 0 0 0 4194304 0 2048 4 0 0 0 0 0 16777216 0 0 0 33554432 131072 576 128 16384 0 0 512 0 0 0 0 268435520 524288 0 0 8192 4 537919488 0 16 2097152 268435456 8193 0 0 0 0 0 16384 0 0 0 0 2 0 0 0 0 0 0 16777216 0 16 0 1024 33554432 0 0 1024 0 0 0 65536 0 0 0 0 0 0 0 0 0 0 0 0 0 0 0 0 0 0 0 0 0 0 0 0 1024 0 8 8704 4194304 0 0 0 0 0 0 0 0 0 16384 0 0 0 8 4160 0 2147483648 512 0 512 67108864 0 0 0 268435584 0 0 0 545259520 4 1052672 0 0 2097152 268435456 256 1 16384 0 0 0 0 0 0 4194304 16384 67108864 4096 0 16777216 0 0 0 0 0 0 16 0 0 33554432 0 0 0 0 0 0 4 16 0 0 0 0 0 0 0 0 0 0 0 0 0 0 0 0 0 0 0 0 0 0 0 0 8192 520 0 4194304 0 2048 4 0 0 0 8 0 128 16384 0 0 0 0 4352 0 0 0 0 512 0 1024 4 8192 0 0 0 0 1048576 4 0 0 576 2097152 268435456 8192 16384 0 0 0 0 0 0 0 0 0 0 0 0 0 0 0 0 0 0 0 0 0 0 0 0 0 0 0 0 65536 0 0 0 0 0 0 0 0 0 0 0 0 0 0 0 0 0 0 0 0 0 0 0 0 0 0 0 0 0 0 0 0 0 0 0 0 0 0 0 0 0 0 0 512 0 0 0 0 512 0 1024 0 8192 0 0 0 0 1048576 4 4096
is_linear=0
shrinkage=0.05


Tree=10
num_leaves=63
num_cat=23
split_feature=8 8 11 5 5 8 0 11 5 0 6 0 5 6 0 6 6 6 5 0 0 5 5 0 5 8 6 0 0 6 5 5 19 5 16 6 0 5 8 0 11 5 6 0 0 0 0 0 16 0 0 0 5 0 8 5 16 11 0 0 18 0
split_gain=1.55215e+06 235472 222860 44286.6 43797.6 34141.9 32503.6 25874.1 20672.8 16835.3 11382.3 11291.3 9723.76 9196.2 9064.88 8267.39 7858.76 7844.23 6234.8 4633.06 4282.17 3935.96 3929.65 3797.12 3663.82 3422.61 3106.38 3019.46 2957.56 2879.68 2809.17 2742.44 2687.83 2662.89 2631.6 2598.35 2509.68 2503.58 2384.53 2334.62 2222.03 2192.84 2190.68 2174.24 2013.2 2013.1 1995.99 1985.45 1978.87 1968.73 1964.62 1871.42 1770.35 1769.95 1702.55 1669.7 1608.86 1552.15 1541.78 1537.65 1521.99 1678.79
threshold=1.928571403026581 7.0714285373687753 0.88901093602180492 20.500000000000004 2.5000000000000004 3.3571429252624516 0 0.54124322533607494 1.0000000180025095e-35 1 41.500000000000007 2 6.5000000000000009 10.500000000000002 3 3.5000000000000004 5.5000000000000009 1.0000000180025095e-35 1.0000000180025095e-35 4 5 2.5000000000000004 1.0000000180025095e-35 6 1.5000000000000002 0.35714286565780645 4.5000000000000009 7 8 1.0000000180025095e-35 6.5000000000000009 2.5000000000000004 1.0000000180025095e-35 18.500000000000004 1.0000000180025095e-35 3.5000000000000004 9 9.5000000000000018 12.071428775787355 10 0.33565936982631689 70.500000000000014 1.0000000180025095e-35 11 12 13 14 15 1.0000000180025095e-35 16 17 18 1.0000000180025095e-35 19 1.0000000180025095e-35 39.500000000000007 1.0000000180025095e-35 1.2212273478507998 20 21 10.500000000000002 22
decision_type=2 2 2 2 2 2 9 2 2 9 2 9 2 2 9 2 2 2 2 9 9 2 2 9 2 2 2 9 9 2 2 2 2 2 2 2 9 2 2 9 2 2 2 9 9 9 9 9 2 9 9 9 2 9 2 2 2 2 9 9 2 9
left_child=2 5 4 13 7 15 12 11 17 33 27 60 26 23 35 24 21 25 29 56 -20 45 42 32 44 -8 50 55 -14 40 59 53 -3 -6 57 -10 -31 -18 -15 -19 47 -12 -9 -22 -2 -7 -11 -13 -26 -27 -4 -23 54 -25 -52 -5 -16 -21 -32 -17 61 -1
right_child=1 3 6 10 9 16 8 22 14 46 41 18 28 38 19 30 37 39 20 34 43 51 -24 31 48 49 -28 -29 -30 36 58 -33 -34 -35 -36 -37 -38 -39 -40 -41 -42 -43 -44 -45 -46 -47 -48 -49 -50 -51 52 -53 -54 -55 -56 -57 -58 -59 -60 -61 -62 -63
leaf_value=0.022456855269055137 0.016660339644691994 0.051787303437439605 0.026571475336126683 0.081930954592496552 0.042429241287831862 0.031521317752825927 -0.033354505923613144 -0.033648550757121795 0.0071279486854187828 0.013912835579746938 0.10352133247392317 -0.030988996335138731 0.096298427276391485 0.060500105908208771 -0.0016545513347509247 0.032658052694610244 0.041069026447131951 0.0020470536158912808 0.0066881576868868149 -0.016650260364000285 -0.0076198344200632297 0.040540187676910699 -0.022756565021222048 -0.0021388944298864551 0.013718634583078732 -0.0086975403693467911 0.035042038080545131 0.062257896369459026 0.044022467618802991 0.013233045596716751 0.1081604767373094 0.049689712660337435 0.069651222024587386 0.09868843911770564 -0.0021784194342883449 0.026847556750120349 -0.037268851895830811 0.056117510294665697 0.072775841036746045 -0.011937031286864564 -0.041736477888730236 0.12641935114600797 -0.025820752475532269 -0.036269552614462637 0.0034583135166535574 0.01859192228338969 -0.015556379877792148 -0.048341338422128385 0.024825216169383751 -0.021955205589885327 -0.027018505936321654 0.030667749882226755 0.01301275247913637 0.03642673632293638 0.0031930536903145672 0.099432034386263912 0.0097592454964224688 -0.0075527051300194117 0.041329703159188595 0.020123148085315925 -0.036578149086944164 -0.010879747159428174
leaf_weight=5016.1982528567314 38460.887113690376 47526.617436647415 15079.852949857712 69245.083177089691 14613.212118983269 51141.561841011047 58202.927641987801 303358.61873829365 87432.751819252968 7156.3907000422478 30968.832014560699 17309.070471704006 3569.6962602138519 69270.833086967468 93290.641517221928 35867.25484418869 131383.54324746132 36668.73023891449 6712.8561694025993 100919.19530308247 7094.693986415863 90590.355907082558 193120.46787291765 3467.7580361366272 129949.59374701977 34687.928356587887 14479.911829352379 17256.780943632126 11473.257176280022 2536.3551273941994 903.6140114068985 97002.731390953064 37806.951251506805 2456.9591962099075 93901.361543178558 20650.162801802158 82439.531728684902 35001.841955661774 92229.556474924088 160465.90230882168 247811.79246538877 15784.934567928314 126714.2619690299 104184.3387183547 115861.25387996435 73566.342591047287 29034.480917215347 421574.61210507154 58006.679731488228 146259.02311074734 5779.6007364988327 103247.67730748653 45547.698214888573 21208.456651449203 24143.933328509331 16968.13481092453 46146.588193237782 87563.056917905807 19051.746602892876 77641.362433254719 3936.892976641655 15181.385774731636
leaf_count=4044 23687 12555 9077 9449 6158 24810 59096 333042 60654 4792 2606 18985 831 17109 70851 17581 49722 28276 5140 89664 6327 35035 195772 1675 75493 30492 7721 3261 4582 2331 218 27736 8947 360 74914 11708 97660 10029 16580 138478 300797 833 132369 118548 80898 40267 26065 535901 31176 138258 4859 45424 29301 7872 18136 1650 32624 68247 7598 42492 3958 14163
internal_value=-0.000350616 0.0407495 -0.0230682 0.0678957 -0.0349926 0.0260913 -0.00561132 -0.0365372 -0.00866034 0.00958259 0.0907775 -0.0418946 0.0189221 0.058568 -0.00202414 0.0165748 0.0354276 -0.0167208 -0.0428099 -0.00533442 -0.0321061 0.0308273 -0.0286816 0.0515915 0.0124589 -0.0228078 0.0135389 0.0815259 0.0565208 -0.0444471 0.0271302 0.0459 0.0596949 0.0504972 -0.00901658 0.0108945 -0.0357643 0.0442347 0.0675105 -0.00933637 -0.0455216 0.111252 -0.0313422 -0.0344438 0.00674989 0.0238982 -0.0097269 -0.0476588 0.0171463 -0.0194154 0.0101003 0.0352853 0.00680484 0.031021 -0.00264218 0.0853655 0.00212268 -0.0124238 0.0444308 0.0240887 -0.00813478 -0.00259466
internal_weight=4.15592e+06 1.47941e+06 2.67651e+06 518737 1.59025e+06 960674 1.08626e+06 1.53699e+06 966188 53261 150224 913798 120074 368513 529904 475742 484931 436285 889663 421821 117992 318546 623193 207013 342278 239150 105031 103470 15043 771671 133464 121679 85333.6 17070.2 282384 108083 84975.9 166385 161500 197135 686695 46753.8 430073 111279 154322 124708 36190.9 438884 187956 180947 90551.1 193838 75471.2 24676.2 29923.5 86213.2 139437 188482 19955.4 113509 24134.5 20197.6
internal_count=3278884 594703 2684181 110273 1806412 484430 877769 1769037 803262 37375 17799 1107854 74507 92474 408662 279143 205287 394600 1085689 336300 130015 145536 661183 58785 211254 227846 69094 14360 5413 955674 67889 37283 21502 6518 232825 72362 99991 59751 33689 166754 855683 3439 465411 124875 104585 65077 30857 554886 106669 168750 61373 80459 52296 9547 22995 11099 103475 157911 7816 60073 22165 18207
cat_boundaries=0 95 190 285 381 471 567 662 757 850 946 1041 1131 1227 1322 1418 1510 1606 1696 1791 1883 1962 2057 2147
cat_threshold=16384 0 0 0 0 0 0 4259840 16384 0 4096 0 16777216 0 0 0 0 0 0 16 0 0 33554432 0 0 0 0 1 0 81920 16 0 0 0 0 0 0 0 0 0 0 0 0 0 0 0 0 0 0 0 0 0 0 0 0 0 512 0 4194304 0 2048 4 0 0 0 0 0 128 0 0 0 0 0 768 0 0 0 0 134218240 0 1024 0 8192 128 0 0 0 1048576 64 4096 0 576 2097152 268435456 256 16384 0 0 0 0 0 0 4194304 16384 0 0 0 0 0 0 0 0 0 0 0 2048 0 2 0 0 2147483648 0 0 0 65536 16 33554432 0 0 0 0 0 0 0 0 0 0 0 0 0 0 0 0 0 0 0 0 0 0 0 0 0 0 4194304 128 2048 4 0 0 0 0 0 0 16384 0 0 33554432 0 4352 128 0 0 0 512 0 0 4 8192 268435456 0 0 0 9445376 68 0 0 16 2097152 268435456 8193 16384 0 0 0 0 0 0 0 16384 0 0 0 0 0 0 0 0 0 0 0 0 1024 0 1048576 0 2147483648 0 0 0 65536 16 0 0 0 0 0 0 0 0 0 0 0 0 0 0 0 0 0 0 0 0 0 0 0 0 0 512 512 4194304 128 0 4096 0 0 0 0 0 16777216 0 0 0 0 393216 4864 0 16384 0 0 512 0 2181039104 0 8192 268435456 0 0 0 1048576 68 4096 0 0 2097152 268435456 1 0 0 0 0 0 0 0 0 0 0 0 0 0 0 0 0 0 8192 0 0 2048 0 0 1048576 0 2147483648 0 32768 0 4 0 33554432 0 0 8 0 0 0 0 0 0 0 0 0 0 0 0 0 0 0 0 0 0 0 1056 0 0 512 64 0 0 0 0 0 0 8 0 16777216 0 0 0 33554432 0 4160 128 16384 0 0 0 0 2147483648 8196 0 268435456 524288 0 0 536879104 4 1048576 0 16 0 0 8193 1 0 0 0 0 0 268435456 4 0 0 0 0 0 0 0 0 0 0 16777216 0 0 0 8389632 2 0 0 1024 0 33554432 0 0 0 0 268435456 0 0 0 0 0 0 0 0 0 0 0 268435456 0 0 0 0 2048 0 0 0 536870912 0 8192 0 8192 536903680 32900 0 0 0 0 0 0 0 0 16384 0 0 0 393224 0 0 0 512 0 0 67108864 0 0 0 64 0 0 131104 8389120 0 537395200 0 0 0 0 0 0 0 4259840 0 0 4096 262144 16777216 0 0 0 0 16777216 0 16 2048 0 2 0 0 0 0 0 0 16384 0 33554432 0 268435456 0 0 0 0 0 0 0 0 0 0 0 0 0 0 0 2048 0 0 0 2147483648 32 0 0 0 0 0 2048 4 0 0 0 16777216 0 128 16384 32768 0 33554432 0 64 0 0 0 0 536870912 67108864 0 4 0 0 0 0 32 8396800 0 0 0 16 0 0 8192 1 0 0 0 0 0 0 0 4194304 0 0 0 0 0 0 0 0 0 16777216 0 0 0 0 0 0 0 0 0 1 0 0 16 0 0 0 0 0 0 0 0 0 0 0 0 0 0 0 0 0 0 0 0 0 0 0 0 8192 512 0 4194304 0 2048 0 0 0 0 0 0 128 16384 0 0 0 0 256 0 0 0 0 0 0 0 4 0 0 0 0 0 1048576 0 0 0 64 0 0 8192 0 0 0 0 0 0 0 0 0 0 0 0 0 0 0 0 0 0 0 0 2048 0 0 0 0 2147483648 0 0 0 0 16 0 0 0 0 0 0 0 0 0 0 0 0 0 0 0 0 0 0 0 0 0 0 0 0 0 0 0 4194304 0 2048 0 0 0 0 0 0 0 0 0 0 0 0 4416 0 0 0 0 512 0 0 0 0 0 0 0 0 0 0 0 0 80 2097152 268435456 8193 0 0 0 0 0 0 0 0 0 0 0 0 0 0 0 0 0 0 0 16 0 0 0 0 0 0 0 0 0 0 0 0 0 0 0 0 0 0 0 0 0 0 0 0 0 0 0 0 0 0 0 0 0 0 0 0 0 0 4194304 0 2048 0 0 0 0 0 0 0 0 0 0 0 0 256 0 0 0 0 512 0 0 0 0 0 0 0 0 0 0 0 0 64 2097152 0 0 0 0 0 0 0 65536 0 0 4096 0 16777216 0 0 0 0 8192 262144 16 2048 0 2 0 0 0 0 32768 0 16384 0 33554432 8192 268435456 0 0 0 0 0 0 0 0 0 0 0 0 0 0 0 0 0 0 0 0 32 0 0 8192 536870912 32768 0 4 0 0 0 8 0 0 16384 32768 0 0 0 64 0 0 0 0 0 67108864 0 4 0 64 0 0 131104 8396800 0 0 0 16 0 0 8192 1 0 0 0 0 0 268435456 0 0 0 0 0 0 0 0 0 0 0 16785408 0 0 2048 525312 0 1048576 0 0 0 32768 0 0 0 33554432 0 0 8 0 0 0 0 0 0 0 0 0 0 0 0 0 0 2048 0 0 0 0 0 0 0 8704 64 0 0 0 0 0 0 8 0 0 0 0 0 33554432 131072 4160 128 16384 0 0 0 0 2147483648 4 0 268435520 0 0 131104 536879104 4 0 0 16 0 0 8192 0 0 0 0 64 268435456 0 0 0 0 8388610 0 0 0 0 0 0 0 0 0 0 524288 0 0 0 1024 0 32768 0 0 0 0 8192 0 0 0 0 0 0 0 0 0 0 0 0 0 0 0 4608 0 0 0 0 0 1024 2 8 0 536903680 32772 0 0 0 0 0 8 0 0 0 0 0 0 8 0 128 0 512 0 134217728 0 0 8192 0 64 524288 0 196608 536871440 0 537395200 16384 0 0 0 0 0 0 4194304 16384 67108864 4096 0 16777216 0 0 0 0 0 0 0 0 1024 0 0 0 1024 0 1 0 0 16 33554432 0 0 0 0 0 0 0 0 0 0 0 0 0 0 0 0 0 0 0 0 0 0 0 0 512 512 64 0 67584 4 0 0 0 8 0 16777344 0 0 0 0 0 768 0 16384 33280 0 0 0 0 0 8192 0 0 0 0 537919488 64 4096 0 512 0 0 0 1 16384 0 0 0 0 0 0 4194304 16384 0 4096 0 16777216 0 0 0 0 16777216 0 0 0 0 0 0 0 0 0 0 0 4 16 0 0 0 0 0 0 0 0 0 0 0 0 0 0 0 0 0 0 0 0 0 0 0 0 8192 520 8192 4194368 0 2048 4 0 0 0 8 0 16777344 16384 0 0 0 131080 256 0 16384 0 0 0 0 1024 0 0 0 0 0 0 1056768 0 0 268435456 592 0 0 256 0 0 0 0 0 0 0 65536 0 0 4096 0 16777216 0 0 0 0 16777216 0 0 0 524288 0 1048576 0 0 0 32768 0 0 0 0 0 0 0 0 0 0 0 0 0 0 0 0 0 0 0 0 0 2048 0 0 0 0 32 0 512 8192 536903680 32768 0 0 0 0 0 0 0 16777344 0 32768 0 0 8 576 0 0 0 0 0 67108864 2147484672 8192 0 128 524288 0 0 16 0 538447872 0 0 0 0 0 1 0 0 0 268435456 0 0 0 0 0 67108864 4096 0 16777216 0 0 0 0 0 0 0 0 0 33554432 1 0 0 0 32768 0 0 0 0 0 0 0 0 33554432 0 0 0 0 0 0 0 0 0 0 0 4096 0 0 0 0 0 32 0 8 0 64 32768 64 4 0 0 0 0 0 8388608 16384 32768 1073741824 33562624 0 0 0 8192 2147483648 0 536870912 0 0 4 0 64 0 0 196640 8388608 0 0 0 2097168 0 0 0 0 0 268435456 4 0 0 67108864 2 0 0 0 0 0 0 8192 262144 0 0 8913920 0 1048576 0 0 0 32768 0 0 0 33554432 0 0 8 0 0 0 0 0 0 0 0 0 0 0 0 0 4096 2048 0 0 0 0 0 0 0 8704 64 0 0 0 0 0 0 8 0 16777216 0 0 0 0 131072 0 0 2147500032 512 0 0 67108864 2181038080 0 0 64 0 0 32 0 0 536870912 0 16 0 0 0 1 16384 0 0 0 0 0 0 0 0 0 4096 0 0 0 0 0 0 0 0 0 0 0 0 0 0 0 0 0 0 0 16 0 0 0 0 0 0 0 0 0 0 0 0 0 0 0 0 0 0 0 0 0 0 0 0 0 0 0 0 0 0 0 0 0 0 0 0 0 0 0 0 0 0 0 0 0 0 0 0 0 0 0 8192 0 0 0 0 1048576 0 4096 16384 0 0 0 0 0 0 4194304 16384 0 4096 0 0 0 0 0 0 0 0 0 0 0 0 0 0 0 0 0 0 4 16 0 0 0 8 0 0 0 0 0 0 0 0 0 0 0 0 0 0 0 0 0 0 536870912 0 8192 512 0 4194304 128 2048 4 0 0 0 8 0 128 16384 0 0 33554432 0 768 128 0 0 0 512 0 1024 4 0 0 0 0 0 1048576 4 0 0 576 2097152 268435456 8193 0 0 0 0 0 0 0 0 0 0 0 0 0 0 0 0 0 8193 0 0 0 0 2 0 0 2147483648 0 0 0 0 0 0 0 0 0 0 0 0 0 0 0 0 0 0 0 0 0 0 268435456 0 0 0 0 0 1024 0 0 512 0 0 0 0 0 0 0 0 0 0 0 32768 0 33554432 0 0 0 16384 0 0 512 0 0 0 0 0 0 0 0 8388608 0 536870912 0 16 0 0 0 0 0 0 0 0 0 0 0 0 0 0 0 0 0 0 0 0 0 0 0 0 0 0 0 0 0 0 0 0 0 0 0 0 0 0 0 0 0 0 0 0 0 0 0 0 0 0 0 0 0 0 1024 0 0 0 0 0 0 0 0 0 0 0 0 0 0 0 0 0 0 256 0 0 0 0 512 16384 0 0 0 0 0 0 4194304 16384 0 4096 0 16777216 0 0 0 0 0 0 16 0 0 33554432 0 0 2147483648 0 1 0 0 16 0 268435456 0 0 0 0 0 0 0 0 0 0 0 0 0 0 0 0 0 0 0 0 0 1024 0 0 0 4194304 0 2048 4 0 0 0 0 0 128 0 0 0 0 0 4352 0 0 0 0 512 67108864 1024 4 0 128 0 0 0 8396800 4 1048576 0 576 2097152 268435456 256 16384 0 0 0 0 0 0 0 0 0 0 0 0 0 0 0 0 0 0 0 0 0 0 0 0 0 0 0 0 65536 16 0 0 0 0 0 0 0 0 0 0 0 0 0 0 0 0 0 0 0 0 0 0 0 0 0 0 0 0 0 0 0 0 0 0 0 0 0 0 0 0 0 0 512 0 0 0 0 512 0 1024 0 8192 0 0 0 0 1048576 4 4096
is_linear=0
shrinkage=0.05


Tree=11
num_leaves=63
num_cat=1
split_feature=10 10 10 5 5 10 10 10 5 6 6 6 5 5 6 6 5 15 5 5 12 10 6 6 5 6 6 5 15 10 6 19 6 7 5 7 10 5 8 2 12 10 12 15 15 8 14 15 5 12 10 18 17 12 6 19 5 5 14 12 5 6
split_gain=1.43444e+06 212116 174775 50998.5 40196.6 29651.2 20439.3 19375.9 10281.6 9860.41 9397.12 7752.79 6812.76 6280.04 5886.98 5120.66 5036.42 4158.53 3657.83 3554.19 3409.52 3122.02 3117.08 3092.94 3046.04 3042.48 3018.98 2926.07 2897.63 2896.57 2666.31 2664.98 2644.9 2453.84 2142.63 2090.96 2074.06 2052.61 1960.01 1821.54 1921.59 1837.14 1755.43 1715.14 1714.84 1672.78 1630.83 1613.03 1562.49 1332.06 1320.66 1266.06 1768.87 2092.09 1257.95 1244.31 1227.5 1199.91 1171.85 1206.51 1159.85 1155.36
threshold=1.7321428656578066 6.3392858505249032 0.5892857313156129 2.5000000000000004 18.500000000000004 3.1250000000000004 0.26785714924335485 1.0892856717109682 6.5000000000000009 34.500000000000007 1.5000000000000002 10.500000000000002 4.5000000000000009 5.5000000000000009 2.5000000000000004 2.5000000000000004 1.0000000180025095e-35 4.5000000000000009 1.0000000180025095e-35 1.5000000000000002 0.73500001430511486 1.0000000180025095e-35 2.5000000000000004 10.500000000000002 4.5000000000000009 1.0000000180025095e-35 2.5000000000000004 5.5000000000000009 4.5000000000000009 1.0000000180025095e-35 72.500000000000014 1.0000000180025095e-35 1.0000000180025095e-35 14.500000000000002 1.0000000180025095e-35 20.500000000000004 1.0000000180025095e-35 24.500000000000004 2.6428570747375493 0 1.4650000333786013 0.12500000372529033 0.90000000596046459 4.5000000000000009 4.5000000000000009 1.0714285969734194 0.84679430723190319 4.5000000000000009 1.0000000180025095e-35 0.85499998927116405 0.41071428358554846 4.5000000000000009 9.5000000000000018 1.3450000286102297 15.500000000000002 1.0000000180025095e-35 1.0000000180025095e-35 33.500000000000007 0.88790020346641552 0.97500002384185802 1.0000000180025095e-35 1.0000000180025095e-35
decision_type=2 2 2 2 2 2 2 2 2 2 2 2 2 2 2 2 2 2 2 2 2 2 2 2 2 2 2 2 2 2 2 2 2 2 2 2 2 2 2 1 2 2 2 2 2 2 2 2 2 2 2 2 2 2 2 2 2 2 2 2 2 2
left_child=2 5 3 6 11 12 10 14 22 35 16 19 17 26 18 28 39 38 -4 20 -3 -12 36 -14 -16 -22 34 -17 48 -18 -11 -21 50 -13 49 -6 -5 47 56 40 51 -41 -39 55 -20 -34 -10 -15 -9 -7 -8 52 53 -1 -29 -28 -2 -25 -54 -60 -19 -51
right_child=1 4 7 8 9 13 32 15 46 30 21 33 23 37 24 27 29 60 44 31 25 -23 -24 57 -26 -27 43 54 -30 -31 -32 -33 45 -35 -36 -37 -38 42 -40 41 -42 -43 -44 -45 -46 -47 -48 -49 -50 61 -52 -53 58 -55 -56 -57 -58 -59 59 -61 -62 -63
leaf_value=-0.04065805336151028 0.00032642976390787493 0.05025167746987258 -0.019939820880414762 0.01461010893199678 0.064594250482018209 0.024748843614336512 -0.034155198020290094 -0.010469446357308211 0.10837721371872799 0.089176282685600738 0.0099259873376089831 0.054685665916538534 0.024728306196120379 0.034117279359058526 -0.0018522014478312998 0.0077363007983227081 -0.015107934214257365 0.010914960183465074 -0.014319380327310892 0.043629895223525117 -0.0076834608871124508 -0.024781192431252229 0.028268023089087047 0.059823127117447319 0.041794035119217379 0.03197931767530509 0.024882758899415797 0.035475587772893044 0.0042212800292919404 -0.036125302709292768 0.11274157061608846 0.055324488881686444 -0.024939581425657428 0.067155544161535061 0.025364418899667091 0.077897821521311625 -0.014068543434086721 0.047822799699629451 0.014214276154857975 -0.04752648408501578 -0.041102662749009783 -0.041590585312178761 0.11904299873512028 0.038040457981832733 -0.0052217188083259723 -0.00034073012387283953 0.0452184920833196 0.044324629505638202 -0.0025673873922592337 -0.0044321010478715062 -0.028274348251329757 -0.033660018075944743 0.12409706919551391 0.087783183840705048 0.11402379005698125 0.034842749394889287 0.008481475735364381 0.14789950507492805 0.081180184976926292 -0.0072704587046931689 0.022078687146117368 0.017273758033901118
leaf_weight=2945.4807386994362 67500.729939758778 13658.649662256241 265503.5422591567 8498.3040543198586 64180.732049226761 12381.275131225586 204726.44676959515 105506.05680060387 1113.8873248100281 49081.748465538025 9445.384414434433 103156.7456870079 86380.234629869461 93220.137857556343 47042.907606065273 84641.745452165604 20171.934923171997 30716.882199585438 161484.84175223112 132028.42304480076 7388.8424010276794 20634.428309440613 7922.6995536088943 3693.1536334753036 4368.6596487760544 13989.272466659546 97341.113430023193 6198.4079439640045 100391.80752509832 87514.762660682201 15889.2791929245 77199.734090447426 159924.37500363588 63882.80659198761 98491.546149492264 54716.255933523178 24420.957326173782 2144.1281497478485 106201.30198478699 339876.04962229729 194805.80183285475 211441.806612432 1450.5213264226913 62029.744730949402 76256.369953751564 7223.307839512825 12400.167095422745 66181.9291639328 153675.13212704659 14549.804861545563 178881.9710662961 9435.7972922325134 292.18343722820282 355.27814245223999 555.39272284507751 46261.014375209808 145835.40891027451 431.91906881332397 529.06335759162903 1421.1848886013031 95917.700971126556 10594.695834755898
leaf_count=3108 48055 4223 256860 5378 10703 6282 235870 89360 216 4146 8280 23583 42389 34441 39410 59605 20232 20131 144106 36581 3523 22994 4661 1301 2186 4797 43125 3161 74178 101946 822 19367 171550 11323 46174 6457 21804 628 62147 448410 246493 264903 290 24864 65296 6735 4434 21734 115286 9794 192182 10414 209 282 113 19748 91481 40 423 1507 53210 5863
internal_value=-0.000388983 0.0360308 -0.024138 -0.0349276 0.0598414 0.0224217 -0.0367105 -0.0080015 0.0126203 0.0792759 -0.0413578 0.0511535 0.0142402 0.0311225 -0.0142596 -0.000304495 -0.0423091 0.0117029 -0.0159061 0.0454768 0.0307382 -0.0138828 0.000111476 0.0267482 0.00185661 0.0182708 0.0272699 0.0102635 -0.00299064 -0.0321883 0.0949394 0.0479449 -0.0291257 0.0594547 0.0214908 0.0707165 -0.00666498 0.0391978 0.00866411 -0.0437411 -0.0397757 -0.0452499 0.0765617 0.0310925 -0.0114013 -0.0238765 0.0504243 0.0383553 -0.00578411 0.0113241 -0.0314129 -0.0225184 -0.00355286 -0.0268332 0.0419349 0.0280913 0.00590117 0.0690452 0.0307148 0.0167244 0.0193708 0.00471371
internal_weight=4.1461e+06 1.6365e+06 2.50961e+06 1.50398e+06 595172 1.04132e+06 1.44963e+06 1.00562e+06 54356 183868 898869 411304 536677 504646 554656 450969 868789 446172 503245 244265 35036.8 30079.8 40842 90505.3 51411.6 21378.1 341649 91395.5 359573 107687 64971 209228 550756 167040 136017 118897 32919.3 162997 319537 761103 209785 551318 3594.65 205632 237741 167148 13514.1 159402 259181 37525.8 383608 14979 5543.19 3300.76 6753.8 143602 213336 4125.07 2242.43 1950.25 126635 25144.5
internal_count=3278814 657222 2621592 1772031 125525 531697 1735538 849561 36493 22128 1129201 103397 318754 212943 507858 341703 1097927 275024 466262 68491 12543 31274 31843 43730 41596 8320 155850 62879 278824 122178 4968 55948 606337 34906 68113 17160 27182 57093 201683 975749 262436 713313 918 87737 209402 178285 4650 56175 204646 21939 428052 15943 5529 3390 3274 62873 139536 1341 2139 1930 73341 15657
cat_boundaries=0 1
cat_threshold=4
is_linear=0
shrinkage=0.05


Tree=12
num_leaves=63
num_cat=21
split_feature=11 8 11 8 5 5 8 11 0 0 0 0 5 6 5 5 5 8 5 0 8 6 6 0 0 0 0 11 8 0 6 15 15 6 15 0 5 0 8 19 0 19 5 15 0 17 15 0 19 0 8 0 11 6 0 5 9 5 0 6 0 0
split_gain=1.2494e+06 212187 145995 39973.5 39840.7 30297.4 23032.8 17242.1 12762.4 12231.8 12044.9 11180.4 9063.04 8479.55 8433.05 7289.84 6321.94 5935 5626.32 3996.1 3790.38 3705.99 3555.97 3166.11 3140.57 2873.95 2853.4 2852.04 2800.49 2779.13 2546.85 2483.89 2338.73 2308.42 2172.19 2165.59 2127.61 2111.28 2022.48 1786.62 1724.61 1711.26 1706.44 1694.51 1683.27 1679.17 1599.47 1584.6 1566.82 1551.77 1542.76 1469.47 1460.01 1409.54 1396.35 1342.77 1325.59 1324.93 1315.82 1325.6 1262.32 1251.77
threshold=1.5750619173049929 5.6428573131561288 0.80136853456497203 16.071428298950199 2.5000000000000004 1.5000000000000002 1.214285731315613 0.52135911583900463 0 1 2 3 41.500000000000007 1.0000000180025095e-35 1.0000000180025095e-35 8.5000000000000018 1.0000000180025095e-35 2.7857142686843877 10.500000000000002 4 0.5000000149011613 1.5000000000000002 1.0000000180025095e-35 5 6 7 8 0.33565936982631689 2.3571429252624516 9 1.0000000180025095e-35 4.5000000000000009 4.5000000000000009 7.5000000000000009 4.5000000000000009 10 33.500000000000007 11 78.142856597900405 1.0000000180025095e-35 12 1.0000000180025095e-35 1.0000000180025095e-35 4.5000000000000009 13 43.500000000000007 4.5000000000000009 14 1.0000000180025095e-35 15 0.35714286565780645 16 2.8085988759994511 1.0000000180025095e-35 17 1.0000000180025095e-35 10.34062719345093 1.0000000180025095e-35 18 4.5000000000000009 19 20
decision_type=2 2 2 2 2 2 2 2 9 9 9 9 2 2 2 2 2 2 2 9 2 2 2 9 9 9 9 2 2 9 2 2 2 2 2 9 2 9 2 2 9 2 2 2 9 2 2 9 2 9 2 9 2 2 9 2 2 2 9 2 9 9
left_child=2 5 4 15 7 11 14 9 18 45 44 52 37 20 22 26 24 35 33 -18 -13 42 50 -16 -11 -21 -3 53 -15 36 57 51 47 48 41 -10 -20 39 -14 -5 -12 60 -8 -19 -6 58 -23 56 -7 -22 -4 -25 -2 -26 -55 -39 -17 -9 -1 -60 -28 -34
right_child=1 3 6 12 10 8 21 30 17 16 40 13 38 28 23 32 19 43 29 25 49 46 -24 31 27 -27 34 -29 -30 -31 -32 -33 61 -35 -36 -37 -38 55 -40 -41 -42 -43 -44 -45 -46 -47 -48 -49 -50 -51 -52 -53 -54 54 -56 -57 -58 -59 59 -61 -62 -63
leaf_value=0.023361405396070123 0.014572165962600801 0.010806279054436135 -0.031861013417639188 0.062994881273035208 0.061968826787777022 0.024267486220802194 -0.0094866506632947569 -0.033367254561289104 0.018713298859442926 -0.026376678288769946 0.014415844812305543 -0.028289416297168486 0.083160530715206238 0.0024637368442969512 0.010208370748457289 0.050573918073079739 0.010258160515010287 0.021088737345180662 0.067400680473057042 -0.0047113992449422017 0.0066922886337486805 0.0026723482908340189 -0.014557604613729961 -0.0031705566716977492 -0.047738723828500161 -0.035456859994783867 0.039298258201095546 -0.040225586926688761 0.014797682525170228 0.045446732206990255 -0.023701550234854728 -0.0040728342673193906 0.060475152848983138 0.040709061693090513 0.047903215137230469 0.0082074190544247239 0.14378727180421921 0.017566863410096136 0.10746090144254045 0.075546216205101491 -0.015352442776756693 0.043324146999629776 -0.00020379567237481749 0.030731285750622096 0.030232749015823387 -0.036458589804906544 0.013589253654086931 0.040949306392144356 0.033958387476326526 -0.0085890058190712989 -0.022237779571485934 -0.015830766962568337 0.025772994490616458 0.0063671567935208997 -0.039091095377191798 0.056920823464437137 0.08323807225880625 -0.026307881189107582 -0.0095151186693090278 0.074757419206275003 0.028834721642989138 0.044161796556929873
leaf_weight=4763.0799446105957 62394.118320584297 8735.0014902353287 59210.442511558533 73364.511489391327 7460.950443148613 131009.49251067638 79517.732222318649 251774.12537038326 80953.913590073586 25271.401295483112 6204.0136464238167 21368.079594910145 45352.675715208054 100886.0867651701 19415.519601881504 72609.704766511917 5666.745974779129 131781.76038849354 3634.9702609777451 8304.3371645212173 21955.228244662285 91014.499556779861 133798.79376173019 26782.569642663002 384575.13924586773 91766.269526898861 52455.776411890984 255893.93200492859 84628.516925573349 29706.563843846321 150666.3141746521 94748.238473773003 71389.916918992996 38897.636693954468 63727.079689860344 124614.41657447815 1216.7177114486694 2289.8766094446182 10555.237952232361 46211.582131385803 22447.350578486919 71545.237959742546 131176.44168251753 69638.318337798119 9670.797710776329 3639.9350450634956 53142.595843136311 58449.402824044228 61189.949899435043 68201.884431004524 140415.76437246799 159756.09253430367 54511.155310094357 1807.6145293712616 26747.716925680637 40566.039994478226 3244.8475141525269 90305.824522137642 14460.972810447216 482.19660919904709 64974.308235168457 14428.250829219818
leaf_count=3816 38174 3818 65360 9415 1888 58245 69637 297119 43481 29188 3887 20220 3195 71434 13565 15053 4250 61760 875 7537 15739 64748 125915 21718 531791 111057 15771 332999 47231 8969 164308 80494 14139 13463 18688 76909 108 577 458 5692 20582 22004 98061 28929 4123 3894 34655 14342 26673 54240 142643 145915 27285 1940 34621 6291 527 99684 14196 303 21900 3479
internal_value=-0.000350808 0.0311683 -0.0243029 0.0526389 -0.0349208 0.0173386 -0.00968098 -0.0365158 0.0238882 -0.040943 0.0109308 0.00669565 0.0703848 0.00154014 -0.015389 0.0445929 -0.0419839 0.0183223 0.0324135 -0.030595 -0.00935542 0.000519374 -0.0208648 -0.00931738 -0.0437189 -0.0329062 0.0389481 -0.0443729 0.00809027 0.0512314 -0.029118 -0.0106651 0.0512973 0.0296008 0.0399188 0.012346 0.0863791 0.0644083 0.0877484 0.0678398 -0.0089038 0.0372284 -0.00370722 0.0244225 0.044082 -0.00525562 0.0066968 0.0471775 0.0273527 -0.00486789 -0.0250921 -0.0140141 0.0197932 -0.0469429 -0.0362249 0.0548053 0.0519643 -0.0315036 0.000505208 -0.00679121 0.0335146 0.0577446
internal_weight=4.13738e+06 1.78649e+06 2.35089e+06 699899 1.36191e+06 1.08659e+06 988979 1.31613e+06 672644 823379 45783.1 413945 218340 297040 634127 481560 800033 406988 265655 105737 111525 354851 333425 300702 694296 100071 261437 669024 185515 34558.3 492746 281287 220122 231097 252702 205568 4851.69 162432 55907.9 119576 28651.4 188975 210694 201420 17131.7 23346.2 144157 134304 192199 90157.1 199626 186539 116905 413130 28555.3 42855.9 75854.6 342080 19706.2 14943.2 117430 85818.2
internal_count=3278978 749084 2529894 155349 1667183 593735 862711 1636703 319412 1075592 30480 274323 25628 208864 595610 129721 1053383 211079 108333 122844 90199 267101 333918 261692 930539 118594 82181 901351 118665 9952 561111 248127 47540 98381 78363 120390 983 21975 3653 15107 24469 59675 167698 90689 6011 22209 99403 29922 84918 69979 208003 167633 65459 568352 36561 6868 15580 396803 18315 14499 37671 17618
cat_boundaries=0 95 190 285 380 475 570 662 758 848 942 1037 1129 1225 1320 1415 1511 1603 1699 1788 1880 1975
cat_threshold=16384 0 0 0 0 0 0 4194304 16384 0 4096 0 0 0 0 0 0 0 0 0 2048 0 33554432 0 0 0 0 1 0 4 16 0 0 0 0 0 0 0 0 0 0 0 0 0 0 0 0 0 0 0 0 0 0 0 0 0 0 0 4194304 0 2048 4 0 0 0 0 0 128 0 0 0 33554432 0 4352 0 0 512 0 134218240 0 1024 4 8192 0 0 0 0 1056768 4 4096 0 576 2097152 268435456 8193 16384 0 0 0 0 0 0 0 16384 0 0 0 0 0 0 0 0 0 0 0 0 1024 0 1048576 0 0 0 32768 0 65536 16 0 0 0 0 0 0 0 0 0 0 0 0 0 0 0 0 0 0 0 0 0 0 0 0 0 512 512 4194304 128 0 4096 0 0 0 0 0 16777216 0 0 0 0 393216 4864 0 16384 0 0 512 0 2181039104 4 8192 268435456 0 0 0 1048576 68 0 0 0 2097152 268435456 1 0 0 0 0 0 0 0 4194304 16384 0 4096 0 16777216 0 0 0 0 0 0 0 2048 0 0 1048576 0 2147483648 0 0 0 0 16 33554432 0 0 0 0 0 0 0 0 0 0 0 0 0 0 0 0 0 0 0 0 0 0 0 0 0 0 4194304 0 2048 4 0 0 0 0 0 0 16384 0 0 33554432 0 4928 0 0 0 0 512 0 0 4 8192 268435456 0 0 0 9445376 4 4096 0 16 2097152 268435456 8193 16384 0 0 268435456 0 0 0 4194304 16384 67108864 4098 0 16777216 0 0 0 0 0 0 16 0 1024 0 0 0 0 0 1 0 81924 16 33554432 0 0 8 0 0 0 0 0 0 0 0 0 0 0 0 0 0 0 0 0 0 0 0 0 512 0 64 0 0 4 0 0 0 0 0 16777344 0 0 0 0 0 768 0 0 512 0 0 0 1024 0 8192 0 0 0 0 1048576 0 4096 0 576 0 0 256 0 0 0 0 0 0 0 4259840 0 0 4096 0 16777216 0 0 0 0 16785408 0 16 2048 0 2 0 0 2147483648 0 0 0 16384 0 33554432 0 268435456 0 0 0 0 0 0 0 0 0 0 0 0 0 0 4096 0 0 0 0 0 32 0 0 0 536870912 0 2048 4 0 0 0 16777216 0 128 16384 32768 0 33554432 8 64 0 0 0 0 0 67108864 0 0 0 0 0 0 32 8192 0 536875008 0 16 0 0 8192 16384 0 0 0 0 0 0 65536 16384 0 4096 0 16777216 0 0 0 0 0 0 0 0 0 33554432 1048576 0 0 0 32768 0 65536 16 0 0 0 0 0 0 0 0 0 0 0 0 0 0 0 0 0 0 0 0 0 0 0 1024 0 512 0 4194304 0 2048 0 0 0 0 0 0 128 0 0 0 0 0 4864 0 0 0 0 134218240 0 1024 4 8192 64 0 0 0 1048576 68 4096 0 0 2097152 268435456 8448 0 0 0 0 0 0 0 0 0 67108864 4096 0 16777216 0 0 0 0 8192 0 0 2048 0 33554432 0 0 2147483648 0 0 0 16388 0 0 0 0 0 0 0 0 0 0 0 0 0 0 0 0 0 0 0 2048 0 0 0 0 32 0 8 0 64 32768 64 4 0 0 0 8 0 0 16384 32768 0 33554432 0 64 0 8192 2147483648 0 671088640 0 0 0 0 64 0 0 196608 8388608 0 536875008 0 16 0 0 0 0 0 268435456 0 0 0 0 2 262144 0 0 0 0 0 0 32 0 0 0 0 0 0 0 0 0 0 0 0 0 268443648 0 0 0 0 0 0 0 0 0 0 0 0 0 0 0 512 10240 0 0 0 2147483648 9216 0 8 0 32768 32772 0 0 0 0 0 0 0 0 0 0 0 0 0 0 128 0 512 0 671088640 0 0 8192 0 64 524288 0 196608 545260048 0 1572864 0 0 0 0 0 1 0 0 0 0 0 0 0 65536 0 0 0 0 0 0 0 0 0 8193 262176 0 0 0 0 0 0 0 0 33554432 0 0 0 0 0 524288 0 0 0 0 0 0 0 0 0 0 0 0 0 0 268435968 8192 0 0 0 0 9216 0 0 512 32768 0 0 0 0 0 0 0 0 16777216 0 32768 0 33554432 8 0 0 0 0 0 0 0 0 8192 0 64 524288 0 32 8397312 0 536870912 0 0 0 0 0 0 0 0 0 0 0 0 0 0 0 0 0 0 0 0 0 0 0 0 0 0 0 0 0 0 0 0 0 0 0 0 0 0 0 0 0 0 0 0 0 0 0 0 0 0 0 0 0 0 0 0 0 0 0 0 0 0 0 0 0 0 0 0 0 0 0 0 0 256 0 0 0 0 512 0 0 0 0 0 0 0 0 0 0 0 0 64 0 268435456 0 0 0 268435456 0 0 0 65536 0 67108864 2 0 16777216 0 0 0 0 0 0 16 0 1024 0 1048576 0 2147484672 0 0 0 81920 0 33554432 268443648 0 0 0 0 0 0 0 0 0 0 0 0 0 0 0 0 0 0 0 0 0 1024 0 512 0 0 4 0 0 0 0 0 8 0 16777216 0 0 0 0 0 576 128 0 0 0 0 0 0 8192 0 268435584 0 0 0 545259520 64 1048576 0 16 0 0 256 0 0 0 0 0 0 0 0 0 0 0 0 0 0 0 0 0 0 0 0 0 0 0 0 0 0 0 0 0 0 16 0 0 0 0 0 0 0 0 0 0 0 0 0 0 0 0 0 0 0 0 0 0 0 0 0 512 0 4194304 0 0 0 0 0 0 0 0 0 16384 0 0 0 0 256 0 0 0 0 0 0 0 0 0 0 0 0 0 1048576 0 0 0 64 16384 0 0 0 0 0 0 65536 0 0 0 0 0 0 0 0 0 16777216 0 16 0 524288 2 0 0 0 0 0 0 81920 0 0 268435456 0 0 0 0 0 0 0 0 0 0 0 0 0 0 0 0 2048 0 0 0 0 1056 0 0 8192 536870912 32896 0 0 0 0 0 0 0 16777344 0 0 0 0 8 0 128 0 0 0 671088640 67108864 2147484672 8192 0 128 0 0 32 0 64 537395200 0 0 0 0 0 1 0 0 0 0 0 0 0 0 0 0 0 0 0 0 0 0 0 0 0 0 0 0 0 0 0 0 0 0 0 0 0 0 0 0 0 0 0 0 0 0 0 0 0 0 0 0 0 0 0 0 0 0 0 0 0 0 0 0 4194304 0 2048 0 0 0 0 0 0 0 0 0 0 0 0 256 0 0 0 0 512 0 0 0 0 0 0 0 0 1048576 0 0 0 0 0 0 8193 0 0 0 0 0 0 0 0 0 0 0 0 0 0 0 0 0 16777216 0 0 0 0 0 0 0 2147483648 0 0 0 0 16 0 0 0 0 0 0 0 0 0 0 0 0 0 0 0 0 0 0 0 0 0 0 0 0 0 0 0 4194304 0 2048 0 0 0 0 0 0 0 16384 0 0 33554432 0 256 0 0 0 0 512 0 0 4 0 0 0 0 0 8192 0 536875008 0 80 2097152 0 8193 0 0 0 0 2097152 16384 4 65536 1 0 0 0 0 0 0 0 0 0 0 0 0 8388608 33554432 32 0 1024 0 0 0 16 0 0 0 0 0 0 33554432 0 0 0 0 0 0 0 268435456 0 0 0 0 0 0 0 0 536887296 262144 0 8 8704 0 0 2048 0 0 0 0 8 0 0 0 0 0 0 0 0 0 16384 32768 0 134218240 0 2147483648 0 0 128 0 0 0 8192 64 1048576 268435456 16 0 0 0 1 0 0 0 0 0 0 0 4194304 0 0 0 0 0 0 0 0 0 8192 0 0 2048 525312 2 0 0 0 0 1 0 16384 0 0 0 0 8 0 0 0 0 0 0 0 0 0 0 0 0 0 0 2048 0 0 0 0 0 0 0 8704 536903680 132 0 0 0 0 0 0 0 16777216 16384 0 0 0 393216 64 128 0 0 0 0 67108864 2147483648 0 0 268435584 524288 0 131104 0 0 537919488 0 512 0 0 0 0 0 268435456 4 65536 0 0 0 262144 0 0 0 0 0 16777216 32 16 0 0 2 0 0 0 1024 0 0 0 0 33554432 8192 268435456 0 0 0 0 0 0 0 0 0 0 0 0 0 0 0 8192 0 0 0 2147483648 8192 0 0 8192 536903680 0 0 0 0 0 0 16777216 0 0 0 0 0 0 8 0 128 0 0 0 0 67108864 0 8192 0 0 524288 0 32 536879616 0 0 268435456 0 0 0 8192 1 16384 0 0 0 0 0 0 0 0 0 0 0 0 0 0 0 0 0 0 0 0 0 0 0 0 0 0 0 0 65536 16 0 0 0 0 0 0 0 0 0 0 0 0 0 0 0 0 0 0 0 0 0 0 0 0 0 0 0 0 0 0 0 0 0 0 0 0 0 0 0 0 0 0 512 0 0 0 0 512 0 1024 0 8192 0 0 0 0 1048576 4 0 0 0 0 0 0 0 4194304 16384 0 4096 0 0 0 0 0 0 16777216 0 0 2048 0 0 0 0 2147483648 0 0 0 4 16 33554432 0 0 0 0 0 0 0 0 0 0 0 0 0 0 0 0 0 0 0 0 0 536870912 0 8192 0 0 4194304 0 2048 0 0 0 0 0 0 0 0 0 0 0 0 320 128 0 0 0 0 0 0 0 0 0 0 0 0 536870912 0 0 0 576 16384 0 0 0 0 0 0 4194304 0 0 0 0 0 0 0 0 0 0 0 0 2048 0 0 0 0 2147483648 0 0 0 16388 16 0 0 0 0 0 0 0 0 0 0 0 0 0 0 0 0 0 0 0 0 0 0 0 0 0 512 0 4194304 0 2048 0 0 0 0 0 0 128 0 0 0 33554432 0 4352 128 0 0 0 512 0 0 4 8192 268435456 0 0 0 1048576 4 0 0 592 2097152 268435456 8193
is_linear=0
shrinkage=0.05


Tree=13
num_leaves=63
num_cat=6
split_feature=10 10 10 5 7 10 10 10 6 5 5 6 16 5 5 5 6 16 16 5 1 10 6 6 10 19 6 6 5 1 10 6 12 5 5 12 10 6 6 6 6 19 5 5 19 6 16 2 16 6 19 4 3 3 17 17 14 6 7 16 6 6
split_gain=1.15936e+06 163482 139706 45282.2 27604.6 26370.1 17136.1 14528.7 9307.8 6940.4 6221.97 5772.88 5626.52 5582.54 5143.83 4937 4840.44 3821.39 3199.5 2945.49 2889.32 2747.18 2693.47 2674.56 2486.36 2473.33 2234.21 2151.75 2029.13 1956.89 1952.03 1892.96 1845.57 1673.85 1646.6 2104.51 1627.24 1602.63 1599.65 1591.64 1584.99 1556.51 1488.2 1424.04 1422.73 1307.13 1264.33 1263.91 1238.17 1196.23 1125.02 1123.42 1122.35 1106.18 1415.48 2263.15 2353.62 1082.71 1065 1059.14 1047.14 1046.23
threshold=1.5892856717109682 6.1964285373687753 0.51785713434219371 2.5000000000000004 20.500000000000004 2.8750000000000004 0.94642856717109691 0.26785714924335485 1.5000000000000002 6.5000000000000009 11.500000000000002 46.500000000000007 1.0000000180025095e-35 6.5000000000000009 1.0000000180025095e-35 4.5000000000000009 2.5000000000000004 1.0000000180025095e-35 1.0000000180025095e-35 1.0000000180025095e-35 0 1.0000000180025095e-35 7.5000000000000009 2.5000000000000004 1.0000000180025095e-35 1.0000000180025095e-35 6.5000000000000009 7.5000000000000009 5.5000000000000009 1 1.0000000180025095e-35 1.5000000000000002 1.4650000333786013 1.0000000180025095e-35 1.5000000000000002 0.73500001430511486 0.12500000372529033 36.500000000000007 1.5000000000000002 2.5000000000000004 1.0000000180025095e-35 1.0000000180025095e-35 1.0000000180025095e-35 6.5000000000000009 1.0000000180025095e-35 24.500000000000004 1.0000000180025095e-35 2 1.0000000180025095e-35 18.500000000000004 1.0000000180025095e-35 3 4 5 16.500000000000004 9.5000000000000018 1.1063045263290407 1.0000000180025095e-35 6.5000000000000009 1.0000000180025095e-35 2.5000000000000004 11.500000000000002
decision_type=2 2 2 2 2 2 2 2 2 2 2 2 2 2 2 2 2 2 2 2 1 2 2 2 2 2 2 2 2 1 2 2 2 2 2 2 2 2 2 2 2 2 2 2 2 2 2 1 2 2 2 1 1 1 2 2 2 2 2 2 2 2
left_child=2 5 3 7 10 12 16 8 14 24 22 41 23 18 29 17 19 33 25 -4 30 -10 34 42 -5 39 -17 -18 60 36 -16 48 53 -8 35 -3 -1 58 -26 -7 -37 49 -2 -25 59 -11 -21 -46 -9 -6 -24 -13 -43 54 55 56 -31 -34 -15 -12 -14 -30
right_child=1 4 6 9 11 13 15 31 21 45 44 51 28 37 20 26 27 -19 -20 46 -22 -23 50 43 38 -27 -28 -29 61 32 -32 -33 57 -35 -36 40 -38 -39 -40 -41 -42 52 -44 -45 47 -47 -48 -49 -50 -51 -52 -53 -54 -55 -56 -57 -58 -59 -60 -61 -62 -63
leaf_value=-0.04719864420391616 -0.0014417433174420029 0.040050920835695114 -0.021096881518069571 0.018843107361524829 0.048579252714856865 0.012350788583425001 -0.011280496544557504 -0.031630113172492785 0.0098953409820390671 0.038509660930627382 0.044250066857467393 0.087820017534478087 0.012267358359382759 0.031247530295922199 -0.0041310660744099071 0.013168156254462562 -0.0024226089279099821 0.0026034755452792602 0.02970935805030657 -0.015869611404088137 -0.037850549777930224 -0.022986087573491101 0.040587798589867038 0.011675553991515252 -0.016480635461101741 0.026523945328162712 0.062055604087478393 0.045438608287573498 0.02941866555667005 -0.036495870621947375 -0.027618221804515515 -0.018005656429053739 -0.041278248974048533 -0.0041184225297957048 0.036672259362402808 -0.0060958679090611046 -0.040902802798218015 0.10549304963166123 0.013918842096936949 0.02099547214252391 0.024452888007470388 0.076606930427944572 0.006738330549691935 0.032222522877116827 0.061062355734970333 0.09551711861114269 -0.0075822624093797187 0.043428235955853343 -0.025377390753876589 0.061335486691282415 0.050044565511424534 0.071449969054588114 0.061629728924791627 -0.031912608319125034 -0.022999631142511672 0.10349154513032713 0.20367965388962747 -0.029300205830023386 0.040988711332258981 0.053798220817985687 0.020705731846387965 0.077001288193516718
leaf_weight=267428.83901947737 79921.369265496731 11671.098706245422 264933.7859749794 12623.261336922646 29060.266114711761 92852.243509471416 145392.70945119858 281746.43337893486 9379.29887342453 12418.677614688873 84533.605497360229 28555.273681163788 86190.520490825176 90761.194221496582 12478.80562543869 23367.082809209824 37043.168968856335 139495.66005051136 128207.27216053009 140701.86239993572 59048.109112799168 19682.195874989033 97118.84343957901 112690.90419459343 17113.560407221317 109386.71895939112 2596.7770810127258 2507.3126106262207 21092.599592089653 990.43036508560181 30391.027515470982 36754.257275640965 237246.04883730412 185870.76113843918 120024.85522210598 6868.8882625102997 166549.14896422625 794.35819005966187 5792.099497616291 124828.03558647633 11119.444706320763 21593.432264089584 182721.03634560108 9114.7842292785645 44112.788993597031 1094.1243636608124 68393.352982282639 13202.441022396088 110118.8708088398 49999.366861581802 46511.140003681183 16557.596502304077 32113.619711637497 9427.332572042942 3120.58685785532 693.47067213058472 113.71580290794373 20495.97649627924 40614.752990722656 44245.881386995316 64110.983071088791 1222.1789156198502
leaf_count=383972 58844 3587 274304 7351 5094 46946 128053 334036 8252 4180 15132 1457 52901 31118 11666 14418 32005 107041 52742 133785 74534 22989 23412 66275 15810 48877 941 1347 9588 1048 35775 39700 325887 146058 33279 3422 224235 105 4058 54098 3887 2232 113163 3807 6980 139 62050 2605 128607 5279 10238 1169 4292 10834 3424 523 57 26257 12188 7771 34505 333
internal_value=-0.000440862 0.0296636 -0.0237708 -0.034515 0.0495375 0.0182501 -0.00978927 -0.0363416 -0.040175 0.0126257 0.043296 0.0663593 0.0104563 0.0256408 -0.041175 -0.00316792 -0.0161933 -0.00433857 0.0230146 -0.0175954 -0.0306745 -0.0123739 0.0387588 0.00708922 0.0010256 0.0203903 0.0180576 0.000611565 0.0179556 -0.0426907 -0.0207766 -0.0288554 -0.0393528 -0.00726188 0.0340654 0.0235159 -0.0447814 0.0346871 -0.00879359 0.0173081 0.0127878 0.0611087 0.00424916 0.0132131 0.0504472 0.0431255 -0.0131589 0.0570004 -0.029873 0.0566466 0.0436501 0.0818118 0.0676772 -0.0218994 -0.00263565 0.0327007 -0.0117602 -0.0403257 0.034259 0.0475306 0.0158667 0.0320248
internal_weight=4.12681e+06 1.8018e+06 2.32501e+06 1.31471e+06 657289 1.14451e+06 1.0103e+06 1.26566e+06 837045 49041.7 479409 177880 557064 587445 807983 496723 513579 470759 455274 474029 101918 29061.5 293314 384448 35528.9 327067 25963.9 39550.5 172616 706066 42869.8 428620 272088 331263 149684 29659.4 433978 132170 22905.7 217680 17988.3 132767 262642 121806 186095 13512.8 209095 57315.2 391865 79059.6 143630 45112.9 53707.1 14345.5 4918.2 1797.62 1104.15 257742 131376 128779 150302 22314.8
internal_count=3278662 715326 2563336 1663334 129836 585490 900002 1631796 1129453 31538 110313 19523 339416 246074 1098212 396511 503491 381152 202663 470139 121975 31241 77825 242089 27219 149921 15359 33352 97327 976237 47441 502343 368030 274111 44175 10896 608207 43411 19868 101044 7309 16897 172007 70082 32488 4319 195835 9585 462643 10373 33650 2626 6524 15886 5052 1628 1105 352144 43306 22903 87406 9921
cat_boundaries=0 1 2 3 4 5 6
cat_threshold=116 11 4 1 768 773
is_linear=0
shrinkage=0.05


Tree=14
num_leaves=63
num_cat=4
split_feature=11 8 11 5 6 6 8 11 5 6 8 11 5 5 5 5 8 8 11 15 8 6 15 5 5 11 19 6 1 12 12 8 5 16 5 8 5 6 11 8 11 6 6 15 5 11 6 1 15 1 8 19 8 11 6 6 3 15 6 17 17 14
split_gain=1.01425e+06 169388 113515 36909 29977.1 25490.7 17944.8 12850.7 12260.6 8214.92 7296 6984.26 6844.31 6641.01 5948.35 5511.09 5422.65 4895.97 3489.53 3218.49 3131.05 2980.74 2909.88 2390.58 2359.09 2298.79 2111.1 2105.89 2010.86 2079.01 1956.85 1955.47 1934.68 1820.26 1739.01 1708.38 1692.14 1520.84 1449.61 1429.01 1367.91 1412.1 1346.61 1331.51 1329.12 1289.02 1205.02 1194.46 1155.11 1148.98 1120.41 1098.94 1090.2 1074.02 1028.97 995.309 994.734 976.193 975.458 971.048 2212.35 1807.76
threshold=1.4690352678298952 5.2142856121063241 0.7449120581150056 2.5000000000000004 17.500000000000004 2.5000000000000004 1.0714285969734194 0.50131405889987957 1.0000000180025095e-35 2.5000000000000004 9.7857141494750994 1.0000000180025095e-35 1.0000000180025095e-35 5.5000000000000009 41.500000000000007 1.0000000180025095e-35 2.7857142686843877 0.92857143282890331 1.0000000180025095e-35 4.5000000000000009 2.6428570747375493 1.0000000180025095e-35 4.5000000000000009 9.5000000000000018 15.500000000000002 2.8517143726348881 1.0000000180025095e-35 1.5000000000000002 0 1.4650000333786013 0.21500000357627871 1.6428571343421938 1.0000000180025095e-35 1.0000000180025095e-35 1.0000000180025095e-35 20.357143402099613 1.0000000180025095e-35 1.0000000180025095e-35 0.33565936982631689 0.21428572386503222 3.7046195268630986 1.0000000180025095e-35 6.5000000000000009 3.5000000000000004 101.00000000000001 0.22562374919652942 49.500000000000007 1 4.5000000000000009 2 0.5000000149011613 1.0000000180025095e-35 1.0000000180025095e-35 1.0850102305412295 3.5000000000000004 1.5000000000000002 3 4.5000000000000009 1.0000000180025095e-35 16.500000000000004 9.5000000000000018 1.1063045263290407
decision_type=2 2 2 2 2 2 2 2 2 2 2 2 2 2 2 2 2 2 2 2 2 2 2 2 2 2 2 2 1 2 2 2 2 2 2 2 2 2 2 2 2 2 2 2 2 2 2 1 2 1 2 2 2 2 2 2 1 2 2 2 2 2
left_child=2 5 3 7 10 8 12 9 17 15 22 23 21 20 35 28 25 30 47 31 42 39 36 -5 50 33 34 53 29 56 -2 -8 58 -10 -12 48 -3 -31 -30 -4 41 -19 57 -22 -16 -11 -26 -17 -6 -28 -15 -38 -32 -14 -13 -21 59 -7 -9 60 61 -1
right_child=1 4 6 11 14 13 19 32 16 45 26 54 27 24 44 18 -18 40 -20 55 43 -23 -24 -25 46 -27 49 -29 38 37 52 -33 -34 -35 -36 -37 51 -39 -40 -41 -42 -43 -44 -45 -46 -47 -48 -49 -50 -51 -52 -53 -54 -55 -56 -57 -58 -59 -60 -61 -62 -63
leaf_value=-0.040744620535480149 0.03285701527763403 0.017004146807361963 -0.03305275612045265 0.020093543027771915 0.043740161053411386 0.008343665131011235 -0.0087497625684693683 -0.032901547459255789 0.0029656141125283539 0.022095748675501199 0.018733716959044376 -0.014214146426959923 -0.015824586817278923 0.055345303133245607 0.069055892754908796 -0.0030520858582323215 0.018848439343069734 -0.0052842456216008818 -0.034564992447660009 0.00035706455800702474 0.018719634268014009 -0.015393725133729181 0.039483587403623871 0.055883503734306797 0.048906259378178579 0.019443316497043794 0.052221662405122084 -0.0028732478101526756 -0.046940477315222058 -0.041160181427374598 -0.028373985738759256 0.00061318651234863579 -0.023599593960659394 0.012346307483526553 0.041514690812745683 0.059312872959184165 0.028353253637363258 -0.027241595017567843 -0.040682729438525342 -0.022970659273463059 0.014298279926535562 0.0048122810080369486 0.023776357036268705 0.026612619119749648 0.089922531269516132 -0.017469362225167168 0.11388836403215284 -0.027949893786031049 0.055372765928594629 0.038182054143836255 0.028495129782034286 0.0358570835585484 -0.012932675426402052 -0.0080836988879591197 0.025277198365818206 0.0099050212426928311 -0.02960991034175179 0.01692873175760376 -0.026468724461775547 -0.018921524054681518 0.094020460575395953 0.17414211836335033
leaf_weight=951.20410311222076 1940.3501552939415 24146.313324332237 45299.926199316978 16147.102659106255 47302.716675519943 91927.658325374126 167109.76212137938 221170.0968221426 177442.85059440136 5660.7830237746239 8971.851541519165 17461.965554118156 132887.69635993242 4022.0815918445587 52199.213316917419 14108.869477510452 160977.4215555191 71857.03384745121 71667.066879808903 61159.363411784172 113907.84794867039 124423.81641364098 106704.24896287918 6561.7933386564255 10559.654386401176 34631.985890805721 80073.250417947769 65254.369013190269 240321.76427841187 208456.71301609278 17544.578425168991 83694.837261199951 116449.19790738821 72983.637175500393 126384.85269200802 74872.603567838669 140261.86734998226 21665.899843752384 150502.62318331003 156791.75487911701 17818.381004810333 66847.105732858181 26126.616958975792 100640.78906774521 8938.0189085006714 3235.0881677865982 765.11416864395142 7311.7270648479462 38882.926110029221 18179.310627698898 114245.15430128574 74818.439735770226 32803.097328662872 67606.264076948166 1821.4981107711792 49293.782594025135 8921.9086566567421 51753.889324009418 80337.268603801727 2952.5325734615326 739.93957006931305 109.0981742143631
leaf_count=1041 1247 10052 53840 8573 8087 55975 144231 279893 117166 4622 2588 15758 131085 1361 3217 13002 75918 56979 91562 49154 51983 124204 29283 1354 2581 16996 13624 54861 359913 298445 16648 61532 134303 44499 23975 7396 42782 28053 211910 170577 9919 46024 13342 42863 324 3717 59 8993 6039 3747 41057 22505 29196 58245 891 33561 10462 28847 95108 3262 516 47
internal_value=-0.000397793 0.025514 -0.0241458 -0.0344015 0.043214 0.0133726 -0.011276 -0.0360763 0.00683107 -0.0400498 0.0372274 0.0116446 -0.016633 0.0217076 0.0588283 -0.0406336 0.0115122 -0.00316813 -0.0292725 -0.00249339 0.0184073 -0.0214821 0.0326172 0.0304351 0.0314958 0.00736925 0.0440543 -0.0106751 -0.0423001 -0.0387226 -0.0164146 -0.0056253 -0.0290734 0.0056995 0.0400047 0.0537879 0.0295546 -0.0398498 -0.0445295 -0.0252306 0.001257 -0.000418323 0.0133347 0.0224221 0.0721065 0.00770743 0.0532965 -0.0115652 0.0489882 0.0496332 0.0294083 0.0309636 -0.0183135 -0.0132144 -0.0104838 0.00461819 -0.0197831 0.011436 -0.0311875 -0.00127128 0.0276694 -0.0186342
internal_weight=4.12061e+06 1.97053e+06 2.15008e+06 1.19655e+06 801736 1.1688e+06 953522 1.15456e+06 654846 736605 579540 41992.4 592264 513949 222195 727709 446036 208811 93087.7 361258 384357 326515 345931 22708.9 129592 285058 233609 265748 634622 243797 52288 250805 417957 250426 135357 161058 239227 230123 390824 202092 156523 138704 169808 214549 61137.2 8895.87 11324.8 21420.6 86185.6 98252.6 118267 215080 50347.7 200494 19283.5 110453 13674.7 143682 301507 4752.77 1800.24 1060.3
internal_count=3278994 826279 2452715 1571425 173619 652660 881290 1544849 414592 1035545 148556 26576 592812 238068 25063 1027206 254579 160013 113557 288478 193010 348621 104622 9927 45058 178661 43934 244191 913649 341826 47091 205763 509304 161665 26563 21522 75339 326498 571823 224417 112922 103003 98164 94846 3541 8339 2640 21995 14126 17371 42418 65287 45844 189330 16649 82715 15328 84822 375001 4866 1604 1088
cat_boundaries=0 1 2 3 4
cat_threshold=116 116 96 773
is_linear=0
shrinkage=0.05


Tree=15
num_leaves=63
num_cat=33
split_feature=10 10 10 0 10 10 6 10 10 0 6 6 0 0 15 15 6 0 0 15 0 8 0 0 19 15 0 0 0 0 15 0 10 0 0 0 0 0 6 6 0 18 0 0 6 0 0 11 0 11 0 0 0 0 6 6 0 6 0 15 0 0
split_gain=952361 136872 106514 38466.9 25482.8 18256.3 14241 12305.7 10073.4 8943.18 6116.73 5633.97 4893.17 4881.08 4841.82 4542.54 4317.21 4292.61 4264.65 3389.75 3081.87 2910 2603.39 2571.97 2502.39 2447.21 2138.66 2120.81 2101.47 1949.63 1799.24 1731.98 1602.48 1591.44 1554.73 1533.53 1504.04 1485.5 1463.3 1446.36 1405.34 1392.57 1684.3 1293.55 1259.64 1236.35 1213.59 1174.18 1169.17 993.492 986.064 956.159 944.597 926.927 925.827 919.533 918.831 898.654 878.439 866.377 860.801 860.363
threshold=1.4107143282890322 5.0892858505249032 0.48214285075664526 0 13.303571224212648 2.5178571939468388 1.0000000180025095e-35 0.8392857313156129 0.23214285820722583 1 34.500000000000007 2.5000000000000004 2 3 4.5000000000000009 4.5000000000000009 4.5000000000000009 4 5 4.5000000000000009 6 9.7857141494750994 7 8 1.0000000180025095e-35 4.5000000000000009 9 10 11 12 4.5000000000000009 13 48.267856597900398 14 15 16 17 18 13.500000000000002 4.5000000000000009 19 10.500000000000002 20 21 7.5000000000000009 22 23 3.8598976135253911 24 0.33565936982631689 25 26 27 28 1.5000000000000002 1.5000000000000002 29 11.500000000000002 30 3.5000000000000004 31 32
decision_type=2 2 2 9 2 2 2 2 2 9 2 2 9 9 2 2 2 9 9 2 9 2 9 9 2 2 9 9 9 9 2 9 2 9 9 9 9 9 2 2 9 2 9 9 2 9 9 2 9 2 9 9 9 9 2 2 9 2 9 2 9 9
left_child=2 5 3 11 14 15 8 13 12 -8 30 41 -5 39 21 20 24 43 -11 34 44 45 -20 -14 33 35 -26 38 -16 47 46 -25 -12 -7 -19 -15 -22 -10 -18 -4 -24 42 -1 -9 -2 -3 -6 -17 -43 -33 -37 -38 -35 -36 -27 -21 -28 -13 -23 -29 -31 -40
right_child=1 4 7 6 10 16 9 17 37 18 32 57 23 25 28 29 27 19 22 55 36 58 40 31 26 54 56 59 -30 60 -32 49 -34 52 53 50 51 -39 61 -41 -42 48 -44 -45 -46 -47 -48 -49 -50 -51 -52 -53 -54 -55 -56 -57 -58 -59 -60 -61 -62 -63
leaf_value=-0.0059406424420265155 0.011613429143846814 0.029429377080698579 0.0041418198571881596 -0.018959328822062915 0.046252264308659662 0.018976507013532581 0.014111594316760354 0.037185674529740045 -0.01346897690465119 -0.00175293907264845 0.056578473713334868 0.032948934509589065 -0.048072606684716634 -0.0078618899299799459 0.044430621389139974 0.021781764847564028 0.030513311069903806 -0.0022566833247670672 -0.011698173921603919 -0.0034389786886516492 0.0066221229679606121 0.041007434177559816 -0.042107858390134409 -0.028979697884413482 0.030598767070190842 -0.014426106195150435 -0.0022576412854199979 0.017151833800494662 0.032964695096029055 0.016170801389758287 0.054106679121200221 -0.043601429290715796 0.07034111424668979 -0.0062659983833360747 -0.006530050891634798 -0.014518956507999706 0.0028959362216772386 -0.031550987411823189 0.085928259511084848 0.047851998536542137 -0.028897983535333956 -0.045987590501698872 0.017628643066738326 0.0076197866750572114 0.041158602559505646 0.021940159348922402 0.035174454285679495 0.068213529459948255 0.0040491594258164612 -0.038494447232416906 -0.022801021772140301 -0.003815910491630214 0.011598069828338848 -0.013255982808632674 -0.0038733520305663399 0.0050599687416964297 0.018705325867672647 0.064509709894031986 0.031847937102904449 0.025475421122964942 0.0078040253021137013 0.043833916269790857
leaf_weight=16338.452692389488 65884.519027292728 180833.01377940178 13618.841359317303 22518.236280620098 123006.61563026905 90297.50323009491 14486.717397332191 4178.4730269312859 11851.819044411182 15938.598891317844 47787.399943590164 8215.2278940081596 163953.29384416342 22177.215879678726 107728.26897788048 36205.773696303368 58237.658605337143 56857.25538533926 20042.433649122715 86191.716738641262 101599.6123354435 59343.377484917641 23655.093394100666 29634.201769053936 46442.326945960522 100119.70103162527 5564.8556960225105 56511.171985626221 64135.895464658737 46751.204680144787 61656.474515914917 237957.33207058907 37945.86356306076 7735.5381065011024 70862.862649619579 42575.222166717052 97263.311721503735 304256.76763379574 1766.3536697626114 2198.016745865345 139958.19648957253 2662.1538347005844 14125.5922960639 31885.513517022133 3816.5290802717209 79794.190467953682 31427.458075284958 1414.7890142202377 2077.8976508378983 158770.19705229998 235940.24308955669 116739.32491016388 169580.22415262461 185513.96804714203 26229.599944233894 50456.200732767582 87527.402915716171 3109.0560103058815 47869.38093984127 69972.072421312332 90002.096724569798 4206.1120429039001
leaf_count=15656 39578 51831 11470 26111 15898 40894 11219 2263 13374 15589 3888 3664 252047 21485 23495 19419 21122 46894 22805 72585 65066 11393 32986 40466 20199 104275 3168 23930 16706 26807 7696 361634 1773 4447 61127 43669 66597 389828 320 966 177188 3186 10665 23111 1551 25993 5209 531 1849 227431 255153 84152 83016 167369 24599 37764 41077 677 10787 26632 56542 1258
internal_value=-0.000363761 0.0243903 -0.0237237 -0.0336307 0.0397346 0.0132349 -0.0354446 -0.0110354 -0.0381241 -0.0238192 0.0513694 0.0109348 -0.0418636 -0.0170641 0.0332279 0.00674505 0.0193105 -0.00554126 -0.0265717 -0.00687174 0.00371471 0.0299908 -0.0287253 -0.0427362 0.0164027 -0.0180741 0.0218312 0.025519 0.0401563 0.013441 0.046886 -0.0406831 0.0626699 0.0135722 -0.00973852 -0.020528 0.00161294 -0.0308745 0.0329254 0.0102096 -0.0308103 0.00106917 0.00499182 0.0110547 0.0132293 0.0271384 0.0440032 0.0235217 -0.0241414 -0.0415566 -0.0215356 -0.000765411 0.0108184 -0.0113973 -0.0122354 -0.000300807 0.0174521 0.0416139 0.0369246 0.0217548 0.0106653 0.0565006
internal_weight=4.1174e+06 1.99905e+06 2.11836e+06 1.18955e+06 841528 1.15752e+06 1.14302e+06 928805 928942 214081 301824 46528.4 612833 442859 539704 559677 597841 485946 199594 449882 385303 367840 183656 590315 407148 427042 139535 190693 171864 174374 216091 426362 85733.3 267613 313234 300693 315602 316109 64210.1 15816.9 163613 35204.1 30464 36064 69701 260627 154434 37620.6 4740.05 396728 278515 214003 177316 256377 126349 136648 93092.3 11324.3 107213 126483 136753 5972.47
internal_count=3280080 800975 2479105 1606375 174669 626306 1570678 872730 1310891 259787 34464 35697 907689 461617 140205 360243 266063 411113 248568 385739 256944 100004 232979 881578 192801 449181 64444 73262 40201 103299 28803 629531 5661 128357 275390 320307 215815 403202 22700 12436 210174 31356 26321 25374 41129 77824 21107 19950 5035 589065 298822 150749 87463 228496 128874 110349 44245 4341 22180 50562 83349 1578
cat_boundaries=0 95 191 283 378 473 563 658 749 841 936 1031 1126 1221 1316 1411 1503 1598 1694 1784 1873 1967 2057 2152 2244 2339 2435 2525 2613 2709 2800 2895 2991 3086
cat_threshold=16384 0 0 0 0 0 0 0 16384 0 0 0 0 0 0 0 0 0 0 0 2048 1024 0 1048576 0 2147483648 0 0 0 65536 16 0 0 0 0 0 0 0 0 0 0 0 0 0 0 0 0 0 0 0 0 0 0 0 0 0 512 0 4194304 128 0 4 0 0 0 0 0 16777216 16384 0 0 0 0 4864 0 16384 0 0 134218240 0 1024 4 8192 268435456 0 0 0 1048576 68 4096 0 0 2097152 268435456 257 0 0 0 0 0 0 0 4259840 0 0 4096 0 16777216 0 0 0 0 8192 0 16 0 0 2 0 0 0 0 0 0 16384 0 33554432 0 268435456 0 0 0 0 0 0 0 0 0 0 0 0 0 0 0 2048 0 0 0 0 1056 0 0 8192 536870976 0 2048 0 0 0 0 8 0 128 0 32768 0 0 0 64 128 0 0 0 0 67108864 0 8192 0 64 0 0 32 8396800 0 524288 0 16 0 0 8192 1 0 0 0 0 0 0 0 4194304 0 67108864 4098 0 0 0 0 0 0 8192 0 0 0 0 33554432 1 0 0 0 32768 0 0 0 0 0 0 0 0 0 0 0 0 0 0 0 0 0 0 0 0 4096 2048 0 0 0 0 32 0 8 512 64 32768 0 4096 0 0 0 0 0 0 0 32768 0 33554432 393216 0 0 8192 2147483648 0 536870912 0 2181038080 0 0 64 0 0 196640 8388608 0 536870912 0 16 0 0 0 0 0 0 0 4259840 16384 0 4096 0 0 0 0 0 0 0 0 0 2048 0 0 0 0 0 0 0 0 65536 0 0 0 0 0 0 0 0 0 0 0 0 0 0 0 0 0 0 0 0 0 0 0 0 0 0 512 0 4194304 128 2048 4 0 0 0 0 0 128 0 0 0 33554432 131072 4352 0 0 0 0 134218240 67108864 1024 4 8192 192 0 0 0 1048576 68 4096 0 16 2097152 268435456 1 16384 0 0 0 0 0 0 4259840 16384 0 4096 0 0 0 0 0 0 0 0 0 0 0 0 0 0 0 0 0 0 65536 16 33554432 0 0 8 0 0 0 0 0 0 0 0 0 0 0 0 0 0 0 0 0 0 0 0 0 512 0 4194304 0 0 4 0 0 0 0 0 128 0 0 0 33554432 0 768 0 0 0 0 134218240 0 1024 4 8192 268435584 0 0 0 1048576 68 4096 0 512 2097152 268435456 8448 0 0 0 0 0 268435456 0 0 0 0 0 262144 0 0 0 0 0 16777216 262176 0 0 0 33554432 0 0 0 1024 32768 0 4 0 0 8192 0 0 0 0 0 0 0 0 0 0 0 0 0 0 0 4096 0 0 0 0 2147483648 0 8192 8 512 32768 32772 0 4096 0 0 0 16777216 0 0 0 0 0 33554432 393224 0 0 2147483648 512 0 536870912 0 2147483648 0 0 0 524288 0 131072 0 0 537919488 16384 0 0 0 0 0 0 0 16384 0 4096 0 0 0 0 0 0 16785408 0 16 0 0 0 0 0 0 0 0 0 0 16 0 0 0 0 0 33554432 0 0 0 0 0 0 0 0 0 0 0 0 0 0 0 67108864 0 1024 0 512 512 4194304 0 2048 4 0 0 0 0 0 16777344 0 0 0 0 0 4864 0 0 32768 0 512 0 1024 0 8192 0 0 0 0 1048576 0 4096 0 576 2097152 268435456 257 0 0 0 0 64 0 4 0 0 0 8388610 0 0 0 0 0 0 1 0 0 0 8912896 8388608 0 0 1024 0 0 0 0 0 0 268435456 524288 8 0 0 0 0 0 0 0 0 0 0 0 0 0 512 270336 0 68 0 0 8192 2 8388608 0 0 0 64 0 0 4194304 0 0 0 0 0 0 0 134217728 0 0 0 0 2147483648 8 0 0 33554432 0 0 128 0 0 65536 536871440 0 0 268435456 0 2148007936 65536 0 0 1024 1 0 1024 2048 0 0 0 16385 2 32768 0 0 0 0 1024 0 0 0 0 1024 0 0 0 16 0 0 0 0 67371008 0 134217728 0 2360320 0 0 0 536870912 0 0 524288 16 8256 0 0 0 0 0 0 0 0 268435456 0 0 0 65536 0 32 536870912 0 0 0 0 0 0 0 0 8 0 0 0 0 0 0 0 16384 0 0 0 0 0 0 0 0 0 0 16777216 0 0 0 0 0 0 0 4194304 0 0 0 0 16777216 0 0 0 0 0 0 0 0 0 0 0 0 0 0 0 0 0 0 0 0 0 0 0 0 0 0 0 0 0 0 0 0 0 0 0 0 0 0 0 0 0 0 8192 520 8704 4194368 0 0 4 0 0 0 8 0 16777344 16384 0 0 134217728 131080 768 0 16384 0 8 0 0 1024 4 8192 0 0 0 0 1048576 4 536875008 0 64 2097152 268435456 8192 0 0 0 0 0 0 0 0 16384 0 2 0 0 0 0 0 0 0 0 16 0 0 33554432 0 0 0 0 0 0 4 16 0 0 0 8 0 0 0 0 0 0 0 0 0 0 0 0 0 0 0 0 0 0 536870912 1024 0 0 0 4194304 0 2048 0 0 0 0 8 0 0 0 0 0 0 131072 4352 0 0 0 0 512 0 0 4 8192 0 0 0 0 1048576 4 1048576 0 576 2097152 268435456 8449 16384 0 0 0 0 0 0 4194304 16384 67108864 0 0 0 0 0 0 0 0 0 0 2048 0 0 0 0 2147484672 0 0 0 4 16 0 0 0 0 0 0 0 0 0 0 0 0 0 0 0 0 0 0 8192 0 0 0 0 0 0 512 0 0 0 2048 0 0 0 0 0 0 128 0 0 0 0 0 4352 128 0 0 0 512 0 0 0 0 128 0 0 0 1048576 4 0 0 576 2097152 0 8448 0 0 0 0 0 0 0 4194304 0 0 0 0 0 0 0 0 0 0 0 16 2048 1024 33554432 1048576 0 2147483648 0 1 0 16388 16 0 268435456 0 0 0 0 0 0 0 0 0 0 0 268435456 0 0 0 0 0 0 0 0 0 0 0 512 512 4194304 0 2048 0 0 0 0 0 0 0 0 0 0 0 0 4864 0 0 0 0 512 0 1024 0 8192 0 0 0 0 1048576 4 4096 0 528 2097152 268435456 257 0 0 0 268435456 0 0 0 0 0 0 0 262144 16777216 0 0 0 0 16777217 32 0 0 524288 8388608 0 0 4096 1024 0 0 16388 0 33554432 0 268435456 0 0 0 0 0 0 0 0 0 0 0 0 0 0 0 0 0 0 0 16384 1024 0 0 0 32768 0 64 0 0 0 0 16777216 2 8388608 0 0 1073741824 134225920 0 64 0 0 0 0 0 67108864 0 134217728 0 0 0 0 0 536879104 0 0 268435456 2097152 0 0 8192 16384 0 0 0 0 16384 0 4194304 0 67108864 4096 0 0 0 0 0 0 0 0 16 0 0 33554432 0 0 1024 0 1 0 16388 16 0 268435456 0 8 0 0 0 0 0 0 0 0 0 0 0 0 0 0 0 0 0 67108864 536887296 262144 0 0 0 0 0 0 4 0 0 0 8 0 128 0 0 0 0 131072 256 128 0 512 0 0 0 0 0 0 128 0 0 0 8192 0 1048576 0 592 0 0 256 0 0 0 0 0 0 0 0 0 0 0 0 16777216 0 0 0 0 8192 0 16 2048 0 33554432 1048576 0 2147483648 0 32769 0 16384 0 0 0 0 0 0 0 0 0 0 0 0 0 0 0 0 0 0 0 0 0 0 0 536870912 1024 0 0 8704 32832 0 0 0 0 0 0 0 0 0 16384 0 0 0 0 4160 130 16384 512 0 0 67108864 2147483648 0 0 64 0 0 131104 8192 0 537919488 0 16 0 0 0 0 0 0 0 0 0 0 0 0 16777216 0 0 0 0 8193 0 16 0 1024 0 1048576 0 0 0 32769 0 16384 16 0 0 0 8 0 0 0 0 0 0 0 0 0 0 0 0 0 4096 2048 0 0 0 0 1024 0 0 8704 536870976 0 0 0 0 0 0 0 0 16777216 0 0 0 0 0 576 0 16384 0 0 0 0 2147483648 0 0 268435456 0 0 131104 8192 0 537919488 268435456 512 0 0 256 0 0 0 0 0 0 0 4259840 0 67108864 2 0 16777216 0 0 0 0 0 0 0 2048 0 0 0 0 2147483648 0 32769 0 81924 0 33554432 0 0 0 0 0 0 0 0 0 0 0 0 0 0 0 0 0 0 0 0 0 536870912 0 0 8 8192 64 0 0 0 0 0 0 8 0 0 0 0 0 0 0 0 128 2147500032 0 0 134217728 0 0 0 0 268435584 0 0 131072 536879104 68 1048576 0 16 0 0 0 1 0 0 0 0 0 0 0 4259840 0 0 4096 0 16777216 0 0 0 0 8193 262144 16 0 0 0 0 0 1024 0 32768 0 16384 0 33554432 0 0 8 0 0 0 0 0 0 0 0 0 0 0 0 0 0 0 0 0 0 0 1024 0 0 0 536903744 32768 2048 0 0 0 0 8 0 0 0 0 0 0 393216 64 0 2147483648 512 0 0 67108864 2147483648 0 0 64 0 0 131072 545259520 0 536870912 0 2148007936 0 0 0 17040384 0 0 0 1024 0 0 0 16513 6 134250496 65536 1024 0 0 0 0 0 8388608 0 0 0 0 0 0 0 0 0 0 335544320 0 2097280 0 2360321 0 0 0 537919488 0 0 32768 16 8256 0 0 0 0 0 0 0 0 0 0 0 0 0 0 32 0 0 0 0 0 0 0 0 0 0 0 0 0 0 0 0 0 0 0 0 0 0 0 0 0 512 0 0 0 0 0 0 0 0 16384 0 0 0 0 0 0 0 0 0 0 0 2048 1024 0 1048576 0 2147483648 0 0 0 0 0 0 0 0 0 0 0 0 0 0 0 0 0 0 0 0 0 0 0 0 0 0 0 0 0 0 512 0 0 128 0 4 0 0 0 0 0 16777216 16384 0 0 0 0 4096 0 0 0 0 134217728 0 0 4 0 268435456 0 0 0 0 0 0 0 0 2097152 268435456 0 0 0 0 0 0 0 0 0 0 4096 0 0 0 0 0 0 0 0 0 0 0 0 0 0 0 0 0 0 0 0 0 0 0 0 0 0 0 0 0 0 0 0 0 0 0 0 0 0 0 0 0 0 0 0 0 0 0 4194304 0 0 0 0 0 0 0 0 0 0 0 0 0 0 256 0 0 0 0 512 0 0 0 8192 0 0 0 0 1048576 0 4096 16384 0 0 0 0 0 0 4194304 16384 67108864 4096 0 16777216 0 0 0 0 16777217 0 0 0 0 33554432 0 0 1024 0 32768 0 65540 16 33554432 0 0 0 0 0 0 0 0 0 0 0 0 0 0 0 0 0 0 0 0 0 0 0 0 0 0 4194304 0 2048 0 0 0 0 8 0 128 0 32768 0 0 0 4416 128 0 0 0 512 0 0 0 0 0 0 0 0 1048576 0 0 0 592 2097152 0 8448 0 0 0 0 0 0 0 4194304 16384 0 4096 0 0 0 0 0 0 0 0 0 2048 0 0 0 0 0 0 0 0 0 16 33554432 0 0 0 0 0 0 0 0 0 0 0 0 0 0 0 0 0 0 0 0 0 0 0 0 0 0 4194304 0 0 0 0 0 0 0 0 0 16384 0 0 0 0 256 0 0 0 0 512 0 0 0 0 0 0 0 0 1056768 0 0 0 64 0 0 0 0 0 0 0 0 16384 0 0 0 0 0 0 0 0 0 0 0 2048 0 0 0 0 0 0 0 0 0 0 0 0 0 0 0 0 0 0 0 0 0 0 0 0 0 0 0 0 0 0 0 0 0 0 0 0 0 4194304 0 0 0 0 0 0 0 0 0 0 0 0 0 0 768 0 0 0 0 512 0 0 0 0 0 0 0 0 0 0 4096 0 0 0 268435456 1 16384 0 0 0 0 268435456 4 0 0 0 2 262144 0 0 0 0 0 16777216 262144 0 0 8388608 0 0 0 1024 0 33554432 0 0 0 33554432 0 0 0 0 0 0 0 0 0 0 0 0 0 0 0 0 0 262144 0 0 0 0 32 8192 0 0 32768 32768 0 0 0 0 0 8 0 0 16384 32768 0 0 262152 0 128 2147483648 512 8 536870912 0 33554432 0 2048 0 0 0 0 8389120 0 0 0 0 0 0 8192 1 0 0 0 268435456 0 268451840 4 0 1 0 0 262144 0 0 0 0 0 0 0 0 4 525312 33554432 1048576 0 1024 0 33554432 0 0 0 0 268435456 0 8 0 0 0 0 0 8 0 0 0 0 0 0 0 0 270336 0 0 0 0 0 8192 0 0 0 0 0 0 0 8192 0 0 0 0 16384 0 0 0 131080 64 0 0 512 0 0 67108864 2147483648 8192 2048 0 0 0 32 8388608 0 536870912 0 0 0 0 0 0 0 0 0 8 4 0 0 134217728 0 0 0 1 0 0 0 0 8388608 0 0 0 0 0 0 0 0 0 131072 524288 0 0 0 0 0 0 0 0 0 0 0 0 0 0 268435968 262144 0 4 0 2147483648 2048 2 0 0 32768 32900 64 0 0 0 0 0 0 0 0 32768 0 134217728 0 0 0 0 2147516416 8 0 0 33554432 0 1050624 0 0 0 196608 528 0 0 0 0 0 268435456 4 0 0 67108864 0 262144 0 0 0 0 0 16777217 262144 0 0 8913920 0 0 0 1024 0 33554432 0 0 0 0 268435456 0 0 0 0 0 67108864 0 0 0 0 0 0 0 0 0 0 2048 0 0 0 128 0 0 0 0 536870912 0 2048 0 0 8192 0 8 0 16777216 0 0 0 0 393224 0 0 0 0 0 0 0 33554560 0 2048 0 524288 0 0 512 0 0 268435456 0 0 0 1 1 0 0 0 268435456 0 268435456 2048 0 1 8 0 0 0 8388608 0 0 0 8193 32 0 0 524288 8388608 0 0 0 1024 0 0 0 0 0 0 524288 0 0 0 0 0 0 0 0 0 0 268435456 16 0 0 268440064 262144 0 4 0 2147483648 262144 0 0 0 0 32772 64 0 0 0 0 0 0 0 0 0 0 33554432 0 0 2 0 0 0 0 0 0 0 1048576 64 0 0 0 528 0 0 268435456 0 0 0 0 0 0 0 0 0 0 0 0 0 0 0 0 0 0 0 0 0 0 0 0 0 0 0 0 0 0 16 0 0 0 0 0 0 0 0 0 0 0 0 0 0 0 0 0 0 0 0 0 0 0 0 0 512 0 4194304 0 2048 0 0 0 0 0 0 128 16384 0 0 0 0 256 0 0 0 0 512 0 0 4 0 0 0 0 0 1048576 0 0 0 592 0 0 8192 16384 0 0 0 0 0 0 65536 0 67108864 4096 0 0 0 0 0 0 0 0 0 4 0 0 0 0 1024 1024 32768 0 65536 0 33554432 8192 0 8 0 0 0 0 0 0 0 0 0 0 0 0 0 0 0 0 0 0 0 1024 0 0 0 64 0 0 4 0 0 0 0 0 16777344 16384 0 0 0 8 0 0 16384 32768 0 134217728 0 2147483648 8192 0 268435584 524288 0 0 536879104 64 1048576 0 0 0 0 0 1 0 0 0 0 0 0 0 0 0 0 0 0 0 0 0 0 0 0 0 0 0 0 0 0 0 0 0 0 0 0 0 0 0 0 0 0 0 0 0 0 0 0 0 0 0 0 0 0 0 0 0 0 0 0 0 0 0 0 0 0 2048 0 0 0 0 0 0 0 0 0 0 0 0 256 0 0 0 0 512 0 0 0 0 0 0 0 0 0 0 0 0 64 0 268435456 8192
is_linear=0
shrinkage=0.05


Tree=16
num_leaves=63
num_cat=33
split_feature=10 10 10 0 6 10 6 10 10 0 7 0 7 6 6 0 0 0 15 15 15 0 0 0 0 15 0 0 6 18 0 6 0 0 0 0 19 0 0 0 0 0 6 19 0 19 0 6 10 6 0 0 6 3 7 3 0 0 0 6 0 0
split_gain=859104 123499 93291.2 36596.8 22852.8 16054.7 14543.9 10000.7 9916.69 9353.15 5748.35 5283.59 5036.99 4856.21 4783.37 4120.54 4089.34 3942.58 3811.76 3133.02 2718.12 2343.54 2316.61 2254.11 2186.91 2165.25 2056.72 1851.81 1690.86 1608.9 1567.33 1522.61 1519.45 1495.74 1473 1470.51 1456.57 1449.72 1420.99 1412.39 1395.49 1372.84 1369.72 1275.69 1240.63 1171.13 1472.6 1151 1116 1068.03 1052.82 1017.07 967.784 960.467 958.476 895.582 891.516 883.022 854.573 850.794 837.719 813.92
threshold=1.3392856717109682 4.7321429252624521 0.48214285075664526 0 13.500000000000002 2.4464285373687749 1.0000000180025095e-35 0.19642857462167743 0.80357143282890331 1 35.500000000000007 2 8.5000000000000018 3.5000000000000004 4.5000000000000009 3 4 5 4.5000000000000009 4.5000000000000009 3.5000000000000004 6 7 8 9 4.5000000000000009 10 11 20.500000000000004 10.500000000000002 12 10.500000000000002 13 14 15 16 1.0000000180025095e-35 17 18 19 20 21 1.5000000000000002 1.0000000180025095e-35 22 1.0000000180025095e-35 23 2.5000000000000004 0.30357143282890325 5.5000000000000009 24 25 4.5000000000000009 26 89.500000000000014 27 28 29 30 1.5000000000000002 31 32
decision_type=2 2 2 9 2 2 2 2 2 9 2 9 2 2 2 9 9 9 2 2 2 9 9 9 9 2 9 9 2 2 9 2 9 9 9 9 2 9 9 9 9 9 2 2 9 2 9 2 2 2 9 9 2 1 2 1 9 9 9 2 9 9
left_child=2 5 3 14 12 13 7 11 16 52 27 -5 26 20 29 -11 47 49 21 38 37 36 -17 -13 28 44 45 -6 -15 41 -9 50 -22 43 -31 -25 -7 -2 -19 -24 -23 53 -28 -14 -18 -3 -47 -4 -32 -10 -20 -21 -8 -1 -12 -43 -34 -40 -45 -27 -39 -33
right_child=1 4 8 6 10 18 9 30 17 15 54 23 33 24 -16 22 25 19 31 51 32 40 39 35 -26 59 42 -29 -30 34 48 61 56 -35 -36 -37 -38 60 57 -41 -42 55 -44 58 -46 46 -48 -49 -50 -51 -52 -53 -54 -55 -56 -57 -58 -59 -60 -61 -62 -63
leaf_value=0.03861178891396555 0.0080320049454706624 0.026582014006934541 0.0015830457537512766 -0.018452458605613824 0.046144893779447367 0.01587474615541612 0.0080434321275219874 -0.013895927608951253 0.0085469912780098325 -0.0017927152188005318 0.055559606478665161 -0.048014793428912433 0.034088413561524519 0.025643245259502068 0.046041429414482443 -0.011774566238675815 -0.0086394921000077264 -0.0028632225499856355 0.0025286146116731802 0.0076622289510972739 0.016729243468256931 -0.0066149859278183971 -0.041784951357096534 -0.029163635120201106 0.011297609014056407 -0.014357826541236227 0.010280011989879077 0.037271990498732609 0.090546887944694801 -0.051420517413423156 -0.034822117154951954 0.081041387480866256 0.01115379544038224 0.027695238420056931 0.0017952618328527837 -0.041596565711275929 0.026232064781292842 0.0030887466396138383 -0.0066872899044073189 -0.028126129491274576 0.012241876368489061 0.023585669383827744 0.023579178102102319 0.04832312166127159 -0.021355544217886893 0.057745212777446542 0.03220998815833815 0.035180389101715517 -0.029174463975150423 0.040384598569340222 0.022801421221519229 -0.0032443641218475512 0.039004360666714338 0.0096096528195685378 0.070645635260220913 -0.0049040604098109456 0.0032951595507875321 -0.013485209585369907 0.037778648307957033 -0.0036606294182422484 -0.0035390030320769077 0.036409312227655984
leaf_weight=4796.6443994045258 48060.396092116833 141027.7419410944 9589.8025126457214 23229.796230614185 148170.89097571373 100777.28158080578 12581.496908247471 12868.923128664494 25094.203970015049 16352.225226223469 70656.914497375488 150532.47926968336 113851.77468681335 23548.954951524734 8121.0424680113792 19566.325159966946 20826.105086147785 54128.953010857105 6673.6024995446205 26593.231664597988 38259.899056255817 10238.769812881947 22088.506940245628 25847.472078561783 78130.631349205971 91474.421263039112 23445.743669629097 98755.855359911919 1048.1476919651031 2337.505124270916 158110.46646028757 1149.7471450567245 52004.52928340435 49314.68965780735 2922.2417426109314 333531.7360265255 51186.064859330654 68393.20224994421 63779.356143116951 136683.44151872396 233996.64133679867 3300.9496733546257 111122.85974395275 34352.410491228104 249901.55278301239 6240.1598618030548 62574.144740700722 3472.1907313466072 195788.28094422817 2943.1108069419861 167938.62084496021 108768.50067734718 3157.4270912408829 7085.7771254777908 12372.20256114006 16521.326177000999 117973.14769309759 191175.09220170975 45274.624644994736 23327.892264723778 157348.04112297297 9918.5199211835861
leaf_count=3065 30150 39545 8185 27124 17745 45082 10359 14819 18360 16082 4621 242520 23956 11480 2508 22667 20638 45374 3425 20524 22327 6021 31939 37128 46033 97305 9552 17856 201 3024 222022 226 32275 12907 2549 517945 21904 46294 56106 177394 114190 2604 33292 6021 275368 1364 16717 1867 250747 1254 68562 91039 1620 5212 469 14984 79649 177115 8821 22165 114888 3089
internal_value=-0.000373206 0.0221692 -0.0235531 -0.0328679 0.0358976 0.0113766 -0.0346609 -0.0374283 -0.0111976 -0.0228273 0.0464265 -0.0418001 0.0299813 0.00552567 0.0112929 -0.0258237 -0.017006 -0.00629759 0.0172566 -0.00744471 0.00342223 0.0144862 -0.0280269 -0.0428626 0.0153958 -0.0179379 0.0260932 0.0425996 0.0283974 0.00366178 -0.0310734 0.023168 0.00772752 0.0354967 -0.0219489 -0.0407032 0.0193621 0.000147885 -0.010223 -0.0300289 0.0114511 0.00791055 0.0212605 0.0374818 -0.0203785 0.0291899 0.0345386 0.010506 -0.0316968 0.0118848 0.0220281 -0.00110132 0.0142455 0.0213397 0.0578076 -0.000150243 0.00570002 -0.011785 0.0423385 -0.0121842 -0.00153093 0.0411517
internal_weight=4.1103e+06 2.08381e+06 2.0265e+06 1.15542e+06 917160 1.16665e+06 1.11034e+06 899909 871074 210429 329956 533141 587204 584767 45085.5 194690 398592 472482 581879 444445 482039 396199 178338 509912 102728 385530 344411 246927 24597.1 36964.4 366768 185680 208238 242793 5259.75 359379 151963 273802 309083 158772 244235 31704.7 134569 193479 270728 209842 68814.3 13062 353899 28037.3 174612 135362 15738.9 11882.4 83029.1 19822.3 169978 254954 79627 114802 225741 11068.3
internal_count=3280274 838662 2441612 1606312 192866 645796 1572366 1312305 835300 260061 40691 824717 152175 383297 33946 248082 425528 409772 262499 390158 325583 187197 232000 797593 57714 415476 100470 35601 11681 31438 487588 75302 134251 51705 5573 555073 66986 191332 278595 209333 120211 25865 42844 38798 296006 57626 18081 10052 472769 19614 71987 111563 11979 8277 5090 17588 111924 233221 14842 119470 161182 3315
cat_boundaries=0 95 191 283 373 467 562 656 747 839 934 1029 1124 1220 1315 1411 1490 1585 1681 1771 1860 1950 2039 2134 2222 2310 2405 2406 2407 2503 2599 2695 2788 2882
cat_threshold=16384 0 0 0 0 0 0 4194304 16384 0 4096 0 0 0 0 0 0 0 0 0 0 1024 0 1048576 0 2147483648 0 0 0 65536 16 0 0 0 0 0 0 0 0 0 0 0 0 0 0 0 0 0 0 0 0 0 0 0 0 0 512 0 4194368 128 0 4 0 0 0 0 0 0 0 0 0 0 0 4864 0 16384 0 0 134218240 0 1024 4 8192 268435456 0 0 0 1048576 68 4096 0 0 2097152 268435456 257 0 0 0 0 0 0 0 65536 0 0 0 0 16777216 0 0 0 0 8192 0 16 2048 0 2 0 0 0 0 0 0 16384 0 33554432 0 268435456 0 0 0 0 0 0 0 0 0 0 0 0 0 0 0 2048 0 0 0 0 1056 0 0 8192 536870912 0 2048 0 0 0 0 8 0 128 16384 32768 0 0 8 64 128 0 0 0 0 67108864 0 8192 0 64 0 0 32 8396800 0 524288 0 16 0 0 8192 1 0 0 0 0 0 0 0 0 0 67108864 2 0 16777216 0 0 0 0 0 0 0 2048 0 0 0 0 0 0 32768 0 0 0 0 0 0 0 0 0 0 0 0 0 0 0 0 0 0 0 0 4096 2048 0 0 0 0 32 0 8 512 0 32768 64 4096 0 0 0 0 0 16777216 16384 32768 0 33554432 393216 64 0 8192 2147483648 0 536870912 0 2181038080 0 0 64 0 0 196640 8388608 0 536870912 0 16 0 0 0 0 0 268435456 0 0 0 0 0 262144 0 0 0 0 0 16777216 32 0 0 8388608 33554432 0 0 0 1024 32768 0 0 0 0 8192 0 0 0 0 0 0 0 0 0 0 0 0 0 0 0 4096 0 0 0 0 2147483648 0 8192 8 512 32768 32772 0 4096 0 0 0 16777216 0 16777216 0 0 0 33554432 393216 0 0 2147483648 0 0 536870912 0 2147483648 0 0 0 524288 0 131072 536871424 0 537919488 0 0 0 0 0 0 0 4259840 16384 0 4096 0 16777216 0 0 0 0 0 0 0 2048 0 0 0 0 0 0 0 0 65536 0 0 0 0 8 0 0 0 0 0 0 0 0 0 0 0 0 0 0 0 0 0 0 0 0 0 512 0 4194304 128 2048 4 0 0 0 0 0 128 0 0 0 33554432 131072 4352 0 16384 0 0 134218240 0 1024 4 8192 64 0 0 0 1048576 68 4096 0 16 2097152 268435456 16384 0 0 0 0 0 0 4259840 16384 0 4096 0 0 0 0 0 0 0 0 0 0 0 0 0 0 0 0 1 0 0 16 0 0 0 8 0 0 0 0 0 0 0 0 0 0 0 0 0 0 0 0 0 0 0 0 0 512 0 4194304 0 2048 4 0 0 0 0 0 0 0 0 0 33554432 0 4864 0 0 0 0 134218240 0 1024 4 8192 128 0 0 0 1056768 68 4096 0 512 2097152 268435456 8448 0 0 0 0 0 0 0 4194304 16384 0 4096 0 16777216 0 0 0 0 16777216 0 0 0 0 0 0 0 0 0 0 0 0 16 33554432 0 0 0 0 0 0 0 0 0 0 0 0 0 0 0 0 0 0 0 0 0 536871040 0 0 512 0 4194304 0 2048 4 0 0 0 8 0 16777344 0 0 0 0 131072 4864 128 0 0 0 0 0 0 4 8192 128 0 0 0 1048576 4 4096 0 592 2097152 268435456 0 0 0 0 64 0 4 0 0 8 8388610 0 0 0 0 0 0 1 262144 0 0 524288 8388608 0 0 5120 0 0 0 4 0 0 268435456 524288 0 0 0 0 0 0 0 0 0 0 0 0 0 0 512 270336 0 64 0 0 10240 2 8388608 0 0 0 64 0 0 4194304 0 0 0 0 0 0 0 134217728 0 0 0 0 2147484160 0 0 0 0 0 2048 128 0 0 65536 16 0 0 268435456 0 2148007936 65544 0 0 1024 1 0 1024 2048 0 0 0 16513 2 32768 0 0 0 0 1024 0 0 0 0 1024 0 0 0 16 0 0 0 0 67108864 0 134217728 0 2360320 0 0 0 536870912 0 0 524288 16 8256 0 0 0 0 0 0 0 0 268435456 0 0 0 65536 0 32 536870912 0 0 0 0 0 0 0 0 0 0 0 0 0 0 0 0 16384 0 0 0 0 0 0 0 0 0 0 16777216 0 0 0 0 0 0 0 65536 16384 0 4096 0 0 0 0 0 0 0 0 0 0 0 0 0 0 2147483648 0 0 0 4 16 0 268435456 0 0 0 0 0 0 0 0 0 0 0 0 0 0 0 268435456 0 0 0 0 0 1024 0 512 0 4194304 0 2048 4 0 0 0 0 0 0 0 0 0 33554432 0 4352 0 0 0 0 134218240 0 0 4 8192 268435584 0 0 0 1056768 4 4096 0 80 2097152 268435456 8193 16384 0 0 0 0 0 0 4194304 16384 67108864 4096 0 16777216 0 0 0 0 16777216 0 0 0 0 0 0 0 2147484672 0 32769 0 81924 16 0 268435456 0 8 0 0 0 0 0 0 0 0 0 0 0 0 0 0 0 0 0 0 0 0 0 0 0 4194304 0 2048 0 0 0 0 8 0 128 16384 0 0 0 0 320 128 0 512 0 0 0 0 4 0 0 0 0 0 1048576 0 0 0 576 2097152 0 256 0 0 0 0 0 0 0 0 0 0 0 0 0 0 0 0 0 16777216 0 0 0 0 0 0 0 0 0 0 0 4 0 0 0 0 0 0 0 0 0 0 0 0 0 0 0 0 0 0 0 0 0 0 0 0 0 0 0 0 4194304 0 0 0 0 0 0 0 0 0 0 0 0 0 0 4352 0 0 0 0 512 0 0 0 0 0 0 0 0 0 0 0 0 64 0 0 8192 0 0 0 0 0 0 0 65536 0 0 0 0 16777216 0 0 0 0 8193 262144 16 0 0 0 0 0 1024 0 32769 0 16384 0 33554432 0 0 8 0 0 0 0 0 0 0 0 0 0 0 0 0 0 0 0 0 0 0 1024 0 0 8192 32768 32768 2048 0 0 0 0 8 0 16777216 0 0 0 0 393216 64 0 2147483648 512 0 0 67108864 2147483648 0 0 64 0 0 131072 545259520 0 536870912 0 0 0 0 0 1 0 0 0 268435456 0 0 0 4194304 0 0 4096 0 16777216 0 0 0 0 8192 0 16 2048 1024 33554432 0 0 0 0 1 0 16388 16 0 0 0 0 0 0 0 0 0 0 0 0 0 268435456 0 0 0 0 0 0 0 0 0 0 0 512 512 0 0 2048 0 0 0 0 0 0 0 0 0 0 0 0 4864 0 16384 0 0 134218240 0 2147484672 0 8192 0 0 0 0 1048576 0 4096 0 512 2097152 268435456 256 16384 0 0 0 0 0 0 4194304 16384 0 0 0 0 0 0 0 0 0 0 0 2048 0 33554432 0 0 2147483648 0 1 0 4 16 0 0 0 0 0 0 0 0 0 0 0 0 0 0 0 0 0 0 0 0 0 0 0 0 8192 512 0 4194304 0 2048 4 0 0 0 8 0 128 16384 0 0 0 0 256 0 16384 0 0 512 0 0 0 8192 0 0 0 0 1048576 0 1052672 0 576 2097152 0 8193 1 0 0 0 0 0 0 0 0 16384 0 4096 0 0 0 0 0 0 0 0 0 0 0 0 0 0 0 0 0 0 0 0 0 0 0 0 0 0 0 0 0 0 0 0 0 0 0 0 0 0 0 0 0 0 0 0 0 0 0 4194304 0 0 0 0 0 0 0 0 0 0 0 0 0 0 256 0 0 0 0 512 0 0 16777216 268435456 64 0 0 65536 0 0 8388608 262144 0 0 0 0 0 16785409 32 0 0 524288 33554432 1 0 4096 1024 0 0 16388 0 0 0 0 0 0 0 0 0 0 0 0 0 0 0 0 0 0 0 8192 0 0 0 16384 1024 0 0 0 32768 0 0 0 0 0 0 16777216 2 8388608 0 0 1073741824 134225920 0 0 0 0 0 0 0 67108864 0 0 0 0 0 0 0 8192 0 0 268435456 2097152 0 0 8192 16384 0 0 0 0 0 0 0 0 0 4096 0 16777216 0 0 0 0 0 0 0 0 0 0 0 0 0 0 1 0 0 16 0 0 0 0 0 33554432 0 0 0 0 0 0 0 0 0 0 0 0 0 0 0 0 536871040 1024 0 520 512 64 0 2048 4 0 0 0 0 0 16777344 0 0 0 0 0 768 0 0 32768 0 512 0 1024 0 8192 0 0 0 131072 1048576 64 4096 0 512 0 268435456 257 1 0 0 0 0 0 0 0 0 0 0 0 0 16777216 0 0 0 0 8192 0 0 2048 524288 33554432 1048576 0 0 0 32768 0 65536 0 33554432 0 0 0 0 0 0 0 0 0 0 0 0 0 0 0 0 0 2048 0 0 0 0 1024 0 0 8704 536903744 0 0 0 0 8192 0 8 0 16777344 0 0 0 0 0 64 130 16384 0 0 0 67108864 2147483648 0 0 268435520 0 0 131104 0 0 537919488 0 2148007936 0 0 0 17040384 0 0 0 1024 0 0 0 16513 6 134250496 0 1024 0 0 0 0 0 8388608 0 0 0 0 0 0 0 0 0 0 335544320 0 2097280 0 2360321 0 0 0 537919488 0 131072 524288 16 8256 0 0 0 0 0 0 0 0 0 0 0 0 0 0 32 0 0 0 0 0 0 0 0 0 0 0 0 0 0 0 0 0 0 0 0 0 0 0 0 0 512 0 0 0 0 0 0 0 0 0 8 4 0 0 134217728 0 0 0 1 0 0 0 0 8388608 0 0 0 0 0 0 0 0 0 131072 524288 0 0 0 0 0 0 0 0 0 0 268435456 0 0 0 268435968 262144 0 4 0 2147483648 2048 2 0 0 0 32772 0 0 0 4194304 0 0 0 0 0 32768 0 167772160 0 0 0 8192 2147483648 8 0 0 33554432 0 0 0 524288 0 65536 528 0 524288 16384 0 0 0 0 0 0 0 0 0 4096 0 0 0 0 0 0 0 0 0 0 0 0 0 0 0 0 0 0 65536 16 0 0 0 0 0 0 0 0 0 0 0 0 0 0 0 0 0 0 0 0 0 0 0 0 0 0 0 4194304 0 0 0 0 0 0 0 0 0 0 0 0 0 0 512 0 16384 0 0 512 0 1024 0 8192 0 0 0 0 1048576 68 16384 0 0 0 0 0 0 0 0 0 0 0 0 0 0 0 0 8193 262144 16 0 0 0 1048576 0 0 0 32769 0 16384 16 0 0 0 0 0 0 0 0 0 0 0 0 0 0 0 0 0 4096 2048 0 0 0 0 1024 0 0 8192 536870912 0 0 0 0 0 0 0 0 16777216 0 0 0 0 8 576 0 0 0 0 0 67108864 2147483648 0 0 268435584 0 0 131104 8192 0 537919488 268435456 512 0 0 8448 0 0 0 0 0 0 0 0 0 0 0 0 0 0 0 0 0 0 0 0 0 0 0 0 0 0 0 0 0 0 0 0 0 0 0 0 0 0 0 0 0 0 0 0 0 0 0 0 0 0 0 0 0 0 0 0 0 0 0 0 0 0 0 0 0 0 0 0 16384 0 0 0 0 0 0 0 0 0 0 0 0 0 0 0 0 0 0 1048576 0 0 0 0 0 0 2048 0 1 8 0 0 0 134217728 0 0 0 8193 0 0 0 0 8388608 0 0 0 0 0 0 0 0 0 0 0 0 0 0 0 0 0 0 0 0 0 0 0 0 0 268440064 0 0 4 67108864 2147483776 2048 2 8388608 0 536870912 4 64 0 0 0 0 0 0 0 0 32768 0 33554432 0 0 0 0 2147483648 8 0 0 33554432 0 1048576 64 0 0 131104 528 0 0 0 0 0 16384 0 0 0 0 0 0 16777216 0 0 0 0 0 262144 16 0 8389632 33554432 1048576 0 2147484672 1024 33554432 0 81920 0 0 268435456 0 0 0 0 0 0 0 0 0 0 0 268435456 0 0 0 0 0 0 0 0 0 1024 0 0 0 32768 0 0 0 0 0 0 0 0 128 0 0 0 0 131072 0 0 0 0 0 0 67108864 2147483648 8192 0 268435520 524288 0 32 536871424 0 1048576 0 16 0 0 1 773 5 16384 0 0 0 0 0 0 65536 0 67108864 0 0 0 0 0 0 0 0 0 0 4 0 0 1048576 0 1024 0 33587200 0 65536 0 33554432 268435456 0 8 0 0 0 0 0 0 0 0 0 0 0 0 0 0 0 0 64 0 0 263168 0 0 0 64 0 0 4 0 0 0 0 0 16777344 16384 0 0 0 8 0 0 0 32768 0 0 0 0 8192 0 0 524288 0 131072 536879104 64 1048576 0 16 0 0 1 1 0 0 0 0 0 268435456 4 0 0 67108864 0 0 0 0 0 0 0 16777217 262144 16 0 8389632 0 0 0 2147483648 0 0 0 16384 0 0 0 0 0 0 0 0 67108864 0 0 0 0 0 0 0 0 8192 0 0 0 0 67108864 536871040 2048 0 0 0 0 128 65536 0 0 0 0 0 0 0 16384 0 0 0 393224 0 0 0 512 0 0 0 33554432 0 2048 0 524288 0 0 512 0 0 268435456 16 0 0 1 1 0 0 0 0 0 0 0 0 0 0 0 0 0 0 0 0 0 0 0 0 0 0 0 0 0 0 0 0 0 0 0 0 0 0 0 0 0 0 0 0 0 0 0 0 0 0 0 0 0 0 0 0 0 0 0 0 0 0 4194304 0 2048 4 0 0 0 8 0 128 16384 0 0 0 0 0 0 0 0 0 0 0 0 0 0 0 0 0 0 1048576 0 0 0 0 0 0 8192 1 0 0 0 0 0 0 4 4194304 16384 67108864 0 0 0 0 1073741824 0 0 16785408 0 16 0 0 0 0 0 2147484672 0 32768 0 81920 0 33554432 0 0 8 0 0 0 0 0 8 0 0 0 0 0 0 0 0 8192 0 0 0 0 0 8192 0 8192 0 0 0 0 0 0 0 8 0 0 16384 0 0 0 0 4096 128 2147500032 512 0 134217728 0 0 0 0 268435584 0 0 0 0 4 536870912 0 0 2097152 0 0 0 0 0 0 0 0 0 0 2 0 0 0 0 0 0 0 0 0 0 0 0 0 0 0 0 0 0 0 0 0 0 0 0 0 0 0 0 0 0 0 0 0 0 0 0 0 0 0 0 0 0 0 1024 0 0 0 0 0 2048 0 0 0 0 0 0 0 0 0 0 0 0 256 0 0 0 0 512 0 0 0 0 0 0 0 0 0 0 0 0 0 0 268435456
is_linear=0
shrinkage=0.05


Tree=17
num_leaves=63
num_cat=26
split_feature=11 8 11 5 5 5 8 0 0 0 0 6 0 11 5 6 5 0 0 8 6 5 5 0 6 5 0 0 0 0 0 0 18 0 15 6 0 5 0 0 15 0 0 15 0 6 11 6 0 8 8 15 6 0 5 14 3 0 15 12 14 0
split_gain=751934 116279 86730.7 34273.4 20186 19361.9 13528.5 12996 9955.68 8425.56 7609.96 6861.1 6777.86 6979.49 5080.93 4642.76 4149.73 4020.3 3796.92 3569.81 3018.56 2948.49 2860.99 2521.11 2455.35 2217.16 2594.88 2202.8 2164.9 2012.05 1970.26 1790.36 1771.96 1768.66 1659 1618.56 1617.31 1561.28 1521.69 1516.1 1478.54 1456.71 1405.6 1329.82 1319.74 1221.37 1213.86 1197.87 1163.89 1150.51 1149.06 1143.86 1107.81 1075.01 1020.3 1020.2 1008.1 996.319 972.523 901.26 1502.39 1648.2
threshold=1.3868235349655154 4.7857143878936776 0.72692665457725536 1.5000000000000002 1.5000000000000002 14.500000000000002 0.92857143282890331 0 1 2 3 1.0000000180025095e-35 4 0.4542194157838822 1.0000000180025095e-35 7.5000000000000009 40.500000000000007 5 6 0.35714286565780645 1.0000000180025095e-35 15.500000000000002 1.0000000180025095e-35 7 1.0000000180025095e-35 1.5000000000000002 8 9 10 11 12 13 10.500000000000002 14 4.5000000000000009 4.5000000000000009 15 1.0000000180025095e-35 16 17 4.5000000000000009 18 19 4.5000000000000009 20 1.0000000180025095e-35 0.22562374919652942 1.0000000180025095e-35 21 0.6428571641445161 0.21428572386503222 4.5000000000000009 1.0000000180025095e-35 22 101.00000000000001 0.84679430723190319 23 24 3.5000000000000004 0.46500000357627874 0.84679430723190319 25
decision_type=2 2 2 2 2 2 2 9 9 9 9 2 9 2 2 2 2 9 9 2 2 2 2 9 2 2 9 9 9 9 9 9 2 9 2 2 9 2 9 9 2 9 9 2 9 2 2 2 9 2 2 2 2 9 2 2 1 9 2 2 2 9
left_child=2 4 3 8 9 15 14 55 -1 -2 21 19 32 17 24 25 31 52 34 57 37 35 45 -9 50 26 47 -23 -16 -20 -13 -7 59 -22 -12 -6 -25 46 -15 -21 -24 58 54 -30 56 -8 -19 -3 -32 -37 -4 -40 -14 -41 -18 -5 -27 -11 -17 -10 61 -61
right_child=1 5 6 7 10 16 22 23 12 11 18 30 13 38 28 41 42 20 29 39 33 27 40 36 -26 44 -28 -29 43 -31 48 -33 -34 -35 -36 49 -38 -39 51 53 -42 -43 -44 -45 -46 -47 -48 -49 -50 -51 -52 -53 -54 -55 -56 -57 -58 -59 -60 60 -62 -63
leaf_value=-0.045631452959661707 0.013271615326523586 -0.02264612350131346 -0.031629891805803827 0.078858377829532686 0.017963594857373377 0.041700450168081576 -0.014661876255707444 0.010222623464826627 0.056862796755915983 -0.043961126008169558 0.013097482073790374 0.010171829870941401 -0.023097564051657041 -0.035786715450446004 0.0076181750112130978 0.031501695956672064 0.052879944990351146 -0.04529621373606809 0.011310321447035311 -0.028919397121936648 0.0054081211207832932 0.027371541558402386 -0.0039010754944868047 0.0023601700784510451 -0.015204814714072042 0.036233259209193756 0.020614850824048361 0.068248436482683597 -0.015387004493168717 0.0023410187230546312 0.0052866627110219029 0.029453413599940984 -0.038080038649255694 -0.03043709394795904 0.022005228437645477 0.051624942932475305 -0.021725692027357073 -0.030575837352297425 -0.029069805848970672 0.0029152516618130338 0.0045236256765212477 0.025346517752711531 0.030772530050940602 -0.0068804508194962744 0.023454680418664282 -0.005616931390485632 -0.038852580312118398 0.0087425563712643633 -0.0032841418425399332 0.025467249132184434 -0.02247477662725067 -0.022139130737353459 0.0066010833757066305 -0.0080732173953469797 0.070420539508418215 0.030508423109953626 0.026110631340958087 -0.021194757114150215 0.038135577171875372 0.20863517954855493 -0.0029700306562555436 0.00045007508600210185
leaf_weight=192998.37878656387 128475.16712683439 5327.3108078241348 45200.868650376797 1157.2302930951118 137780.50938260555 203545.25758504868 70661.731239557266 9673.2751935124397 709.49458283185959 6968.1670656204224 146187.49886071682 79267.393615722656 20705.095951616764 61143.568651914597 14332.705445230007 118874.21435701847 61665.111473083496 160813.58658587933 143018.96282851696 7201.6712104678154 3755.8768411874771 7570.2062567472458 151934.21707618237 8385.8924626708031 107499.33224338293 44890.859082698822 54272.473309278488 5898.414887547493 134570.05426675081 111122.37178820372 71443.504328250885 35249.46981215477 3341.7719577550888 41555.553872704506 81360.380322337151 4455.2815014123917 41392.349193274975 31025.413704752922 209026.65177202225 29765.05363702774 79241.118148565292 53218.11613702774 6504.7234010696411 69760.476869761944 177107.43999779224 79105.507720172405 133981.78953063488 7077.6964747905731 88872.714337706566 74445.328985095024 141764.88116526604 83241.629115104675 3701.3480188846588 88221.50031208992 9578.1678237915039 19070.854189038277 55282.826777696609 15746.72685521841 103215.66251504421 167.8153070807457 16321.391304135323 214.49412572383881
leaf_count=315190 71381 2846 57946 171 60911 23995 71670 6522 568 7091 70964 46380 26369 86806 11081 23554 3374 268700 76058 6794 3782 1999 124651 7364 114875 10453 19496 990 137712 69818 46191 6597 4271 59768 34331 1409 49408 43576 281298 22391 58593 13569 758 66502 53594 70010 215627 2770 65526 25634 166328 109487 3417 73034 299 6919 14482 16233 20102 66 16384 197
internal_value=-0.000431448 0.0198257 -0.0230649 -0.0328649 0.00970617 0.0331028 -0.0116392 -0.00135055 -0.0354732 0.00217585 0.0151644 -0.00150337 -0.032925 -0.0337064 -0.0169386 0.0279608 0.0431622 -0.0382693 0.01159 -0.00997136 -0.0395621 0.0226437 -0.00450098 -0.0131293 -0.0212261 0.0240876 0.0159013 0.0453441 -0.0111649 0.00738877 0.00372414 0.0398956 -0.00472847 -0.0274714 0.0162818 0.0212338 -0.0176684 -0.0412448 -0.0286005 -0.00666251 -0.0010133 0.0327999 0.0531952 -0.0124822 0.0260561 -0.00988443 -0.0423676 -0.00473345 0.000535453 0.0269443 -0.0246881 -0.0270949 -0.018586 -0.00530109 0.0552304 0.033258 0.0306501 -0.0282074 0.0345832 0.00166933 -0.000675028 0.0973022
internal_weight=4.10006e+06 2.16361e+06 1.93645e+06 1.04238e+06 1.2278e+06 935809 894071 79679.6 962704 515962 711839 387487 769705 748951 513128 619267 316543 395539 481689 147903 371132 230150 380943 59451.5 294465 343959 66677.5 13468.6 218663 254141 239584 238795 20755 45311.4 227548 216681 49778.2 325821 353412 125188 231175 275308 77748 204331 277281 149767 294795 12405 160316 78900.6 186966 292268 24406.4 117987 71243.3 20228.1 100174 22714.9 222090 17413.2 16703.7 382.309
internal_count=3278282 893024 2385258 1505890 697135 195889 879368 70384 1435506 355021 342114 283640 1120316 1098830 554444 160866 35023 621239 251171 125543 591453 90943 324924 63294 339149 103641 25112 2989 215295 145876 158097 30592 21486 63550 105295 87954 56772 527903 477591 102219 183244 57225 4431 204214 78529 141680 484327 5616 111717 27043 224274 390785 29786 95425 3673 7090 24935 23324 43656 17215 16647 263
cat_boundaries=0 95 187 282 377 472 566 661 757 852 944 1039 1135 1231 1326 1422 1512 1601 1693 1788 1880 1975 2069 2165 2166 2261 2340
cat_threshold=0 0 0 0 0 0 0 0 16384 0 0 0 16777216 0 0 0 0 0 0 16 2048 0 0 1048576 0 2147483648 0 0 0 0 16 33554432 0 0 0 0 0 0 0 0 0 0 0 0 0 0 0 0 0 0 0 0 0 0 0 0 0 0 4194304 0 2048 4 0 0 0 0 0 128 16384 0 0 33554432 0 4864 0 0 0 0 512 0 0 4 8192 268435456 0 0 0 9445376 68 4096 0 16 2097152 268435456 8193 0 2148007936 0 0 0 1024 0 0 0 1024 0 0 0 16513 6 134250496 65536 0 0 0 0 0 0 0 0 0 0 0 0 0 0 0 0 0 335806464 0 134217728 0 2360321 0 0 0 536870912 0 0 524288 16 8256 0 0 0 0 0 0 0 0 0 0 0 4 2048 0 32 536870912 0 0 0 128 0 0 0 0 0 0 0 0 0 0 0 0 16384 0 0 0 0 0 0 0 0 0 0 16777216 16384 0 0 268435456 0 0 0 4194304 16384 67108864 4096 0 16777216 0 0 0 0 0 0 16 0 1024 0 0 0 0 0 1 0 16388 16 33554432 0 0 8 0 0 0 0 0 0 0 0 0 0 0 0 0 0 0 0 0 0 0 0 0 512 512 64 0 0 4 0 0 0 0 0 16777344 0 0 0 0 0 768 0 0 0 0 0 0 1024 0 8192 128 0 0 0 1048576 64 4096 0 576 0 0 256 16384 0 0 0 0 0 0 4194304 16384 0 4096 0 16777216 0 0 0 0 0 0 0 0 0 0 0 0 2147483648 0 1 0 4 16 0 0 0 0 0 0 0 0 0 0 0 0 0 0 0 0 0 0 0 0 0 0 0 1024 0 0 0 4194304 4 2048 4 0 0 0 0 0 128 0 0 0 33554432 0 4352 0 0 0 0 512 0 0 4 8192 0 0 0 0 1056768 4 1052672 0 576 2097152 268435456 8193 16384 0 0 0 0 0 0 0 16384 0 4096 0 0 0 0 0 0 0 0 0 0 1024 0 1048576 0 0 0 0 0 65536 16 0 0 0 8 0 0 0 0 0 0 0 0 0 0 0 0 0 0 0 0 0 0 0 0 0 512 0 4194368 128 0 4096 0 0 0 0 0 16777216 0 0 0 0 262144 4864 0 16384 0 0 512 0 33555456 0 8192 268435456 0 0 0 1048576 68 4096 0 512 2097152 0 257 0 0 0 0 0 0 0 0 0 67108864 2 0 16777216 0 0 0 0 0 0 0 2048 0 33554432 0 0 2147483648 1024 32768 0 16384 0 0 0 0 0 0 0 0 0 0 0 0 0 0 0 0 0 0 0 2048 0 0 0 0 32 0 8 512 0 32768 64 4 0 0 0 0 0 0 16384 32768 0 33554432 131072 64 0 8192 2147483648 0 536870912 0 2147483648 4 0 64 0 0 196640 0 0 0 0 16 0 268435456 0 0 0 0 0 0 0 65536 0 67108864 2 0 0 0 0 0 0 0 0 16 2052 0 33554432 1048576 0 1024 0 0 0 81920 0 0 268435456 0 0 0 0 0 0 0 0 0 0 0 0 0 0 0 0 0 0 0 0 0 0 0 512 0 64 128 0 0 0 0 0 8 0 16777216 0 0 0 0 0 576 128 0 512 0 134217728 67108864 1024 8192 0 268435584 0 0 0 545259520 64 0 0 16 0 0 256 16384 0 0 0 0 0 0 4259840 0 0 4096 0 0 0 0 0 0 0 0 0 0 524288 33554434 0 0 0 0 0 0 81924 0 0 0 0 0 0 0 0 0 0 0 0 0 0 0 0 0 0 0 2048 0 0 0 2147483648 1056 8192 512 0 536870912 128 0 0 0 0 0 0 0 0 0 32768 0 0 8 64 128 0 0 0 134217728 67108864 2147484672 8192 0 0 0 0 32 512 0 537919488 0 0 0 0 0 1 0 0 0 0 0 0 0 0 0 0 0 0 0 0 0 0 0 8193 32 0 0 0 2 0 0 2147483648 0 1 0 0 0 0 268443648 0 0 0 0 0 0 0 0 0 0 0 0 0 0 0 268435968 2048 0 4 0 0 9216 0 0 0 4227072 32768 0 0 0 0 0 0 0 0 0 0 0 33554432 0 4096 0 0 0 8 134218240 0 0 8196 0 268435520 0 0 0 8389120 0 524288 0 0 0 0 8193 16384 0 0 0 0 0 0 4194304 16384 0 4096 0 16777216 0 0 0 0 0 0 0 0 0 0 0 0 0 0 0 0 0 0 0 0 0 0 0 0 0 0 0 0 0 0 0 0 0 0 0 0 0 0 0 0 0 0 0 0 0 0 0 0 4 0 0 0 0 0 128 0 0 0 33554432 0 0 0 0 0 0 0 0 0 0 8192 0 0 0 0 1048576 0 4096 0 512 0 0 0 0 0 0 0 65536 0 0 4096 0 0 0 0 0 0 0 0 0 0 0 33554432 1048576 0 0 0 32768 0 65536 0 0 0 0 0 0 0 0 0 0 0 0 0 0 0 0 0 0 0 0 0 0 0 0 0 0 512 0 541097984 128 2048 0 0 0 0 0 0 0 0 0 0 0 393216 4864 0 0 0 0 134218240 0 1024 4 8192 268435456 524288 0 0 0 68 1052672 0 0 2097152 268435456 8448 0 0 0 268435456 0 268451840 4 0 0 0 0 0 0 0 0 0 0 16777216 0 0 0 1024 2 0 0 0 0 32768 0 0 0 33554432 8192 0 8 0 0 0 0 0 0 0 0 0 268435456 0 0 0 0 10240 0 0 0 536870912 8224 0 0 512 0 32768 0 0 0 0 0 16777216 0 0 16384 0 0 0 131080 0 0 2147500032 32768 0 536870912 0 2147483648 0 0 0 524288 0 32 0 0 536870912 0 0 0 0 0 1 0 0 0 0 0 0 0 0 0 0 2 0 0 0 0 0 0 16785408 0 0 2048 0 33554432 0 0 2147484672 0 32768 0 65536 0 0 0 0 0 0 0 0 0 0 0 0 0 0 0 0 0 0 0 0 0 0 0 0 32 0 0 0 4194304 0 2048 0 0 0 0 8 0 0 16384 0 0 0 0 4160 130 16384 33280 0 134218240 0 0 4 0 0 0 0 0 536879104 4 0 0 16 2097152 0 8193 1 0 0 0 0 0 0 0 65536 0 0 0 0 0 0 0 0 0 0 0 0 2048 0 0 0 0 2147483648 0 0 0 4 16 0 0 0 0 0 0 0 0 0 0 0 0 0 0 0 0 0 0 0 0 0 0 0 0 0 512 0 4194304 0 2048 0 0 0 0 0 0 0 16384 0 0 33554432 0 4352 0 0 0 0 512 0 0 0 0 0 0 0 0 1048576 0 4096 0 80 2097152 268435456 8193 0 0 0 0 64 268435456 4 65536 0 0 0 262144 0 0 0 0 0 8192 262176 16 0 0 2 0 0 0 0 0 0 4 0 33554432 0 268435456 0 0 0 0 0 0 0 0 0 0 0 0 0 0 512 8192 0 0 0 2147483648 0 0 0 8192 536903680 0 0 0 0 0 0 8 0 0 0 0 0 0 8 0 0 2147483648 0 0 134217728 67108864 0 8192 0 0 0 0 0 545267712 0 537395200 0 0 0 0 8192 1 0 0 0 0 0 268435456 4 0 0 0 0 0 0 0 0 0 0 16785408 32 0 0 0 0 0 0 0 0 32768 0 0 0 0 268435456 268435456 0 0 0 0 0 0 0 0 0 0 0 0 0 0 512 8192 0 0 0 0 8192 2 8 8704 32768 32772 64 0 0 0 0 16777216 0 16777216 0 0 0 0 393216 0 0 16384 512 0 536870912 0 0 0 0 192 524288 0 131072 16 0 524288 0 1052672 65536 0 0 17072128 524288 0 0 0 2048 0 0 65536 32768 2147483648 0 1024 0 0 0 0 2 8388608 0 512 0 0 0 0 0 0 0 0 0 2147483648 2097280 67108864 0 0 0 0 1052672 524288 2785280 32768 256 0 0 0 0 0 0 0 0 8 0 0 0 0 0 0 0 0 0 0 0 0 0 0 0 33554432 0 0 0 0 0 0 0 0 0 0 0 0 0 0 1048576 0 512 0 1048576 0 0 0 0 0 0 0 0 4 0 0 134283264 1073774592 2147483648 65536 0 0 0 1024 0 2 8388608 2097152 0 128 0 0 0 0 0 8 524288 0 536870912 134217856 0 0 0 32768 0 0 0 2097152 0 0 0 268435968 0 4096 0 1048576 0 0 0 16 0 0 132 0 0 0 0 0 0 0 0 0 0 0 33554432 0 0 0 0 0 0 0 0 16384 0 0 0 0 0 0 0 0 0 0 16777216 16384 0 0 0 0 0 0 4194304 16384 0 0 0 0 0 0 0 0 16777216 0 0 2048 0 33554432 0 0 2147483648 0 0 0 4 16 33554432 0 0 0 0 0 0 0 0 0 0 0 0 0 0 0 0 0 0 0 0 0 536870912 0 0 0 0 4194368 0 2048 0 0 0 0 8 0 0 16384 0 0 0 0 4416 0 0 0 0 134218240 0 0 4 8192 0 0 0 0 1048576 4 0 0 576 2097152 0 8449 0 0 0 0 0 0 0 0 0 0 0 0 0 0 0 0 0 0 0 0 0 0 0 0 0 0 0 0 0 0 0 0 0 0 0 0 0 0 0 0 0 0 0 0 0 0 0 0 0 0 0 0 0 0 0 0 0 0 4194304 0 0 0 0 0 0 0 0 0 0 0 0 0 0 256 0 0 0 0 512 0 0 0 8192 0 0 0 0 0 0 0 0 64 0 0 0 0 0 0 0 4194304 16384 0 4096 0 0 0 0 0 0 0 0 0 0 0 0 0 0 0 0 1 0 0 16 0 0 0 0 0 0 0 0 0 0 0 0 0 0 0 0 0 0 0 0 0 0 0 0 8192 8 0 4194304 128 2048 0 0 0 0 0 0 128 16384 0 0 33554432 0 256 0 0 0 0 512 0 0 4 0 0 0 0 0 1048576 0 536870912 0 64 0 0 8192 0 0 0 0 0 268451840 4 65536 0 0 0 262144 0 0 0 0 0 0 0 0 4 524288 0 1048576 0 0 0 33554432 0 0 0 0 268443648 268435456 0 0 0 0 0 0 0 0 0 0 268435456 0 0 0 0 10240 0 0 0 536870912 1024 0 0 8192 0 0 0 0 0 0 0 16777216 0 0 0 0 0 0 131080 0 0 2147483648 0 0 0 67108864 2147483648 8192 0 268435456 0 0 131104 8388608 0 1048576 0 0 0 268435456 0 0 0 0 0 16384 4 65536 1 2 0 4 0 0 0 0 0 0 0 0 0 8912896 33554432 0 0 1024 0 32768 0 65536 0 0 0 0 0 0 0 0 0 0 8 0 0 0 268435456 0 0 0 0 0 0 0 0 536887296 262144 0 0 8192 0 0 2048 0 0 0 0 8 0 0 0 0 0 0 0 0 0 16384 33280 0 512 0 2147483648 0 0 64 0 0 131104 0 0 1048576 268435456 16 0 0 0 1 773 0 0 0 0 0 0 0 0 0 8 0 0 0 65536 0 0 0 0 0 0 2048 0 2 1048576 0 2147483648 0 0 0 0 0 0 268435456 0 0 0 0 0 0 1048576 0 0 0 0 0 0 0 64 512 0 0 0 0 2147483648 8224 0 0 0 4194304 4 2048 0 0 4194304 0 16777216 0 0 16384 32768 0 0 0 4160 128 0 0 0 512 0 0 4 0 1048576 524288 0 0 16 0 0 0 16 0 268435456 8193 0 0 0 0 0 0 0 0 0 0 0 0 0 0 0 0 0 0 0 0 0 0 0 0 0 0 0 0 0 0 0 0 0 0 0 0 0 0 0 0 0 0 0 0 0 0 0 0 0 0 0 0 0 0 0 0 0 0 0 0 0 0 0 0 0 0 0 0 0 0 0 0 0 0 0 0 0 0 512
is_linear=0
shrinkage=0.05


Tree=18
num_leaves=63
num_cat=32
split_feature=10 10 10 0 8 10 6 10 0 10 0 0 6 6 15 6 15 6 0 15 0 0 0 0 0 0 0 18 15 19 3 14 18 15 0 0 3 0 19 0 0 0 0 19 0 0 14 0 0 0 0 0 6 6 12 3 0 15 19 0 0 6
split_gain=706803 100015 75362.2 33972 18134.2 14749.7 11709.9 9377.26 7479.22 7238.71 5176.19 4205.91 4141.6 3846.46 3789 3627.5 3245.63 3065.04 3032.46 2438.47 2379.19 2301.39 2034.93 2001.21 1987.53 1859.74 1806.98 1769.63 1750.6 1604.75 1588.9 1574.23 1698.71 1541.16 1457.29 1424.9 1392.31 1341 1314.36 1451.71 1426.01 1307.35 1278.22 1232.44 1221.81 1175.81 1151.67 1135.1 1119.02 1108.86 1092.86 1076.87 1056.79 1040.95 972.68 967.17 1597.08 942.761 941.597 906.302 885.006 883.87
threshold=1.2321428656578066 4.4821429252624521 0.41071428358554846 0 12.214285850524904 2.2321428060531621 1.0000000180025095e-35 0.76785713434219371 1 0.19642857462167743 2 3 31.500000000000004 2.5000000000000004 3.5000000000000004 1.0000000180025095e-35 4.5000000000000009 2.5000000000000004 4 4.5000000000000009 5 6 7 8 9 10 11 10.500000000000002 4.5000000000000009 1.0000000180025095e-35 12 0.84679430723190319 3.5000000000000004 3.5000000000000004 13 14 15 16 1.0000000180025095e-35 17 18 19 20 1.0000000180025095e-35 21 22 0.85924345254898082 23 24 25 26 27 10.500000000000002 1.5000000000000002 0.46500000357627874 28 29 3.5000000000000004 1.0000000180025095e-35 30 31 10.500000000000002
decision_type=2 2 2 9 2 2 2 2 9 2 9 9 2 2 2 2 2 2 9 2 9 9 9 9 9 9 9 2 2 2 1 2 2 2 9 9 1 9 2 9 9 9 9 2 9 9 2 9 9 9 9 9 2 2 2 1 9 2 2 9 9 2
left_child=2 5 3 15 14 13 9 10 -8 11 37 -5 29 23 38 27 22 28 -10 42 -20 -13 55 46 -19 52 61 31 45 34 -31 32 -1 -25 -6 -23 41 -4 40 -40 -3 -33 -12 59 -11 -9 -2 -18 -22 -45 -29 -44 -15 -21 -38 56 -7 -27 -14 -24 -37 -16
right_child=1 4 7 6 12 16 8 17 18 44 19 21 58 25 26 -17 47 24 20 53 48 35 43 33 -26 57 -28 50 -30 30 -32 36 -34 -35 -36 60 54 -39 39 -41 -42 -43 51 49 -46 -47 -48 -49 -50 -51 -52 -53 -54 -55 -56 -57 -58 -59 -60 -61 -62 -63
leaf_value=0.12913637304129405 0.099777622105178335 0.023986510916019083 0.045851842335587999 -0.018033261843854738 0.036795839081515395 0.12670283591950982 0.012882046594551892 0.0007629886088970783 -0.00077150922379122912 -0.012889215561110551 -0.0079373884196007483 -0.04742335017445997 0.043964287556091303 0.018222029490620396 0.029315084247169561 0.02696210300685635 0.024588344217091915 0.028583748206350415 -0.0097326895107104818 -0.014852450213887806 -0.041030262303653912 -0.028211322725768526 -0.0096504399856558957 -0.0034275076210467021 0.00027666879645839895 0.002570637484433814 0.022916227212311478 -0.051320403344510927 -0.003363593078561464 0.049419732924281645 0.03632329352336048 0.077145714494082959 -0.0063237304278397676 0.0031663767435598763 0.027272465607326331 -0.033229482807378301 0.048273939767846732 0.004598834596281587 0.034335465987958357 0.021927385857524129 0.015919456122761629 0.011702374598512425 -0.013586373423996063 0.020384234289374061 -0.03147610748085581 -0.011896323271725054 0.0084878823455442724 0.016739043258372777 -0.028082555422052846 0.0095369872694991559 0.0018590447530050305 -0.02279313575865051 0.052023811918950127 -0.0034152785378930811 -0.0065326571587526125 0.014810751826384402 0.024110386349640335 0.011265175814102454 0.054045541999459802 0.0077891346187266485 -0.041578396566973971 0.036192824293301729
leaf_weight=502.01995396614075 347.38454985618591 92994.089310884476 2293.191132247448 19278.64379709959 86398.745843172073 376.7298835515976 13582.161198914051 19854.737494111061 11192.404014408588 9191.0729437470436 18090.763689756393 135015.31917750835 75752.45010972023 28204.416010856628 133322.0465272665 16704.339727878571 70243.340455830097 7136.0850588679314 16137.323276698589 107695.99225860834 19977.175673544407 25289.061710178852 7753.9019542336464 209633.97317969799 46901.394854545593 57796.48243689537 81735.223010540009 2661.0588930845261 107711.59984838963 32719.243245840073 81432.931802034378 969.24749749898911 429.39608317613602 153500.81470346451 75867.953213691711 36469.365292429924 840.90308219194412 13668.791126430035 34843.481089234352 73661.679281592369 133959.76901221275 3513.6514223217964 36392.125176012516 39945.428471148014 268966.55955988169 241920.68417590857 63053.038158416748 134768.97791522741 105186.78908097744 57604.100071489811 1521.3675257563591 256053.88192659616 2518.8401769399643 24402.215679883957 21713.124163925648 119356.48534989357 24028.37607806921 67696.583326101303 33363.064017534256 186135.32419836521 275531.39318943024 71907.622218370438
leaf_count=143 146 24224 1159 23713 10583 42 10187 16637 11330 11228 18674 236190 4840 14963 34163 7197 26676 3977 19221 122224 31162 38462 4738 158076 37836 38214 23525 3737 93512 3695 10665 569 250 106665 11684 58691 485 11324 8717 20818 40315 3003 40113 18720 385519 230805 39463 58106 146156 29403 1440 304790 741 24250 20739 53289 10373 40547 1912 93946 462194 13366
internal_value=-0.000379835 0.0186158 -0.0230807 -0.0325893 0.0302771 0.00900469 -0.0347111 -0.0124667 -0.0226702 -0.0373094 -0.0174208 -0.0409567 0.0387984 0.0032493 0.0249989 0.0080588 0.0142435 -0.00710227 -0.0258359 -0.0184293 -0.0278211 -0.0418912 0.0118001 0.000790948 0.00402019 0.00996163 0.0292167 -0.00176015 -0.00872893 0.0355425 0.0400846 0.0027761 0.0666873 -0.000640187 0.0323471 -0.0396753 0.000574368 0.0105505 0.0213907 0.0259171 0.0192267 0.0259921 -0.0208502 0.00939758 -0.0308635 -0.0109366 0.00898666 0.0194305 -0.0301522 0.0139819 -0.0320945 -0.0216479 0.0209864 -0.0127397 -0.00448726 0.0166687 0.0257453 0.00726028 0.0470467 0.00709161 -0.0406036 0.0317233
internal_weight=4.09772e+06 2.23092e+06 1.86679e+06 984672 1.00796e+06 1.22296e+06 935817 882121 166076 769741 458597 491584 385534 582752 622424 48855.1 640213 423525 152494 442635 141301 472305 435200 426535 54037.5 156216 286965 32150.8 369487 276419 114152 27968.3 931.416 363135 162267 337290 27036.9 15962 335459 108505 226954 4482.9 310537 291439 278158 261775 63400.4 205012 125164 97549.5 4182.43 292446 30723.3 132098 22554 143762 24405.1 125493 109116 193889 312001 205230
internal_count=3279532 902615 2376917 1471616 208507 694108 1434053 905301 218056 1215997 522534 819250 43379 398815 165128 37563 295293 382767 207869 510051 196539 795537 210511 304350 41813 94465 71054 30366 340954 36627 14360 25189 393 264741 22267 559347 24796 12483 94074 29535 64539 3572 363577 146807 396747 247442 39609 84782 177318 48123 5177 344903 15704 146474 21224 63704 10415 78761 6752 98684 520885 47529
cat_boundaries=0 95 191 286 378 468 559 651 745 840 935 1030 1125 1126 1218 1313 1314 1404 1500 1592 1687 1782 1873 1968 2063 2152 2248 2343 2439 2440 2514 2602 2692
cat_threshold=16384 0 0 0 0 0 0 4194304 16384 0 4096 0 0 0 0 0 0 0 0 0 2048 1024 0 1048576 0 2147483648 0 0 0 65536 16 0 0 0 0 0 0 0 0 0 0 0 0 0 0 0 0 0 0 0 0 0 0 0 0 0 512 0 4194304 128 0 4 0 0 0 0 0 0 0 0 0 33554432 0 4864 0 16384 0 0 512 0 1024 4 8192 268435456 0 0 0 1048576 68 4096 0 16 2097152 268435456 1 0 0 0 0 0 0 0 65536 0 0 0 262144 16777216 0 0 0 0 0 0 16 0 0 2 0 0 0 0 0 0 16384 0 33554432 0 0 0 0 0 0 0 0 0 0 0 0 0 0 0 0 0 2048 0 0 0 0 1056 0 0 0 536903744 32768 2048 0 0 0 0 8 0 128 16384 32768 0 0 8 64 128 0 0 0 134217728 67108864 0 8192 0 64 0 0 32 8396800 0 524288 0 0 0 0 8192 1 16384 0 0 0 0 0 0 4259840 16384 0 4096 0 16777216 0 0 0 0 0 0 0 0 0 0 0 0 0 0 0 0 65536 0 0 0 0 0 0 0 0 0 0 0 0 0 0 0 0 0 0 0 0 0 0 0 0 0 0 0 0 4194304 128 2048 4 0 0 0 0 0 128 0 0 0 0 0 4416 0 16384 0 0 134218240 0 1024 4 8192 268435648 0 0 0 1048576 68 536875008 0 0 2097152 268435456 1 0 0 0 0 0 0 0 0 0 67108864 2 0 16777216 0 0 0 0 8192 0 0 0 0 0 0 0 0 0 32768 0 0 0 0 0 0 0 0 0 0 0 0 0 0 0 0 0 0 0 0 4096 2048 0 0 0 0 32 0 8 512 64 32768 0 4096 0 0 0 0 0 16777216 16384 32768 0 8192 393216 64 0 8192 2147483648 0 536870912 0 2181038080 0 0 64 0 0 196640 8388608 0 536870912 0 2097152 0 0 0 0 0 268435456 0 0 0 0 0 0 0 0 0 0 0 16785408 262176 0 0 524288 0 0 0 1024 1024 32768 0 4 0 0 8192 268435456 0 0 0 0 0 0 0 0 0 0 0 0 0 0 4096 0 0 0 0 2147483648 0 8192 0 8704 0 4 0 4096 0 0 0 16777216 0 16777216 0 0 0 0 393216 0 0 2147483648 512 0 536870912 0 2147483648 0 0 128 524288 0 0 536870928 0 536870912 0 0 0 0 64 0 4 0 0 8 8388610 0 0 0 0 0 0 1 0 0 0 8388608 41943040 0 0 0 0 0 0 0 0 0 268435456 524288 0 0 0 0 0 0 0 0 0 0 0 0 0 0 512 8192 0 68 0 0 10240 2 8388616 0 0 0 64 0 0 4194304 0 0 0 0 0 0 0 134217728 0 0 0 8192 2147483648 0 0 0 33554432 0 2048 0 0 0 196608 512 0 1048576 268435456 0 2148007936 65544 0 0 1024 1 0 1024 2048 0 0 0 16385 2 32768 0 0 0 0 1024 0 0 0 0 1024 0 0 0 16 0 0 0 0 67108864 0 134217728 0 2360320 0 0 0 536870912 0 0 524288 16 8256 0 0 0 0 0 0 0 0 268435456 0 0 0 65536 0 32 536870912 0 0 0 0 0 0 0 0 0 0 0 0 0 0 67108864 0 16384 0 0 0 0 0 0 0 0 0 0 16777216 16384 0 0 0 0 0 0 4194304 16384 0 4098 0 16777216 0 0 0 0 0 0 0 0 0 0 0 0 0 0 0 0 0 16 0 0 0 0 0 0 0 0 0 0 0 0 0 0 0 0 0 0 0 0 0 0 536871040 1024 0 520 0 4194304 0 2048 4 0 0 0 8 0 16777344 0 0 0 0 131072 4352 0 0 0 0 512 67108864 0 4 8192 0 0 0 0 1056768 0 1048576 0 576 2097152 268435456 16384 0 0 0 0 0 0 4194304 0 0 4096 0 16777216 0 0 0 0 0 0 16 0 0 0 0 0 0 0 1 0 16388 16 33554432 0 0 0 0 0 0 0 0 0 0 0 0 0 0 0 0 0 0 0 0 0 536870912 0 0 512 512 64 0 2048 4 0 0 0 0 0 16777216 16384 0 0 0 0 768 0 16384 32768 0 134218240 0 1024 0 8192 0 0 0 0 1048576 0 4096 0 512 2097152 268435456 256 16384 0 0 0 0 0 0 65536 0 0 0 0 0 0 0 0 0 0 0 0 2048 0 2 0 0 2147483648 0 1 0 81920 0 0 0 0 0 0 0 0 0 0 0 0 0 0 268435456 0 0 0 268435456 0 0 0 0 0 1024 0 0 0 4194304 132 0 4 0 0 0 0 0 0 0 0 0 33554432 0 4416 2 0 0 0 134218240 0 1024 4 8192 0 0 0 0 537919488 4 4096 0 0 2097152 0 8448 0 0 0 0 0 0 0 0 0 0 0 0 0 0 0 0 0 8192 0 0 4 0 33554432 0 0 2147483648 0 0 0 4 16 0 268435456 0 0 0 0 0 0 0 0 0 0 0 268435456 0 0 0 268435456 0 0 0 0 0 1024 0 0 512 4194304 0 2048 4 0 0 0 0 0 0 0 0 0 33554432 0 4864 0 0 0 0 134218240 0 0 4 8192 268435456 0 0 0 537927680 4 4096 0 0 2097152 268435456 8193 16384 0 0 0 0 0 0 4194304 16384 67108864 4096 0 0 0 0 0 0 0 0 16 2048 0 33554432 0 0 2147483648 0 1 0 16388 16 0 268435456 0 8 0 0 0 0 0 0 0 0 0 0 0 0 0 0 0 0 0 0 0 0 0 0 0 4194304 0 2048 0 0 0 0 0 0 128 0 0 0 0 0 4352 128 0 0 0 512 0 2147483648 0 8192 0 0 0 0 1048576 4 1048576 0 592 2097152 0 8192 768 16384 0 0 0 0 0 0 4194304 16384 0 4096 0 0 0 0 0 0 0 0 0 2048 0 0 0 0 0 0 0 0 4 16 0 0 0 0 0 0 0 0 0 0 0 0 0 0 0 0 0 0 0 0 0 0 0 0 0 512 0 0 0 0 0 0 0 0 0 0 0 0 0 0 0 0 256 0 0 0 0 0 0 0 0 0 0 0 0 0 0 0 0 0 64 0 0 0 268435456 0 0 0 65536 0 0 0 262144 0 0 0 0 0 1 32 0 0 524288 33554432 1 0 4096 1152 0 0 16388 0 0 0 268435456 0 0 33554432 0 0 0 0 0 0 0 0 0 0 0 0 8192 0 0 0 2147500032 1024 0 0 0 32768 0 64 0 0 0 0 16777216 2 8388608 0 0 1073741824 134217728 0 0 0 0 0 0 134217728 67108864 0 0 0 0 0 0 0 536879104 0 0 268435456 0 0 0 8192 5 0 0 0 0 0 0 0 0 0 0 4096 0 0 0 0 0 0 0 0 0 0 0 0 0 0 0 0 0 0 0 0 0 0 0 0 0 0 0 0 0 0 0 0 0 0 0 0 0 0 0 0 0 0 0 0 0 0 0 4194304 0 2048 0 0 0 0 0 0 0 0 0 0 0 0 256 0 0 0 0 512 0 0 0 8192 0 0 0 0 0 0 4096 0 0 0 0 0 0 0 0 0 0 0 0 0 0 0 0 0 0 0 0 0 0 0 0 0 0 0 0 0 0 0 0 0 0 0 0 0 0 0 0 0 0 0 0 0 0 0 0 0 0 0 0 0 0 0 8192 0 0 4194368 0 2048 4 0 0 0 8 0 128 16384 0 0 0 0 768 0 16384 0 0 0 0 1024 4 0 0 0 0 0 1048576 0 536870912 0 0 2097152 0 8192 1 0 0 0 0 0 0 0 4194304 16384 67108864 4096 0 0 0 0 0 0 16777216 0 0 0 0 0 0 0 2147483648 0 32768 0 0 16 33554432 0 0 8 0 0 0 0 0 0 0 0 0 0 0 0 0 0 0 0 0 0 536870912 0 0 0 0 4194304 0 2048 0 0 0 0 0 0 0 0 0 0 0 0 256 0 0 512 0 512 0 0 0 0 0 0 0 0 0 68 0 0 576 16384 0 0 0 0 0 0 0 0 0 0 0 0 0 0 0 0 0 0 0 2048 0 0 0 0 0 0 0 0 65536 0 0 0 0 0 0 0 0 0 0 0 0 0 0 0 0 0 0 0 0 0 0 0 0 0 0 0 0 0 0 0 0 0 0 0 0 0 0 0 0 0 0 0 256 0 0 0 0 0 0 0 0 0 0 0 0 0 1048576 4 4096 0 0 0 0 1 0 0 0 0 0 0 4 0 0 0 0 0 0 0 0 0 0 8192 0 16 2048 1024 0 1048576 0 0 0 32769 0 16384 16 0 0 0 8 0 0 0 0 0 0 0 0 0 0 0 0 0 4096 2048 0 0 0 0 1056 0 512 8192 536870976 0 0 0 0 0 0 0 0 16777216 16384 0 0 0 131072 0 0 0 0 0 0 67108864 2147483648 0 0 0 0 0 131104 536879104 0 1048576 0 512 0 0 8448 0 0 0 0 0 0 0 65536 0 0 0 0 0 0 0 0 0 8193 262176 16 0 0 0 0 0 1024 0 0 0 16384 0 33554432 0 0 8 0 0 0 0 0 0 0 0 0 0 0 0 0 0 262144 0 0 0 0 1024 0 8 0 32768 32768 2048 0 0 0 0 8 0 16777216 0 0 0 0 393224 64 0 0 512 0 0 67108864 2147483648 0 0 64 0 0 131104 8396800 0 536870912 268435456 16384 0 0 0 0 0 0 4194304 16384 0 4096 0 16777216 0 0 0 0 8192 0 0 0 524288 0 0 0 0 0 0 0 0 16 0 0 0 8 0 0 0 0 0 0 0 0 0 0 0 0 8192 0 0 0 0 0 0 0 0 0 8192 541065280 0 0 4 0 8192 0 0 0 0 0 0 0 0 0 768 0 0 0 0 134217728 67108864 1024 0 8192 192 0 0 0 1048576 68 4096 0 512 2097152 268435456 256 0 0 0 0 0 16384 0 4194304 0 0 4096 0 0 0 0 0 0 0 0 16 0 0 33554432 1048576 0 2147483648 0 1 0 4 16 0 268435456 0 8 0 0 0 0 0 0 0 0 0 0 0 0 0 0 0 0 0 0 0 0 0 0 0 4194304 0 2048 4 0 0 0 0 0 128 0 0 0 0 0 4352 0 0 0 0 512 0 0 4 0 128 0 0 0 9445376 4 0 0 592 2097152 268435456 8448 0 2148007936 0 0 0 16777216 0 0 0 1024 0 0 0 16513 6 134250496 0 1024 0 0 0 0 0 0 0 512 0 0 0 0 0 0 0 0 335806464 0 2097280 0 2360321 0 0 0 537919488 0 524288 557056 16 8256 0 0 0 0 0 0 0 0 0 0 0 0 0 0 32 0 0 0 0 0 0 0 0 0 0 0 0 0 0 0 0 0 0 0 0 0 0 0 0 0 512 0 0 0 0 0 0 0 0 0 0 0 0 0 0 0 0 0 16777216 0 0 0 0 0 0 0 0 0 0 0 0 0 0 0 0 0 0 0 0 0 0 0 0 0 0 0 0 0 0 0 262144 0 0 0 0 8192 8192 8388608 8704 536903744 128 0 0 0 0 0 0 0 0 16384 0 0 134217728 8 576 128 2147500032 32768 8 0 0 1024 0 0 0 0 0 0 536870912 68 536875008 0 16 0 0 8449 1 0 0 0 0 0 0 0 0 16384 0 4096 0 0 0 0 0 0 0 0 0 2048 0 0 0 0 0 0 0 0 0 0 0 0 0 0 0 0 0 0 0 0 0 0 0 0 0 0 0 0 0 0 0 0 0 0 0 0 0 4194304 0 0 0 0 0 0 0 0 0 0 0 0 33554432 0 256 0 0 0 0 512 0 0 0 0 0 0 0 0 0 0 4096 0 0 2097152 0 1 0 0 0 0 0 268435456 0 0 0 0 2 262144 0 0 0 0 0 16777217 262144 0 0 0 0 0 0 0 0 33554432 0 0 0 33554432 0 0 0 0 0 0 0 0 0 0 0 0 0 0 0 0 0 262144 0 0 0 0 0 8192 8 512 32768 32768 0 0 0 0 0 8 0 0 0 32768 0 33554432 262152 512 128 2147483648 512 0 536870912 0 33554432 8192 2048 0 0 0 0 8389120 0 0 268435456 16 0 0 0 1 5 0 0 0 0 0 0 0 0 0 0 0 0 0 0 0 0 0 0 0 0 0 0 0 0 0 0 0 0 0 0 0 0 0 0 0 0 0 0 0 0 0 0 0 0 0 0 0 0 0 0 0 0 0 0 0 0 0 0 0 0 0 0 0 0 0 0 0 0 0 0 0 0 0 256 0 0 0 0 0 0 0 0 0 0 4 0 0 142606336 0 0 0 1 0 0 0 0 8388608 0 0 0 0 0 0 0 0 0 131072 524288 0 67108864 0 0 0 1048576 0 0 0 0 268435456 0 8 0 268435456 0 0 4 0 0 2048 0 0 0 32768 4 0 0 0 0 0 16777216 0 0 0 32768 1073741824 167788544 0 0 0 0 2147516416 8 0 0 33554432 134217728 0 0 524288 0 65536 528 0 0 553648128 0 2162752 16384 0 0 0 0 8388608 0 0 142606336 0 0 0 16777216 0 0 4 0 8388610 32 0 0 0 0 0 0 0 33554432 131072 0 0 0 0 0 0 0 0 0 0 0 0 16 33554432 0 512 0 4096 0 1048576 0 10240 8 0 0 0 0 0 0 0 0 0 8 0 0 0 0 0 0 0 0 0 2147483656 33280 0 0 0 4194304 134217728 0 0 0 0 0 0 0 8192
is_linear=0
shrinkage=0.05


Tree=19
num_leaves=63
num_cat=5
split_feature=10 10 10 5 5 10 5 10 6 10 7 10 5 6 5 6 15 10 1 6 5 5 12 5 6 6 5 1 6 6 19 12 6 19 11 15 15 5 6 19 1 1 12 6 11 6 6 10 9 6 9 15 11 5 17 17 12 10 1 19 15 5
split_gain=641065 93804.7 65640.9 37261.1 16590.9 13684 8213.56 7923.95 7692.9 6154.13 5466.1 5230.7 4038.67 3557.39 3147.85 3124.36 2635.69 2430.53 2412.5 2250.75 2228.71 2183.69 2052.89 1960.08 1853.94 1734.48 1603.41 1591.15 1549.67 1456.91 1428.59 1372.32 1328 1278.94 1209.66 1169.42 1165.47 1132.87 1132.83 1080.07 1028.69 1023.2 1002.43 994.156 945.837 904.442 887.121 871.231 861 853.062 845.913 845.072 803.544 802.782 795.687 1849.51 1897.34 778.133 755.525 733.99 712.635 690.45
threshold=1.1607143282890322 4.2678570747375497 0.41071428358554846 1.5000000000000002 17.500000000000004 2.053571462631226 1.5000000000000002 1.0000000180025095e-35 1.0000000180025095e-35 0.19642857462167743 8.5000000000000018 0.73214286565780651 1.0000000180025095e-35 3.5000000000000004 2.5000000000000004 2.5000000000000004 4.5000000000000009 48.267856597900398 0 2.5000000000000004 1.5000000000000002 1.0000000180025095e-35 1.4650000333786013 8.5000000000000018 1.0000000180025095e-35 1.0000000180025095e-35 10.500000000000002 1 1.0000000180025095e-35 1.0000000180025095e-35 1.0000000180025095e-35 0.73500001430511486 1.0000000180025095e-35 1.0000000180025095e-35 1.1265757083892824 3.5000000000000004 3.5000000000000004 1.0000000180025095e-35 12.500000000000002 1.0000000180025095e-35 2 3 0.21500000357627871 3.5000000000000004 1.340998709201813 8.5000000000000018 4.5000000000000009 1.0000000180025095e-35 0.51123625040054332 4.5000000000000009 0.43295724689960485 3.5000000000000004 0.28861783444881445 63.500000000000007 16.500000000000004 10.500000000000002 1.3450000286102297 1.0000000180025095e-35 4 1.0000000180025095e-35 4.5000000000000009 4.5000000000000009
decision_type=2 2 2 2 2 2 2 2 2 2 2 2 2 2 2 2 2 2 1 2 2 2 2 2 2 2 2 1 2 2 2 2 2 2 2 2 2 2 2 2 1 1 2 2 2 2 2 2 2 2 2 2 2 2 2 2 2 2 1 2 2 2
left_child=2 5 3 8 10 14 11 23 9 18 20 28 24 34 25 27 30 35 21 41 29 22 54 -5 50 37 43 57 -4 31 49 -3 -13 51 -8 59 -27 48 -18 45 -32 61 -35 -16 -15 -12 -17 -23 -2 -14 -7 -22 -20 -28 55 56 -1 -10 -41 -6 -34 -9
right_child=1 4 6 7 17 12 13 19 15 -11 39 32 16 44 26 46 38 -19 52 -21 33 47 -24 -25 -26 36 53 -29 -30 -31 40 -33 60 42 -36 -37 -38 -39 -40 58 -42 -43 -44 -45 -46 -47 -48 -49 -50 -51 -52 -53 -54 -55 -56 -57 -58 -59 -60 -61 -62 -63
leaf_value=-0.037867793083872087 -0.025255369343026281 0.017223742722239047 -0.021868598098935307 0.013234189991094471 0.029411626697614702 -0.027935272859109767 -0.0086395746818474072 -0.012554288044461379 -0.0049641202483153603 -0.030633586551701633 0.022730699318592746 -0.013662237899678117 0.0078788197692564454 0.0073559579811714893 0.0050206310146362048 -0.0082904481580191435 0.018300729813617838 0.048731847901231008 -0.045423677240666371 0.017671837348253446 0.017803699339350953 -0.0018911703467491625 -0.038920692190196213 0.041488353138310438 0.0085328387093090083 -0.0010203344101677447 0.029761529878514673 -0.031508835546339202 -0.014977667127746674 0.016914440711264963 0.01993058859556078 -0.0092584216943166573 -0.0092923445071000348 0.049883116503779718 0.00036974287737434402 0.039454612024037897 0.0055948192910732098 -0.00024975029705843056 0.042106295912378779 0.03955540827157996 0.010642906935504695 -0.025649846959514156 0.025499242443374415 0.015584909313950197 0.032416988938224103 0.029506928382520808 0.022145177036547552 -0.026798516128243993 -0.0072863884588967283 0.014816987808622867 -0.0021283232941941097 0.023581686538131502 -0.04010331104328705 0.10209594371052758 -0.027640263807373375 0.044407514820706415 0.078286011706464056 -0.022579325912791236 0.030433166757255367 0.038254321807375223 -0.0018096087569759282 0.014125715048338325
leaf_weight=2767.2431184053421 7383.2877054214478 8191.8965167999268 221415.89083689451 23437.358142733574 71302.337346553802 3456.6125904917717 95658.771156489849 19968.301763832569 7138.6942101716995 255685.58752125502 84031.055796027184 146969.48944342136 189468.56393671036 7289.8571529388428 110668.30361032486 9713.7930504083633 183935.30774617195 46268.613419532776 164156.84124439955 5596.4542526602745 154230.84338438511 5570.2909116744995 162886.73344320059 8316.4016690254211 86246.186880350113 147622.5115968585 4686.4149572849274 73055.230788230896 129192.48854953051 59403.947432041168 72225.317796945572 12144.485468864441 101789.43030804396 4371.4280204772949 61027.741126477718 125112.27961921692 121286.63045173883 71039.473612785339 5137.0055109262466 29884.99322104454 50929.891735315323 16606.932448089123 117718.37275779247 27880.018972754478 7786.2601558566093 118947.35302639008 3177.3123904466629 9496.3685547113419 68665.611055850983 57823.436087369919 39024.458014965057 107313.64047706127 125015.90733397007 417.76617634296417 7764.4728976488113 1491.4987129569054 402.74337297677994 51477.551699101925 98827.765725970268 34979.80711889267 46288.658733665943 2760.126414835453
leaf_count=3203 7085 2836 273070 15112 7966 2946 92734 22652 8059 377785 20701 151124 95161 5446 69153 11071 75331 1850 298308 3317 43759 6242 277168 1657 46090 109838 1743 109231 147619 19914 32672 6555 96418 854 48577 12948 82857 53220 1356 5041 24567 21496 30867 14659 3678 20250 2890 13785 59486 23999 26109 28122 216007 21 10076 1364 305 69560 18538 3450 40398 1688
internal_value=-0.000391577 0.0169059 -0.0230201 -0.0319116 0.0277482 0.00758543 -0.0126159 0.00151511 -0.0348252 -0.0368983 0.0240736 -0.015201 0.0123069 -0.00289851 0.00177911 -0.0242811 0.014144 0.0382703 -0.0402386 -0.0119964 0.020566 -0.0358546 -0.0374263 0.020634 0.00432159 -0.000424478 0.00816038 -0.026581 -0.0193294 0.0129601 0.0116924 0.00140912 -0.0102951 0.0221469 -0.00513054 0.0361785 0.00196331 -0.00478987 0.0189475 0.0289737 0.0160922 -0.0162175 0.0263723 0.00714648 0.0202991 0.0267016 -0.000788881 -0.01759 -0.00903093 0.00950115 -0.00422819 0.0201745 -0.0431221 0.0356819 -0.0178367 -0.00150734 -0.0231106 -0.0204305 0.0325566 0.032322 -0.00695327 -0.00931019
internal_weight=4.09453e+06 2.32063e+06 1.7739e+06 956486 1.07273e+06 1.2479e+06 817419 76685.6 879800 735238 795066 645656 688247 171763 559650 144563 559520 277663 479552 44931.8 463375 190379 175313 31753.8 128727 415998 143653 131671 350608 79740.3 370447 20336.4 295048 383634 156687 231394 268909 147088 189072 331691 123155 39335.4 122090 138548 15076.1 202978 12891.1 15066.7 76048.9 247292 42481.1 261544 289173 5104.18 12426 4661.49 3169.99 58616.2 128713 106282 148078 22728.4
internal_count=3279984 949944 2330040 1470976 223651 726293 859064 65922 1405054 1204243 197437 708629 328231 150435 398062 200811 253086 26214 826458 49153 132907 312143 292116 16769 75145 312486 85576 186850 420689 29305 176399 9391 287940 103602 141311 24364 192695 119791 76687 64530 57239 45836 31721 83812 9124 40951 13961 20027 66571 119160 29055 71881 514315 1764 14948 4872 3508 77619 23579 11416 136816 24340
cat_boundaries=0 1 2 3 4 5
cat_threshold=116 116 96 116 32
is_linear=0
shrinkage=0.05


Tree=20
num_leaves=63
num_cat=29
split_feature=10 10 10 5 5 0 0 10 5 0 10 10 7 0 0 7 5 5 0 0 15 0 5 15 0 0 0 0 0 0 0 0 0 15 18 0 9 15 5 0 0 19 0 19 8 0 10 12 14 12 3 0 15 5 0 0 0 0 15 3 5 5
split_gain=581786 83671.8 59276.8 36334.2 18354.5 9900.25 8999.81 8833.09 7367.23 7214.95 4956.45 4422.75 4153.12 3840.81 3735.51 3727 3191.88 2877.88 2714.93 2473.89 2209.93 2192.48 2596.12 2192.44 2030.98 2017.82 1976.35 1779.33 1682.2 1594.28 1560.53 1509.71 1481.02 1331.52 1274.79 1218.69 1158.36 1112.11 1093.36 1085.07 1078.21 1042.09 1041.62 1009.79 964.393 948.868 945.024 919.69 969.386 949.16 932.834 912.341 906.804 895.089 893.044 888.763 872.009 869.856 863.86 854.291 848.232 847.697
threshold=1.1250000000000002 3.5178571939468388 0.41071428358554846 1.5000000000000002 10.500000000000002 0 1 1.8392856717109682 1.5000000000000002 2 0.19642857462167743 0.66071426868438732 27.500000000000004 3 4 8.5000000000000018 1.0000000180025095e-35 1.0000000180025095e-35 5 6 4.5000000000000009 7 1.0000000180025095e-35 4.5000000000000009 8 9 10 11 12 13 14 15 16 4.5000000000000009 10.500000000000002 17 7.2011895179748544 4.5000000000000009 1.0000000180025095e-35 18 19 1.0000000180025095e-35 20 1.0000000180025095e-35 0.78571429848670971 21 0.12500000372529033 0.46500000357627874 0.84679430723190319 1.185000002384186 22 23 4.5000000000000009 4.5000000000000009 24 25 26 27 4.5000000000000009 28 6.5000000000000009 46.500000000000007
decision_type=2 2 2 2 2 9 9 2 2 9 2 2 2 9 9 2 2 2 9 9 2 9 2 2 9 9 9 9 9 9 9 9 9 2 2 9 2 2 2 9 9 2 9 2 2 9 2 2 2 2 1 9 2 2 9 9 9 9 2 1 2 2
left_child=2 7 3 6 15 61 46 18 11 34 14 32 25 60 -11 21 24 40 36 -7 38 52 29 28 -9 58 -21 -19 -18 -23 -13 -15 -4 -32 47 -12 53 -34 -20 -17 -16 -30 -28 -24 55 -25 -1 59 49 -49 57 -29 -3 -2 -26 -37 -22 -50 -6 -8 -10 -5
right_child=1 4 8 5 12 19 9 16 13 10 35 30 -14 31 17 39 23 27 20 26 56 22 43 45 54 -27 42 51 41 -31 33 -33 37 -35 -36 44 -38 -39 -40 -41 -42 -43 -44 -45 -46 -47 -48 48 50 -51 -52 -53 -54 -55 -56 -57 -58 -59 -60 -61 -62 -63
leaf_value=-0.04703164758231819 0.0070985679286356216 0.018836371506591655 0.003586835174161862 0.027539886413521848 0.029339995495006391 0.012804287369841384 0.14792874301668443 -0.017380740879406813 0.014160460172471202 -0.01710368777257331 -0.03405916308554597 0.0025328007121550485 0.039320191047125308 0.00677406124797688 -0.044628244527105135 0.027614403344808532 0.022413407227442044 0.0080986030380771068 -0.0072817104987599997 0.005714615117689819 0.011245686647636331 -0.01603525955467348 0.013776316975767628 0.022573034713316311 0.01215329349562199 0.023122970216909018 -0.0026583598697322696 -0.0058852810066312225 0.0059719647730815551 0.0080065642303683415 -0.013969210716361678 -0.0074921148335676778 -0.022153105798438533 -0.0067614452634991301 -0.032501316999903718 -0.012279098927345836 0.077072672946795151 -0.01511201499673525 -0.00094273790872153674 0.020298961709828395 -0.03765673114576986 0.012174369120535072 -0.024392728221511936 0.020750761950395193 -0.010992480156299932 0.013853015531686334 -0.039211941966924742 0.15661944228725164 0.097671738459920651 0.0027360870421940225 -0.0074989264157972468 -0.031356806715901575 0.025423481294046504 0.023897998826938258 0.0021572084750826463 -0.027447256949180404 0.0020431110001498951 0.013258737800766536 0.035452573663517478 0.024637222567520132 0.041296365189999511 0.07148054729404045
leaf_weight=112911.54757457972 49750.026517927647 203970.57870471478 6740.0957778096199 21179.519518494606 164831.09775853157 9964.5531807541847 173.99832093715668 11533.163941979408 10519.02068156004 23443.543266296387 60628.246859252453 19804.329138457775 137982.5544295311 21733.640884935856 74564.697192013264 144611.22320973873 21748.960680246353 3740.5860667228699 108896.16264486313 9330.7637358903885 34946.887489378452 9530.0387785434723 159570.50693488121 41358.98145210743 29404.135319590569 101343.11818599701 6857.6257950663567 4018.0196601748466 204817.66749620438 24866.764975428581 227216.73684412241 126173.13012158871 196583.8353561759 89240.710968315601 3309.8637996912003 10165.313608527184 646.41693103313446 78463.064220249653 181240.28428250551 78590.682926177979 226431.67544007301 101173.06951642036 28377.294321238995 76913.344018578529 10116.023777604103 127983.14892840385 58735.326148450375 190.26774168014526 346.52065354585648 211.70147150754929 15626.480467319489 29219.042293310165 70239.095367789268 9432.2587394714355 93013.613834321499 217058.4522947073 97710.487625479698 2197.9524099230766 89015.869637489319 653.70970767736435 3965.4598226547241 1157.6002111434937
leaf_count=214699 32992 62769 6812 7688 22297 5978 105 8802 6796 30279 93311 17685 8694 16589 137926 29543 9184 3938 94078 8095 22370 5347 53481 16450 16344 19662 7036 4879 108273 11339 237186 119277 248285 86409 4507 13350 169 94639 133735 20289 403469 51775 37096 24411 13089 58291 98957 70 255 213 16751 45690 19710 3932 58700 321055 69223 2192 11928 537 1114 66
internal_value=-0.0004003 0.015613 -0.0226285 -0.031151 0.0244307 0.00177479 -0.0341155 0.00562504 -0.0124662 -0.0315381 -0.0324927 -0.0149563 0.0319585 -0.00298891 -0.0364293 0.0195986 0.00951933 -0.0377682 0.000533217 -0.00971034 -0.000877581 0.0173701 0.0141773 0.0113653 0.00266905 0.0290987 -0.0147462 -0.0246057 0.00897839 0.00134316 -0.0110844 -0.00539551 -0.0195767 -0.0119363 -0.00381971 -0.027719 0.0105013 -0.0201438 -0.00332193 0.0250407 -0.0393865 0.00802247 -0.0201646 0.0160447 -0.0260968 0.0159849 -0.0443533 0.00107158 -0.00122659 0.0755751 -0.00292556 -0.0282803 0.0205229 0.009776 0.00455902 -0.0267704 0.00446841 0.0250919 0.0314822 0.0526401 0.0215746 0.0298037
internal_weight=4.08617e+06 2.37512e+06 1.71105e+06 930610 1.26146e+06 76867.4 853743 1.11366e+06 780440 682096 659386 618049 493173 162391 361418 768292 631033 337974 482623 54530.2 422794 545090 270881 497082 133951 355190 44565.7 36977.6 327740 34396.8 336262 147907 281787 316457 22710.5 297968 59828.7 275047 290136 223202 300996 305991 35234.9 236484 237340 169342 171647 19400.6 18572.9 401.969 18171 33237.1 274210 59182.3 122418 227224 132657 2544.47 253847 827.708 14484.5 22337.1
internal_count=3279811 973788 2306023 1471231 289470 65959 1405272 684318 834792 1091616 1066986 691016 62581 143776 626181 226889 327819 595902 356499 58205 319406 177057 94578 243973 83846 53887 52227 54507 169232 16686 341280 135866 349736 323595 24630 440805 37093 342924 227813 49832 541395 160048 44132 77892 347494 74741 313656 20123 19481 283 19198 50569 82479 36924 75044 334405 91593 2447 34225 642 7910 7754
cat_boundaries=0 96 188 283 378 472 567 657 749 844 939 1029 1125 1219 1314 1408 1503 1597 1686 1781 1871 1962 2057 2058 2149 2244 2336 2431 2514 2515
cat_threshold=16384 0 0 0 0 0 0 4194304 16384 0 0 0 0 0 0 0 0 0 0 16 2048 0 2 1048576 0 2147483648 0 0 0 0 16 0 0 0 0 0 0 0 0 0 0 0 0 0 0 0 0 0 0 0 0 0 0 0 1024 0 0 0 4194304 0 2048 4 0 0 0 0 0 0 16384 0 0 0 0 4352 128 0 0 0 134218240 67108864 0 4 8192 0 0 0 0 9445376 4 0 0 16 2097152 268435456 8193 1 0 2148007936 65536 0 0 16778240 0 0 0 1024 0 0 0 16513 6 134250496 65536 0 0 0 0 0 0 0 0 0 0 0 0 0 0 0 0 0 67371008 0 134217728 0 2360321 0 0 0 536870912 0 0 524288 16 8256 0 0 0 0 0 0 0 0 0 0 0 4 2048 0 32 0 0 0 0 128 0 0 0 0 0 0 0 0 0 0 0 0 16384 0 0 0 0 0 0 0 0 0 0 16777216 16384 0 0 0 0 0 0 4194304 16384 0 4096 0 0 0 0 0 0 0 0 0 0 1024 0 0 0 0 0 0 0 65536 16 0 0 0 8 0 0 0 0 0 0 0 0 0 0 0 0 0 0 0 0 0 0 0 32 0 512 0 64 128 0 4096 0 0 0 0 0 16777216 0 0 0 0 262144 4864 0 16384 0 0 512 0 2181039104 0 8192 268435520 0 0 0 1048576 68 4096 0 0 2097152 0 1 16384 0 0 0 0 0 0 65536 0 0 4096 0 0 0 0 0 0 0 0 0 2048 0 33554434 0 0 0 0 0 0 0 16 0 0 0 0 0 0 0 0 0 0 0 0 0 0 0 0 0 0 0 0 0 0 0 1056 0 512 0 4194304 128 2048 4 0 0 0 0 0 128 0 0 0 33554432 0 4416 0 0 0 0 134218240 0 1024 4 8192 0 0 0 0 537919488 68 4096 0 0 2097152 0 8193 0 0 0 0 0 0 0 0 0 67108864 2 0 16777216 0 0 0 0 8192 0 0 2048 0 33554432 1048576 0 2147483648 0 32768 0 4 0 0 0 0 0 0 0 0 0 0 0 0 0 0 0 0 0 0 4096 2048 0 0 0 0 0 0 8 512 4194304 32768 0 4 0 0 0 0 0 0 16384 32768 0 33554432 131072 64 0 8192 2147483648 0 536870912 67108864 0 4 0 0 0 0 196640 0 0 536870912 0 0 0 268435456 16384 0 0 0 0 0 0 4194304 0 0 4096 0 0 0 0 0 0 0 0 0 2048 0 33554432 0 0 0 0 1 0 81920 16 0 0 0 0 0 0 0 0 0 0 0 0 0 268435456 0 0 0 0 0 0 0 0 0 1024 0 512 512 4194304 0 2048 4 0 0 0 0 0 128 0 0 0 0 0 768 0 0 0 0 134218240 0 1024 0 8192 0 0 0 131072 1048576 4 4096 0 64 2097152 268435456 8448 0 0 0 0 0 268435456 0 65536 0 0 4096 0 16777216 0 0 0 0 16777216 0 0 0 524288 0 0 0 0 0 0 0 81924 0 33554432 268435456 0 0 0 0 0 0 0 0 0 0 0 0 0 0 0 0 2048 0 0 0 0 0 8192 512 0 64 32896 0 0 0 0 0 0 0 16777344 0 0 0 33554432 8 576 0 0 512 0 536870912 0 2147484672 8192 0 268435456 0 0 0 0 64 536875008 16384 0 0 0 0 16384 0 4194304 16384 67108864 4096 0 16777216 0 0 0 0 16777216 0 16 4 1024 0 0 0 1024 0 1 0 4 16 0 268435456 0 8 0 0 0 0 0 0 0 0 0 0 0 0 0 0 0 0 0 0 536870912 0 0 0 0 4194304 0 2048 4 0 0 0 8 0 128 0 0 0 0 131072 256 128 0 512 0 0 0 2147484672 0 0 0 0 0 0 1048576 0 0 0 576 0 0 16777216 0 0 0 0 0 0 0 4 0 0 134217728 0 0 0 1 0 0 0 0 8388610 0 0 0 128 0 0 0 0 0 0 0 0 0 0 0 0 0 0 0 0 0 0 0 0 0 268436224 0 0 4 0 2147483648 0 8 0 0 4194304 32900 0 4096 0 0 0 0 0 0 0 32768 1073741824 33562624 0 0 0 0 0 0 512 0 0 8192 1048576 1048576 524288 0 65536 16 0 0 0 0 0 0 8193 0 0 0 0 0 0 0 65536 0 0 2 0 0 0 0 0 0 0 0 0 2048 0 0 0 0 2147483648 0 0 0 4 16 0 0 0 0 0 0 0 0 0 0 0 0 0 0 0 0 0 0 0 0 0 0 0 0 0 512 0 4194304 0 2048 0 0 0 0 0 0 0 0 0 0 33554432 0 4352 0 0 0 0 512 0 0 4 0 268435584 0 0 0 8192 4 536875008 0 64 2097152 268435456 8193 0 0 0 0 0 0 0 0 0 0 8388610 0 0 0 0 0 0 0 262144 0 0 1024 0 0 0 1024 1024 0 0 0 0 0 8192 268959744 0 0 0 0 0 0 0 0 0 0 0 0 0 0 512 8192 0 0 0 2147483648 8224 2 0 8704 536903680 4 0 0 0 4194304 0 16777216 0 0 0 32768 0 0 131072 0 0 16384 0 0 0 0 0 0 0 0 524288 0 131104 528 0 1572864 0 0 0 0 64 0 4 65536 0 0 8388608 262144 0 0 0 0 0 16777216 0 16 0 524288 2 0 0 1024 0 0 0 0 0 33554432 268435456 268435456 0 0 0 0 0 0 0 0 0 0 0 0 0 0 0 262144 4096 64 0 2147483648 0 0 8388608 0 536903680 0 0 0 0 4194304 0 16777224 0 0 0 0 0 0 0 0 0 0 0 0 0 0 0 8192 2048 0 0 0 0 536879120 0 524288 0 16 0 0 8192 1 0 0 0 0 0 0 0 0 0 0 0 0 0 0 0 0 0 0 0 0 0 0 0 0 0 0 0 0 0 0 16 0 0 0 0 0 0 0 0 0 0 0 0 0 0 0 0 0 0 0 0 0 0 0 1024 0 0 0 4194304 0 0 4 0 0 0 8 0 0 0 0 0 33554432 0 256 0 0 0 0 512 0 0 0 0 0 0 0 0 1048576 0 0 0 64 2097152 268435456 0 0 0 0 0 0 0 0 0 0 0 262144 0 0 0 0 0 1 0 0 0 0 2 0 0 2147483648 0 0 0 0 0 0 0 524288 0 0 0 0 0 0 0 0 0 0 0 0 0 0 268435968 0 0 0 0 2147483648 1024 0 0 0 32768 32896 0 0 0 0 0 0 0 0 0 0 0 33554432 0 4096 0 0 0 8 512 0 0 8196 0 268435520 0 0 65568 512 0 0 0 0 0 268435456 8192 16384 0 0 0 0 0 0 4259840 16384 0 4096 0 16777216 0 0 0 0 8192 0 16 0 0 0 0 0 0 0 1 0 65536 0 0 0 0 0 0 0 0 0 0 0 0 0 0 0 0 0 0 0 0 0 0 0 0 0 0 0 8192 541065280 0 0 4 0 0 0 0 0 128 0 0 0 33554432 131072 4352 0 16384 0 0 134218240 0 1024 0 8192 128 0 0 0 1048576 68 4096 0 512 0 268435456 0 0 0 0 0 0 0 0 16384 0 0 0 0 0 0 0 0 8193 32 0 0 0 0 1048576 0 2147483648 0 32769 0 81920 0 0 0 0 8 0 0 0 1 0 0 0 0 0 0 0 0 0 0 2048 0 0 0 0 0 0 0 0 32768 4 0 0 0 0 0 0 0 0 0 0 0 0 131072 512 0 16384 0 0 0 67108864 2147483648 8192 0 268435648 524288 0 32 8192 0 537919488 0 16 0 268435456 256 16384 0 0 0 0 0 0 4259840 16384 0 4096 0 0 0 0 0 0 0 262144 16 0 0 0 1048576 0 0 0 32769 0 81920 0 0 0 0 0 0 0 0 0 0 0 0 0 0 0 0 0 0 0 0 0 0 0 0 0 0 0 8192 64 128 2048 4 0 0 0 0 0 16777216 0 0 0 0 0 256 0 16384 0 0 512 0 2147484672 0 8192 128 0 0 0 1048576 68 536875008 0 0 2097152 268435456 0 1052673 0 0 0 294912 524288 0 0 0 2048 0 0 65536 32768 2147483648 0 1024 0 0 0 0 2 8388608 0 512 0 0 0 0 0 0 0 0 268435456 2147483648 128 67108864 67108864 0 0 0 1052672 524288 2785280 0 256 0 0 0 0 0 0 0 0 0 0 0 0 0 0 0 0 536870912 0 0 0 0 0 0 0 0 0 0 0 0 0 0 0 0 4194432 0 0 0 0 0 1048576 0 512 16384 0 0 0 0 0 0 4194304 16384 0 0 0 0 0 0 0 0 0 0 0 2048 1024 33554432 0 0 0 0 1 0 65540 16 33554432 0 0 8 0 0 0 0 0 0 0 0 0 0 0 0 0 0 0 0 0 0 0 0 0 512 0 4194368 0 2048 4 0 0 0 0 0 128 16384 0 0 0 0 256 128 0 512 0 134218240 0 0 0 0 0 0 0 0 1048576 0 0 0 576 0 0 8448 0 0 8 0 16777216 0 5 0 1024 2048 0 0 0 65536 0 0 0 2097152 0 0 1024 0 0 0 0 1024 0 0 0 16 0 0 268443648 0 268435456 0 2097280 0 0 0 0 0 1048576 0 524288 32768 0 0 0 262144 0 64 0 128 0 0 268435456 0 0 0 65536 0 0 536870912 0 0 4096 0 0 0 0 0 8 0 128 0 0 0 67108864 0 0 0 0 0 0 0 0 528 0 524288 0 0 0 0 65536 0 4 0 0 10 4 262144 0 0 0 0 0 8192 32 0 4 8388608 41943040 0 0 4096 0 32768 0 0 0 0 0 0 0 0 0 0 0 0 0 0 0 0 0 0 0 0 4096 0 0 68 0 0 0 0 8388616 0 0 0 64 4096 0 0 0 8 0 0 0 0 0 134217728 262144 0 0 2147491840 0 8 0 0 33554432 0 0 64 0 0 65536 536870912 0 0 268435456 0 0 0 0 0 0 0 0 0 0 4096 0 0 0 0 0 0 0 0 0 2048 0 33554432 1048576 0 2147483648 1024 0 0 16388 16 0 268435456 0 0 0 0 0 0 0 0 0 0 0 268435456 0 0 0 0 0 0 0 0 0 8192 0 0 0 4194304 128 0 4 0 0 0 0 0 0 0 0 0 33554432 0 4864 0 0 0 0 512 0 4194304 8196 0 0 0 0 0 1056768 4 0 0 80 2097152 268435456 1 5 0 0 536870912 0 0 268435456 0 0 0 10 0 0 0 0 0 0 0 0 32 0 0 8388608 8388608 1 0 4096 0 0 0 16384 0 0 8192 524288 0 0 0 0 0 0 0 0 0 0 0 0 0 0 512 8192 0 0 0 0 9216 8194 0 8192 0 0 64 0 0 0 0 0 0 0 0 0 0 134234112 8 0 0 2147483648 512 0 134217728 0 0 0 0 128 524288 0 0 8389120 0 1048576 268435456 16384 0 0 0 0 16384 0 4194304 0 67108866 4098 0 0 0 0 0 0 16777216 262144 16 0 0 0 0 4194304 1024 0 0 0 4 0 0 0 0 0 0 0 0 0 0 0 0 0 0 0 0 0 0 0 0 0 64 67108864 0 0 0 512 0 64 0 2048 0 0 0 0 8 0 16777344 0 0 0 0 262152 256 2 0 32768 0 0 0 0 0 8192 128 0 0 0 1048576 0 4096 0 512 0 0 256 0 0 0 0 0 0 0 65536 0 0 0 0 16777216 0 0 0 0 8193 262144 16 0 8388608 0 1048576 0 1024 0 32768 0 0 0 33554432 0 0 0 0 0 0 0 0 0 0 0 0 0 0 0 0 4096 264192 0 0 0 0 1024 0 0 0 32768 0 0 4 0 0 0 8 0 0 0 0 0 33554432 131072 0 128 2147491840 2147484160 0 134217728 0 0 0 0 0 0 0 0 545267712 0 536870912 268435456 16 0 0 0 0 0 268435456 0 65536 0 0 0 0 16777216 0 0 0 0 0 262144 16 4 8389632 0 1048576 0 1024 0 32768 0 4 0 0 268435456 0 8 0 0 0 0 0 0 0 0 0 0 0 0 0 0 2048 0 0 0 0 262144 0 0 0 64 0 0 0 0 0 0 0 0 16777216 16384 0 0 0 0 4096 0 16384 0 0 0 0 2147483648 8192 0 268435584 524288 0 0 536879104 64 0 0 528 0 0 1 16384 0 0 0 0 0 0 0 0 0 0 0 0 0 0 0 0 0 0 0 0 0 0 0 0 0 0 0 0 65536 0 0 0 0 0 0 0 0 0 0 0 0 0 0 0 0 0 0 0 0 0 0 0 0 0 0 0 0 0 0 0 0 0 0 0 0 0 0 0 0 0 0 0 768 0 0 0 0 0 0 0 0 8192 776
is_linear=0
shrinkage=0.05


Tree=21
num_leaves=63
num_cat=34
split_feature=10 8 10 5 10 8 0 0 0 11 10 0 5 0 6 6 0 15 15 5 15 6 0 0 0 0 0 0 5 0 0 0 5 0 0 0 0 0 5 3 19 0 3 17 0 0 5 6 0 0 0 5 0 0 0 8 0 0 8 5 19 0
split_gain=530190 73611.8 57087.6 34969.5 12779.1 12263.9 8815.47 7722.28 7496.43 7188.89 6703.66 4336.89 3503 2985.92 2982.23 2897.37 2886.75 2465.99 2348.23 2271.75 2203.09 2122.23 1883.1 1833.3 1751.66 1660.08 1638.27 1618.76 1574.75 1394.99 1356.68 1318.74 1275.65 1262.14 1250.11 1236.77 1231.76 1231.02 1221.34 1212.43 1200.7 1157.21 1153.07 1131.57 1087.07 1085.4 1069.79 968.454 953.857 952.243 930.842 922.948 894.22 882.262 872.027 870.208 841.107 841.051 835.734 812.914 797.787 796.561
threshold=1.1250000000000002 4.357142686843873 0.37500000000000006 1.5000000000000002 2.0892857313156132 11.785714149475099 0 1 2 0.4170625507831574 0.66071426868438732 3 6.5000000000000009 4 1.0000000180025095e-35 29.500000000000004 5 3.5000000000000004 4.5000000000000009 1.0000000180025095e-35 4.5000000000000009 2.5000000000000004 6 7 8 9 10 11 1.0000000180025095e-35 12 13 14 1.0000000180025095e-35 15 16 17 18 19 1.0000000180025095e-35 20 1.0000000180025095e-35 21 22 43.500000000000007 23 24 1.0000000180025095e-35 1.0000000180025095e-35 25 26 27 1.0000000180025095e-35 28 29 30 0.78571429848670971 31 32 0.21428572386503222 1.0000000180025095e-35 1.0000000180025095e-35 33
decision_type=2 2 2 2 2 2 9 9 9 2 2 9 2 9 2 2 9 2 2 2 2 2 9 9 9 9 9 9 2 9 9 9 2 9 9 9 9 9 2 1 2 9 1 2 9 9 2 2 9 9 9 2 9 9 9 2 9 9 2 2 2 9
left_child=2 4 3 6 13 17 43 24 -5 11 19 47 21 34 28 40 -10 32 35 44 41 26 -16 -18 -4 -11 38 -21 37 -19 -27 -24 56 -30 39 -15 -14 -13 -6 -2 53 -12 -42 -1 -9 -28 58 -8 55 -32 -43 -37 -34 -7 -29 -23 -3 -25 -47 61 -17 -20
right_child=1 5 7 8 12 15 9 10 16 25 20 14 36 18 22 60 23 29 59 27 -22 48 31 57 -26 30 45 54 33 -31 49 -33 52 -35 -36 51 -38 -39 -40 -41 42 50 -44 -45 -46 46 -48 -49 -50 -51 -52 -53 -54 -55 -56 -57 -58 -59 -60 -61 -62 -63
leaf_value=0.001296277033460168 0.087074824055780251 -0.0060334342263060432 0.031468457304906931 0.028801954216011446 -0.024557363229630043 0.028893520663652635 -0.021418344716573515 -0.0093017708851970849 0.012830871061447154 -0.03824613371974369 -0.0033222260426217206 -0.047848305308290026 0.030260246554528698 0.0022920171892336703 0.0098106322045638308 0.034393091619749037 0.0053050893009899775 0.025917158311921946 -0.02171260984066771 0.0058529705634567013 -0.0038650642480002719 0.043665223864994968 -0.0035737963052867947 -0.0029152432664689681 0.004185558217413953 -0.034147892459597401 0.011879155751383744 -0.0029664419863540017 0.0093305443676618503 0.018979674282882789 -0.030640931514785953 -0.033849624372054722 0.020411875208174723 -0.033454400592669464 0.0085496377530858685 -0.0083163476619222115 0.016937636225899166 -0.040955048220696372 0.0034890788505584445 0.0043131882568615562 0.039508553155156022 -0.007418198035677487 0.028810151807902386 -0.030592862046227715 -0.02250565186889365 -0.032737327490437139 0.0076023712847787181 0.0085253473801695841 0.010912984814692658 -0.023636278543699707 -0.01456822078173195 -0.0020309509020186621 0.015043892053734792 0.021799629794660744 -0.016413303537995749 0.016145463590296574 0.01229772164518012 -0.024455317493444879 0.00022555353067903991 0.0070249156083083799 0.042853806517068667 0.0012162115008037427
leaf_weight=19377.994018137455 1000.140701174736 8002.3437242507935 7239.9045094251633 19643.956481933594 6904.8733020424843 89661.40882897377 17205.985760807991 16856.870672643185 13075.692469894886 46027.722169339657 36029.237406015396 89182.121138602495 22416.643398404121 96242.422021269798 3093.7849875092506 92455.94390130043 9084.7439453601837 188832.01385438442 4175.7377957701683 10122.524380385876 129159.00021982193 2966.6205570697784 4025.1182340979576 5605.1294197440147 31262.578229188919 68282.873611211777 103163.04073429108 13556.752295911312 1837.3152713179588 118160.41772711277 74349.714530050755 34926.733400583267 184276.16472125053 28287.76690518856 96245.209268569946 93262.499679028988 77508.145378351212 247108.12062364817 8865.7250970602036 801.41474086046219 35156.596634984016 59460.790861606598 90963.583592414856 3248.1628700494766 215265.20766377449 2013.677238047123 143193.08747327328 3202.9427601695061 203472.65126514435 141926.42794144154 195223.10816502571 156266.50219255686 134663.78918612003 86712.8945094347 110336.38510036469 90630.306996822357 28649.552729249001 23967.277546525002 42657.480152010918 115162.93524122238 39880.072993755341 39844.319153606892
leaf_count=20429 171 3761 3750 6371 5498 10533 23610 20324 7540 78331 33212 178306 5817 68258 3169 5639 7620 42112 3524 9416 119230 1062 5020 5950 25281 111164 49275 14404 2046 33462 117445 58551 45589 46502 59167 81256 26052 473022 4679 434 3809 58535 11353 4520 284300 1727 72161 3034 90302 213998 204816 115392 40562 12887 133436 35928 10476 32236 27585 72694 2183 30135
internal_value=-0.000353556 0.0147002 -0.0219227 -0.0309875 0.00668273 0.0242474 -0.034045 -0.0125397 0.00251455 -0.0349611 -0.0136106 -0.0392325 0.0112594 0.00134103 -0.0403565 0.0307721 -0.00747141 0.0199655 -0.000209446 -0.0185556 -0.00929879 0.00982449 -0.0277452 -0.0143402 0.0093226 -0.0294208 0.00690775 -0.0133722 -0.0418047 0.0232484 -0.027991 -0.0307228 0.0171313 -0.030853 0.00932526 -0.00252294 0.0199311 -0.0427857 -0.00878498 0.0504857 0.0280726 -0.0117129 0.0317978 -0.00328021 -0.0215481 0.00775816 0.00549467 -0.0167108 0.0128368 -0.0260456 -0.0128993 -0.00437997 0.0181465 0.0254087 -0.0149423 0.0170159 0.00829712 -0.020375 -0.00126034 0.00481583 0.0369428 -0.00096347
internal_weight=4.08218e+06 2.40421e+06 1.67797e+06 853460 1.30679e+06 1.09741e+06 782083 824512 71376.8 759457 786010 428870 703792 603001 408461 434831 51732.8 662584 504954 366138 419872 603867 42045.6 38657.2 38502.5 330587 306798 134016 366415 306992 284559 38951.9 355592 30125.1 98046.8 345771 99924.8 336290 15770.6 1801.56 302494 290713 126120 22626.2 232122 291027 187864 20408.9 297070 216276 254684 249529 318940 176374 123893 93596.9 36651.9 29572.4 44671.2 159183 132336 44020.1
internal_count=3279051 973483 2305568 1398864 751117 222366 1339147 906704 59717 1314198 877673 793260 320086 431031 766616 46404 53346 175962 371259 461880 415793 288217 66740 45806 29031 520938 160925 157256 699876 75574 442607 63571 100388 48548 59772 264906 31869 651328 10177 605 38582 296563 15162 24949 304624 150748 101473 26644 127292 331443 263351 196648 86151 23420 147840 36990 14237 38186 29312 106353 7822 33659
cat_boundaries=0 95 190 286 378 473 567 662 752 845 934 1022 1117 1212 1299 1395 1491 1570 1665 1760 1852 1853 1948 1949 2045 2140 2235 2327 2423 2518 2610 2706 2801 2889 2979
cat_threshold=16384 0 0 0 0 0 0 4194304 16384 0 4096 0 0 0 0 0 0 0 0 0 0 1024 0 0 0 0 0 32768 0 65536 16 0 0 0 8 0 0 0 0 0 0 0 0 0 0 0 0 0 0 0 0 0 0 0 0 0 512 0 0 128 0 4096 0 0 0 0 0 16777216 0 0 0 33554432 393216 4864 0 16384 0 0 512 0 33555456 0 8192 268435456 0 0 0 1048576 68 4096 0 0 2097152 268435456 1 16384 0 0 0 0 0 0 4259840 16384 0 4096 0 16777216 0 0 0 0 0 0 0 0 0 0 0 0 0 0 1 0 65536 0 0 0 0 0 0 0 0 0 0 0 0 0 0 0 0 0 0 0 0 0 0 0 0 0 0 512 0 4194304 128 2048 4 0 0 0 0 0 128 0 0 0 0 0 4352 0 16384 0 0 134218240 0 2147484672 4 8192 64 0 0 0 1048576 68 4096 0 16 2097152 268435456 8192 0 0 0 0 0 0 0 4194304 16384 0 0 0 16777216 0 0 0 0 0 0 0 2048 0 0 1048576 0 2147483648 0 0 0 16388 16 0 268435456 0 0 0 0 0 0 0 0 0 0 0 0 0 0 0 0 0 0 0 0 0 0 0 512 0 4194304 0 2048 4 0 0 0 0 0 0 16384 0 0 0 0 768 0 0 512 0 512 67108864 1024 4 8192 0 0 0 0 9437184 4 4096 0 16 2097152 0 8193 1 0 0 0 0 0 0 0 0 0 67108864 2 262144 16777216 0 0 0 0 0 0 0 2048 0 33554432 1048577 0 2147483648 1024 0 0 16384 0 0 0 0 0 0 0 0 0 0 0 0 0 0 0 0 0 0 4096 2048 0 0 0 0 32 0 8 512 4194304 32768 64 4 0 0 0 0 0 0 16384 32768 0 8192 0 0 0 8192 2147483648 0 536870912 0 2147483648 4 0 64 0 0 196608 0 0 0 0 16 16384 0 0 0 0 0 0 4194304 16384 0 4096 0 0 0 0 0 0 0 0 16 2048 0 33554432 0 0 0 0 32769 0 81924 16 0 0 0 0 0 0 0 0 0 0 0 0 0 268435456 0 0 0 0 0 0 0 0 0 1024 0 512 512 0 0 2048 0 0 0 0 0 0 0 0 0 0 0 0 768 0 0 0 0 134218240 0 1024 0 8192 268435456 0 0 0 1048576 4 4096 0 512 2097152 268435456 256 16384 0 0 0 0 268435456 0 65536 0 0 4096 0 0 0 0 0 0 0 0 16 0 524288 2 0 0 0 0 0 0 0 0 33554432 0 0 0 0 0 0 0 0 0 0 0 0 0 0 0 0 0 8192 0 0 0 0 1056 8192 0 8704 0 32896 0 0 0 4194304 0 0 0 0 0 0 0 33554432 8 4160 128 0 0 0 134217728 0 2147483648 8192 0 268435456 0 0 32 8704 64 536870912 0 0 0 268435456 0 0 0 0 64 268435456 4 65536 0 0 8388608 0 0 0 0 0 0 16785408 262144 0 0 0 2 0 0 0 0 0 0 4 0 33554432 268435456 268435456 0 0 0 0 0 0 0 0 0 0 0 0 0 0 512 8192 0 0 0 0 0 0 0 8192 536903680 0 0 0 0 0 0 8 0 128 0 0 0 0 8 64 0 2147483648 0 0 0 67108864 0 8192 2048 0 0 0 0 545268224 0 536870912 0 0 0 0 8192 0 0 0 0 0 0 0 0 0 0 8388610 262144 0 0 0 0 0 16777216 32 0 0 0 0 0 0 0 1024 0 0 65536 0 0 8192 268959744 0 0 0 0 0 0 0 0 0 0 0 0 0 0 512 2048 0 0 0 2147483648 8192 0 8 0 536903680 4 0 0 0 0 0 16777216 0 16777344 0 32768 0 134217728 131072 0 0 16384 0 0 536870912 0 0 0 0 64 524288 0 65536 16 0 1572864 0 0 0 0 0 0 0 0 0 0 4096 0 0 0 0 0 0 0 0 0 0 0 0 0 0 0 0 0 0 0 0 0 0 0 0 0 0 0 0 0 0 0 0 0 0 0 0 0 0 0 0 0 0 0 0 0 0 0 4194304 0 2048 4 0 0 0 0 0 0 0 0 0 0 0 256 0 0 0 0 512 0 0 0 8192 0 0 0 0 1048576 0 4096 0 0 2097152 0 2149060608 0 0 0 16811008 0 0 0 1024 0 0 0 16513 6 134250496 65536 0 0 0 0 0 0 0 0 0 0 0 0 0 0 0 0 0 335806464 0 128 0 2359296 0 0 0 536870912 524288 524288 524288 16 8256 0 0 0 0 0 0 0 0 0 0 0 0 0 0 32 0 0 0 0 0 0 0 0 0 0 0 0 0 0 0 0 0 16384 0 0 0 0 0 0 0 512 0 0 0 0 2097152 0 0 0 0 0 4 0 0 134217728 0 0 0 1 0 0 0 0 8388610 0 0 0 0 0 0 0 0 0 0 0 0 0 0 0 0 0 0 0 0 0 0 16 8 0 268436224 0 0 4 0 2147483648 2048 10 0 0 4194304 32900 0 4096 0 8192 0 0 0 0 0 0 1073741824 33562624 0 256 0 0 2147483648 0 512 0 33554432 0 0 0 524288 0 65536 16 0 0 0 0 0 0 0 0 0 0 0 0 0 0 0 0 0 8192 262144 0 2048 1024 2 1048576 0 0 0 0 0 0 0 0 0 0 0 0 0 0 0 0 0 0 0 0 0 0 0 0 0 2048 0 0 0 0 1056 8192 0 8192 536903680 0 0 4096 0 0 0 0 0 0 0 32768 0 33554432 393216 64 128 0 0 0 0 67108864 0 8192 0 268435584 0 0 131104 536879104 0 538443776 0 0 0 0 1 16384 0 0 0 0 0 0 4194304 16384 67108864 2 0 0 0 0 0 0 0 0 0 2048 0 33554432 0 0 2147483648 0 0 0 16388 16 0 268435456 0 8 0 0 0 0 0 0 0 0 0 0 0 0 0 0 0 0 0 0 0 0 8192 512 0 0 0 2048 0 0 0 0 0 0 128 0 0 0 0 0 4352 128 0 0 0 512 0 2147483648 4 8192 128 0 0 0 1048576 4 0 0 576 2097152 0 8448 0 1 65536 64 0 262144 524288 134217728 0 0 2048 4 0 65536 32768 2147483648 0 1024 0 0 0 0 0 8388608 0 512 0 0 0 0 0 0 0 0 0 2147483648 136314880 67108864 67109889 0 0 0 1052672 0 2260992 32768 256 0 0 0 0 0 0 0 0 0 268435456 0 0 0 0 0 0 536870912 0 0 0 0 0 0 0 0 0 0 0 0 0 0 0 0 128 0 0 0 0 0 1048576 0 0 536870912 0 0 0 2048 0 0 2058 0 0 0 0 0 0 0 0 32 16 0 0 0 0 0 1024 0 0 0 0 0 0 8192 0 0 0 0 0 0 0 0 0 0 0 0 16 0 0 0 262144 4096 64 0 2147483648 9216 8192 0 0 0 4 0 0 0 4194304 0 16777216 0 0 0 0 0 134217728 0 0 128 0 512 0 134217728 0 0 0 0 128 524288 0 32 16 0 1572864 268435456 0 0 0 0 1 0 0 0 0 0 268435456 0 65536 0 0 0 0 0 0 0 0 0 16785408 0 0 0 8912896 8388610 0 0 4096 0 0 0 0 0 33554432 268443648 0 0 0 0 0 0 0 0 0 0 0 0 0 0 0 0 0 0 64 0 2147483648 0 2 0 8192 536870912 0 0 0 0 4194304 0 16777216 0 0 0 0 0 0 0 64 0 2147483648 512 0 0 67108864 0 8192 2048 0 0 0 0 8192 0 537395200 268435456 0 0 0 8192 1 0 0 0 0 0 0 0 0 0 0 0 0 0 0 0 0 0 0 0 0 0 0 0 0 0 0 0 0 0 0 0 0 0 0 0 0 0 0 0 0 0 0 0 0 0 0 0 0 0 0 0 0 0 0 0 0 0 0 0 0 0 0 0 0 0 0 0 0 0 0 0 0 0 256 0 0 0 0 512 0 0 0 0 0 0 0 65536 0 67108864 0 0 16777216 0 0 0 0 8192 0 0 0 1024 0 1048576 0 1024 0 0 0 0 0 33554432 0 0 8 0 33554432 0 0 0 0 0 0 0 0 0 0 0 0 8192 0 0 0 536870912 0 0 0 8192 64 0 0 4 0 0 0 8 0 16777216 16384 0 0 0 0 4160 0 0 33280 0 0 0 2147483648 0 0 128 0 0 131072 8396800 64 537919488 0 16 0 0 1 0 0 0 0 0 0 0 65536 0 0 0 0 0 0 0 0 0 0 0 0 0 0 0 0 0 0 0 32768 0 0 0 0 0 0 0 0 0 0 0 0 0 0 0 0 0 0 0 0 0 0 0 0 0 0 1024 0 0 0 0 0 2048 0 0 0 0 0 0 0 0 0 0 33554432 0 4352 0 0 0 0 512 0 0 8192 0 0 0 0 0 1048576 4 0 0 64 2097152 268435456 1 0 2148007936 65536 0 0 0 5 0 0 2048 0 0 0 16385 2 32768 0 0 0 0 1024 0 0 0 0 1024 0 0 0 16 0 0 268435456 0 67108864 0 134217728 0 262144 0 0 0 536870912 0 0 524288 0 64 0 262144 0 64 0 128 0 0 0 0 0 4 65536 0 32 0 0 0 0 0 0 0 0 0 8 0 0 0 0 0 67108864 0 16384 0 0 0 0 0 0 512 0 524288 0 16777216 21 0 0 0 0 0 0 0 0 0 0 0 0 0 0 0 0 0 8192 0 16 2048 0 33554432 1048576 0 0 0 32768 0 0 16 33554432 0 0 8 0 0 0 0 0 0 0 0 0 0 0 0 0 0 2048 0 0 0 0 0 0 0 8192 536903744 0 0 0 0 0 0 8 0 0 16384 0 0 33554432 131072 576 0 0 512 0 0 67108864 0 0 0 268435584 0 0 131104 8704 0 537919488 0 512 0 0 256 768 0 0 0 0 0 0 0 0 0 0 0 262144 0 0 0 0 0 16785409 262144 16 0 8389632 0 1048576 0 1024 0 32768 0 16384 0 0 0 0 8 0 0 0 0 0 0 0 0 0 0 0 0 0 4096 262144 0 0 0 0 1024 0 8 512 64 32768 0 0 0 0 0 0 0 16777216 16384 0 0 0 131072 512 0 2147483648 0 0 0 0 0 8192 0 0 0 0 32 0 0 536870912 268435456 512 0 0 256 1 16384 0 0 0 0 16384 0 4194304 16384 67108866 4098 0 16777216 0 0 0 0 16777216 0 16 0 0 0 0 0 0 0 1 0 4 16 0 0 0 0 0 0 0 0 0 0 0 0 0 0 0 0 0 0 0 0 0 0 16384 0 0 0 0 64 0 0 4 0 0 0 8 0 16777344 0 0 0 0 0 0 128 2147500032 0 0 0 0 1024 0 8192 0 0 0 0 1056768 0 1048576 0 592 0 0 256 16384 0 0 0 0 0 0 4194304 16384 0 4098 0 16777216 0 0 0 0 0 0 0 2048 0 0 0 0 0 0 1 0 16384 16 0 268435456 0 8 0 0 0 0 0 0 0 0 0 0 0 0 0 0 0 0 0 0 536870912 1024 0 0 0 4194304 0 0 4 0 0 0 8 0 0 0 0 0 0 131072 256 0 0 512 0 512 67108864 0 4 0 0 0 0 0 9445376 4 1048576 0 576 2097152 0 1 1 0 8 0 16779264 0 0 0 1026 0 4 0 0 0 1073741824 0 0 2097152 0 0 0 0 2 0 6291456 0 0 0 0 16 1073741824 0 8388616 0 2048 536870912 0 0 524288 1048576 8 16777216 0 0 4 2048 0 0 512 0 0 0 0 0 0 8 0 0 0 0 65536 0 0 8 0 0 4096 0 0 0 0 0 0 0 2 0 0 0 0 0 4194304 0 0 0 0 0 0 0 0 0 0 16777216 0 0 0 0 0 268451840 4 0 0 67108864 2 262144 0 0 0 0 0 16777217 262144 0 0 525312 0 0 0 2147483648 0 33554432 0 0 0 0 0 0 0 0 0 0 0 0 0 0 0 0 0 0 0 0 4096 0 0 0 67108864 128 3072 8192 0 512 0 0 0 0 0 8192 0 16777216 0 16777216 0 0 0 0 262144 0 128 2147483648 0 0 0 0 33554432 0 2048 0 0 0 0 8388608 0 0 268435456 0 0 0 1 1 0 0 0 0 0 0 0 4194304 16384 0 4096 0 0 0 0 0 0 16777216 0 0 4 0 0 0 0 2147483648 0 0 0 0 16 33554432 8192 0 0 0 0 0 0 0 0 0 0 0 0 0 0 0 0 0 0 0 0 536870912 0 8192 8 8192 4194368 0 2048 4 0 0 0 0 0 0 0 0 0 0 0 4352 0 16384 0 0 512 0 0 4 8192 0 0 0 0 1048576 68 536870912 0 576 2097152 268435456 8192 0 0 0 0 0 0 0 4194304 16384 0 4096 0 0 0 0 0 0 16777216 0 0 2048 0 33554432 0 0 0 0 0 0 4 16 0 0 0 0 0 0 0 0 0 0 0 0 0 0 0 0 0 0 0 0 0 0 0 0 0 512 0 0 0 0 0 0 0 0 0 0 0 0 0 0 0 0 320 0 0 0 0 134217728 0 0 0 0 0 0 0 0 0 0 0 0 64 0 0 0 0 64 268435456 4 0 0 0 0 0 0 0 0 0 0 16777217 32 16 0 0 33554432 0 0 2147483648 1024 33587200 0 0 0 33554432 0 268959744 0 0 0 0 0 0 0 0 0 0 0 0 0 0 4096 0 0 0 0 2147483648 0 0 0 512 64 32772 0 0 0 0 0 0 0 16777216 16384 0 0 0 8 512 0 0 512 0 536870912 0 0 0 0 0 524288 0 0 8389120 0 0 268435456 0 0 0 0 1 0 0 0 0 0 0 0 0 0 67108864 0 0 0 0 0 0 0 8193 32 0 0 0 2 1048576 0 2147484672 0 33554432 0 0 0 0 0 0 0 0 0 0 0 0 0 0 0 0 0 0 0 0 268435456 2048 0 0 0 0 1024 0 8 0 4227072 32896 0 0 0 0 0 0 0 0 0 0 0 33554432 0 4096 0 0 0 0 134218240 0 0 8196 8192 268435456 0 0 0 536879616 0 0 0 0 0 268435456 1 0 0 0 0 65600 0 4 0 0 8 4 0 0 0 0 0 0 8192 262144 0 0 8389632 41943040 0 0 5120 0 32768 0 0 0 0 0 0 0 0 0 0 0 0 0 0 0 0 0 16 0 4 4096 0 4096 68 0 0 0 2 8388624 0 0 0 64 4096 0 0 0 8 0 0 0 0 0 0 262144 0 0 2147491840 0 0 0 0 33554432 0 0 0 0 0 131072 536870912 0 0 0 0 0 0 0 0 0 0 0 0 0 134217728 32768 67108864 0 0 0 0 0 0 2 0 0 2684354560 0 0 0 0 0 0 0 524288 0 0 134217728 0 0 0 32768 0 0 0 32768 2048 0 0 512 0 4096 4 1048576 2147483648 0 0 0 0 4194304 132 65536 4096 0 4194312 0 16777216 4096 0 0 32768 0 33562624 0 0 0 0 0 0 0 0 4194304 4 0 0 0 0 0 16 0 8192
is_linear=0
shrinkage=0.05


Tree=22
num_leaves=63
num_cat=33
split_feature=10 10 10 0 6 6 10 0 6 0 11 10 0 7 15 0 7 6 6 0 0 0 6 0 0 0 0 0 0 18 0 0 6 15 15 3 0 14 15 0 10 0 0 0 0 15 6 0 0 0 0 16 0 0 15 0 11 0 6 0 7 0
split_gain=481012 72987.4 45920 28903.1 14731.5 10854 8978.28 7422.2 6387.89 3986.99 4059.88 3795.3 3416.11 3273.25 3182.76 2830.73 2769.96 2544.79 2073.44 2019.47 1691.35 1602.66 1597.08 1594.34 1564.74 1507.64 1450.01 1442.93 1365.34 1321.55 1442.65 1289.04 1280.24 1231.3 1208.96 1172.95 1907.99 1233 1169.45 1146.3 1068.42 1050.02 1043.3 1021.65 964.12 958.866 905.945 893.515 826.367 759.18 756.351 748.283 731.569 723.081 696.873 695.061 688.771 683.025 667.682 659.92 657.941 639.651
threshold=1.0178571343421938 3.4821428060531621 0.37500000000000006 0 11.500000000000002 1.5000000000000002 1.6607143282890322 1 1.5000000000000002 2 0.3671564012765885 0.62500000000000011 3 7.5000000000000009 3.5000000000000004 4 27.500000000000004 2.5000000000000004 4.5000000000000009 5 6 7 6.5000000000000009 8 9 10 11 12 13 10.500000000000002 14 15 1.0000000180025095e-35 4.5000000000000009 4.5000000000000009 16 17 1.0010228753089907 3.5000000000000004 18 0.12500000372529033 19 20 21 22 4.5000000000000009 1.0000000180025095e-35 23 24 25 26 1.0000000180025095e-35 27 28 4.5000000000000009 29 9.9437570571899432 30 28.500000000000004 31 93.500000000000014 32
decision_type=2 2 2 9 2 2 2 9 2 9 2 2 9 2 2 9 2 2 2 9 9 9 2 9 9 9 9 9 9 2 9 9 2 2 2 1 9 2 2 9 2 9 9 9 9 2 2 9 9 9 9 2 9 9 2 9 2 9 2 9 2 9
left_child=2 6 3 18 13 7 17 40 11 -9 19 21 -10 20 23 -7 39 27 29 -11 -3 -4 41 -8 -19 -12 -14 -2 -17 35 -31 61 44 59 42 36 37 -1 52 54 -5 -16 -22 -27 -21 -33 48 -15 -25 -34 58 -45 -29 -30 -6 -28 -36 -43 -24 -23 -18 -13
right_child=1 4 8 5 16 15 14 9 12 10 25 31 26 47 22 28 60 24 -20 32 34 33 50 46 -26 43 55 38 53 30 -32 45 49 -35 56 -37 -38 -39 -40 -41 -42 57 -44 51 -46 -47 -48 -49 -50 -51 -52 -53 -54 -55 -56 -57 -58 -59 -60 -61 -62 -63
leaf_value=0.06846040246025277 0.0053236721657234851 -0.00075458311051357775 0.0027206213778485627 -0.04626467662408669 0.025206504125902602 0.019266452995024014 0.010238154724985977 -0.013170057169994096 0.024496709207348751 -0.022078542248721588 -0.034441431825476473 0.032397749563152604 0.0082364114117562844 0.023983250946922961 0.015095424928953766 0.0072968492718782779 0.033078607881014632 0.022270623347061203 0.029194717933295863 -0.031202169476250676 0.018360612919784851 -0.032121906206317573 0.028939644153508744 -0.017504117447902583 0.0035948019977276539 -0.01328247515215676 0.00087542631529966626 -0.021393794526945103 -0.0017542786228824413 -0.051446949312485363 0.0051302003645788867 -0.014081784097708362 9.3399596722556761e-05 -0.014784313079468578 0.01870156883896848 -0.0013377647422593009 0.002721161845113688 0.018484296136551556 -0.00077001714105894828 0.019053406430004916 -0.037863766349748598 -0.0067613175891670157 0.01252278624222173 -0.029081074017815168 -0.041051556665299888 -0.0076701885157483404 0.0044662248365598591 0.018579424816641221 -0.00010562364517492762 -0.029833825354129054 0.015894428735437692 -0.022577112317143089 -0.0061090875157350129 -0.022727741674573892 0.03048571590587363 -0.0095587243550343138 0.034335781764166309 0.0088749008655554778 0.081808461698636412 -0.021279327451077461 0.044641535882623568 -0.0017019624765070779
leaf_weight=2366.0037781000137 45451.589778184891 16507.336749851704 7982.2985669374466 106430.89750063419 170110.73917162418 7942.9857054948807 96008.937526524067 29017.222255706787 10314.07263892889 20680.09036231041 77275.282116055489 1473.4119064211845 16690.500803768635 164230.50063943863 78266.682525038719 6155.989071726799 130348.54824924469 13058.370970308781 9199.5649065375328 29459.725776731968 104703.32910591364 15275.738549172878 11422.78134393692 7540.9204486608505 79209.497141778469 14105.124363958836 19606.359777212143 8181.0090562105179 5070.3577632904053 2206.5704897642136 2294.889923453331 204062.15836173296 2448.7050089240074 80426.613509356976 128947.29417973757 20233.194739878178 7908.8359411358833 2579.9676178693771 142747.8045027256 52550.897951006889 58731.902389794588 7208.9137439131737 285982.87996447086 153439.55325326324 172470.36362171173 81643.592176735401 223002.28948962688 144284.54992747307 70983.473748147488 16153.355589449406 20742.724953174591 62129.780077010393 178931.79240983725 21940.815743148327 98826.913422346115 85939.998859465122 7451.8137947320938 220310.11101603508 630.13020491600037 184567.84226679802 13584.57105588913 18853.348599433899
leaf_count=1127 32378 6958 7783 219260 23132 5028 48246 36872 5742 33492 131750 953 13652 30734 36110 5811 8190 6785 2561 53973 29187 21452 3878 5907 55613 19855 18440 7791 5596 3499 2010 222797 2703 102235 37845 17672 7083 1740 112091 10274 105828 4684 96440 247551 337856 81887 124388 35413 45459 27006 8387 97641 153162 32094 13298 90206 1513 115514 67 245293 416 17408
internal_value=-0.000374625 0.0131199 -0.022225 -0.030259 0.0212513 -0.0325386 0.00421949 -0.033924 -0.013048 -0.0312469 -0.0322036 -0.0152618 -0.00312289 0.0173439 0.0076611 -0.00753066 0.0284051 -0.00119869 0.00791687 -0.0370582 0.0150093 -0.0193789 0.0112236 0.00462692 0.00624073 -0.0283897 -0.00545493 -0.00302762 -0.0139497 0.00271148 -0.0227062 -0.0113838 -0.0384602 -0.0200077 0.0155027 0.00616943 0.0179727 0.0423058 -0.00417838 0.0258242 -0.0432747 0.010099 0.0140881 -0.0263509 -0.0396182 -0.0122492 0.00283981 0.0214574 -0.00177869 -0.0259103 0.0217094 -0.0272053 -0.00677884 -0.0187928 0.0271455 -0.00762057 0.0195557 0.00837919 0.0316774 -0.0221108 0.0341699 0.000784515
internal_weight=4.0783e+06 2.52123e+06 1.55708e+06 830241 1.31753e+06 783452 1.2037e+06 742342 726836 577179 548162 594285 132551 852108 736117 41110.1 465422 467580 46789 241212 543593 288252 338581 397536 92267.9 306950 122237 375312 33167.2 37589.5 4501.46 306033 220532 280270 527085 33088 12854.8 4945.97 329861 321489 165163 305786 390686 229674 201930 285706 301527 308515 78524.4 18602.1 32795.6 215569 187113 27011.2 268938 105546 136399 227519 12052.9 199844 143933 20326.8
internal_count=3279716 1053860 2225856 1398008 293400 1362316 760460 1313787 827848 988699 951827 699808 128040 238090 392640 48529 55310 367820 35692 455030 171943 376763 168640 224000 62398 496797 122298 305422 43501 33131 5509 323045 421538 368980 164985 27622 9950 2867 273044 46704 325088 156308 125627 365047 391829 304684 175754 66147 51366 29709 12332 345192 160953 37690 36430 108646 39358 120198 3945 266745 8606 18361
cat_boundaries=0 95 187 279 374 470 565 653 746 840 935 1024 1118 1213 1303 1382 1477 1478 1573 1668 1763 1855 1951 2041 2133 2223 2311 2406 2498 2589 2685 2773 2865 2955
cat_threshold=16384 0 0 0 0 0 0 4194304 16384 0 4096 0 0 0 0 0 0 0 0 0 2048 1024 0 1048576 0 2147483648 0 0 0 65536 16 0 0 0 0 0 0 0 0 0 0 0 0 0 0 0 0 0 0 0 0 0 0 0 0 0 512 0 4194304 128 0 0 0 0 0 0 0 16777216 16384 0 0 33554432 0 4864 0 16384 0 0 512 0 1024 4 8192 268435456 0 0 0 1048576 68 4096 0 0 2097152 268435456 1 0 2148007936 65536 0 0 16778240 0 0 0 0 0 0 0 16513 6 134250496 65536 0 0 0 0 0 0 0 0 0 0 0 0 0 0 0 0 0 335806464 0 136315008 0 2360321 0 0 0 536870912 0 0 524288 16 8256 0 0 0 0 0 0 0 0 0 0 0 0 0 0 32 536870912 0 0 0 0 0 0 0 0 0 0 0 0 0 0 0 0 16384 0 0 0 0 0 0 0 0 0 0 16777216 0 0 0 0 0 0 0 0 0 67108864 2 0 0 0 0 0 0 8192 0 0 0 0 0 0 0 0 0 32768 0 16384 0 0 0 0 8 0 0 0 0 0 0 0 0 0 0 0 0 0 4096 2048 0 0 0 0 1056 0 8 512 32832 32768 0 4100 0 0 0 0 0 0 0 32768 0 0 393216 0 0 8192 2147483648 0 536870912 0 2181038080 0 0 64 0 0 196640 8388608 0 536870912 0 16 16384 0 0 0 0 0 0 65536 16384 0 4096 0 16777216 0 0 0 0 0 0 0 2048 0 2 0 0 2147483648 0 0 0 0 16 0 0 0 0 0 0 0 0 0 0 0 0 0 0 0 0 0 0 0 0 0 0 0 0 0 512 0 4194304 128 2048 4 0 0 0 0 0 128 0 0 0 33554432 0 320 128 0 0 0 134218240 0 1024 4 8192 0 0 0 0 537919488 68 4096 0 0 2097152 0 8193 0 0 0 0 0 0 0 65536 0 0 0 262144 16777216 0 0 0 0 16777216 0 16 0 0 2 0 0 0 0 0 0 16388 0 33554432 0 0 0 0 0 0 0 0 0 0 0 0 0 0 0 0 0 0 0 0 0 0 8224 0 0 8192 32832 0 2048 4 0 0 0 0 0 128 0 32768 0 0 8 64 128 0 512 0 134217728 67108864 0 8192 0 0 0 0 0 8396800 0 524288 0 16 0 0 8192 1 0 0 16777216 268435456 64 0 0 0 0 0 8388608 262144 16777216 0 0 0 0 16777216 0 0 4 524288 41943040 1 0 4096 1024 0 0 4 0 33554432 0 268435456 0 0 33554432 0 0 0 0 0 0 0 0 0 0 0 0 0 0 0 0 2147500032 0 0 0 0 0 0 64 0 0 0 0 8 2 8388608 0 0 0 134225920 0 64 0 0 0 0 0 67108864 0 0 0 0 0 0 0 0 0 8192 268435456 2097152 0 0 8192 0 0 0 268435456 0 0 0 65536 0 8 0 262144 0 0 0 0 0 1 262144 0 0 0 2 0 0 0 0 0 0 0 0 0 0 524288 0 0 0 0 0 0 0 0 0 0 0 0 0 0 268435456 2048 0 4 0 2147500032 1024 0 8388608 0 32768 32896 64 0 0 0 0 16777216 0 0 0 32768 0 33554432 262144 0 0 0 0 8 0 0 0 8192 1048576 64 524288 0 131104 528 16384 0 0 0 0 0 0 4259840 16384 0 4096 0 0 0 0 0 0 8192 0 0 0 1024 0 1048576 0 0 0 32769 0 65536 0 0 0 0 0 0 0 0 0 0 0 0 0 0 0 0 0 0 0 0 0 0 0 0 0 0 512 0 0 128 2048 4 0 0 0 0 0 16777216 0 0 0 0 0 4416 0 0 0 0 0 67108864 1024 4 8192 192 0 0 0 537919488 64 536875008 0 16 2097152 0 0 0 0 0 0 0 0 0 0 4096 0 0 0 0 0 0 16777216 0 0 0 0 0 0 0 0 0 0 0 0 16 0 0 0 0 0 33554432 0 0 0 0 0 0 0 0 0 0 0 0 0 0 0 67108864 536871040 0 0 520 8704 4194368 0 2048 4 0 0 0 8 0 16777216 0 0 0 0 0 4864 128 0 0 0 512 0 1024 0 8192 0 0 0 0 537927680 0 1052672 0 64 2097152 268435456 0 0 0 0 0 0 0 0 0 0 4096 0 0 0 0 0 0 8192 0 0 2048 0 0 0 0 2147483648 0 0 0 4 16 0 268435456 0 0 0 0 0 0 0 0 0 0 0 0 0 0 0 268435456 0 0 0 0 0 1024 0 0 0 4194304 4 2048 4 0 0 0 0 0 0 0 0 0 33554432 0 4864 2 0 0 0 134218240 0 0 8196 8192 0 524288 0 0 1048576 4 4096 0 0 2097152 268435456 8193 0 1052672 0 64 0 294912 524288 134217728 1024 1024 2048 0 0 65536 32768 2147483648 0 2098176 0 0 0 0 2 8388608 0 512 0 0 0 0 0 0 0 0 0 2147483648 0 67108864 0 0 0 0 1052672 524288 2785280 32768 256 0 0 0 0 0 0 0 0 0 268435456 0 0 0 0 0 0 0 0 0 0 0 0 0 0 0 0 0 0 0 0 0 0 0 0 0 0 0 0 0 1048576 0 512 0 0 0 0 0 0 0 4194304 0 0 0 0 0 0 0 0 0 8193 0 16 0 0 33554432 1048576 0 0 0 32768 0 81920 0 33554432 0 0 0 0 0 0 0 0 0 0 0 0 0 0 0 0 0 2048 0 0 0 0 1056 0 0 0 32832 32768 0 0 0 0 0 8 0 0 0 0 0 0 0 4608 0 16384 0 0 0 67108864 2147483648 8192 0 268435648 524288 0 0 8192 0 537919488 0 16 0 268435456 16384 0 0 0 0 0 0 4259840 0 0 4096 0 0 0 0 0 0 0 0 0 0 1024 0 0 0 0 0 32769 0 16384 16 0 0 0 8 0 0 0 0 0 0 0 0 0 268435456 0 0 0 0 0 0 0 0 0 0 0 512 8704 0 0 2048 4 0 0 0 0 0 128 16384 0 0 0 0 768 0 16384 0 0 134218240 0 1024 0 8192 128 0 0 0 1048576 4 4096 0 512 0 268435456 256 0 0 0 0 0 268435456 4 0 0 67108864 0 0 0 0 0 0 0 0 0 0 0 524288 33554432 0 0 1024 1024 0 0 0 0 0 268435456 268959744 0 0 0 0 0 0 0 0 0 0 0 0 0 0 512 10240 0 0 0 2147483648 1024 8192 0 512 536870912 32772 0 0 0 4194304 0 16777216 0 0 0 0 0 0 0 0 0 2147483648 0 0 536870912 0 0 0 0 64 524288 0 131104 528 0 1048576 0 0 0 0 0 0 0 0 16384 0 4096 0 0 0 0 0 0 0 0 0 2048 0 0 0 0 0 0 0 0 0 0 0 0 0 0 0 0 0 0 0 0 0 0 0 0 0 0 0 0 0 0 0 0 0 0 0 0 0 4194304 0 0 0 0 0 0 0 0 0 0 0 0 33554432 0 256 0 0 0 0 512 0 0 0 0 0 0 0 4259840 0 0 4096 0 0 0 0 0 0 8192 0 0 0 0 0 0 0 0 0 0 0 65536 0 0 0 0 8 0 0 0 0 0 0 0 0 0 131072 0 0 0 0 0 0 0 0 0 0 0 512 8192 541065280 0 0 4 0 0 0 0 0 128 0 0 0 0 131072 4352 0 0 0 0 134218240 67108864 2181039104 0 8192 64 0 0 0 1048576 64 536875008 0 16 0 268435456 256 773 0 0 0 0 0 0 0 0 0 0 4096 0 0 0 0 0 0 0 0 0 0 0 0 0 0 0 0 0 0 65536 16 0 0 0 0 0 0 0 0 0 0 0 0 0 0 0 0 0 0 0 0 0 0 0 0 0 0 0 4194304 0 0 0 0 0 0 0 0 0 0 0 0 0 0 768 0 0 0 0 512 0 0 0 0 0 0 0 0 1048576 0 0 0 0 0 0 1 16384 0 0 0 0 0 0 4194304 16384 0 2 0 0 0 0 0 0 0 0 0 2048 0 33554434 1048576 0 2147483648 0 0 0 4 16 0 0 0 0 0 0 0 0 0 0 0 0 0 0 0 0 0 0 0 0 0 0 0 0 0 0 0 4194368 0 2048 0 0 0 0 0 0 0 0 0 0 0 0 4416 128 0 0 0 512 0 0 0 8192 0 0 0 0 0 4 4096 0 592 2097152 268435456 8449 16384 0 0 0 0 0 0 4194304 0 67108864 4096 0 0 0 0 0 0 0 0 16 2048 1024 33554432 0 0 0 1024 1 0 16388 16 0 268435456 0 8 0 0 0 0 0 0 0 0 0 268435456 0 0 0 0 0 0 0 0 0 0 0 512 0 0 0 0 0 0 0 0 0 0 0 0 0 0 0 0 4864 0 16384 0 0 512 0 0 0 0 0 0 0 0 1056768 0 1048576 0 16777808 2097152 268435456 256 0 0 0 0 0 0 0 0 0 0 4096 0 16777216 0 0 0 0 16777216 0 0 0 0 0 0 0 0 0 0 0 65536 16 33554432 0 0 0 0 0 0 0 0 0 0 0 0 0 0 0 0 0 0 0 0 0 536870912 0 0 0 0 4194304 0 2048 0 0 0 0 8 0 0 0 0 0 0 0 256 0 0 0 0 0 0 0 4 0 0 0 0 0 1048576 0 0 0 576 0 0 0 0 0 0 0 65536 0 0 0 262144 0 0 0 0 0 1 262176 16 0 8912896 33554432 0 0 1024 1024 0 0 4 0 33554432 0 268435456 0 0 0 0 0 0 0 0 0 0 0 0 0 0 0 0 0 68 0 0 8192 8192 0 0 536870912 0 0 0 0 0 0 16777224 0 0 0 0 0 0 8 64 0 2147483648 512 0 0 67108864 0 0 0 0 0 0 0 536879616 0 0 268435456 0 0 0 8192 1 0 0 536870912 0 65536 0 0 65536 0 0 0 0 0 8388608 0 0 0 1 32 0 0 0 2 32 0 0 128 0 0 0 0 0 131072 0 0 0 0 0 0 1048576 32768 0 0 0 0 16 0 0 512 8192 4096 0 1048576 0 10240 8 0 0 0 0 0 0 0 4194304 0 16777216 0 0 0 0 1073741824 0 0 0 0 2147483656 32768 0 134217728 0 541065216 134217728 0 0 0 0 0 8192 0 1048576 16384 0 0 0 0 0 0 0 16384 0 0 0 0 0 0 0 0 0 0 0 4 0 33554432 0 0 0 0 1 0 4 16 0 0 0 0 0 0 0 0 0 0 0 0 0 0 0 0 0 0 0 0 0 0 0 0 8192 520 0 4194368 0 2048 0 0 0 0 0 0 128 16384 0 0 0 0 256 0 0 512 0 512 0 0 0 0 268435456 0 0 0 1048576 0 0 0 576 0 0 0 0 65536 0 0 0 0 0 8388612 0 0 134217728 0 0 0 1 0 0 0 0 2 0 0 0 128 0 0 0 0 0 0 524288 0 0 0 67108864 524288 0 0 0 0 0 0 0 0 4 268436224 0 0 4 0 2147483648 0 0 0 0 32768 32900 0 0 0 4202496 0 0 0 0 0 32768 0 33562624 0 0 0 0 0 0 0 0 0 4 0 1048576 524288 0 65536 8388624 0 524288 0 0 0 0 0 268435456 4 65536 0 10 0 0 0 0 0 0 0 0 32 16 0 0 2 0 0 1024 0 0 0 0 0 0 268443648 0 0 0 0 0 0 0 0 0 0 0 0 0 0 0 512 8192 0 64 0 0 0 8194 0 8192 536870912 4 2048 0 0 4194304 0 0 0 0 0 0 0 0 8 0 128 2147483648 512 0 134217728 0 0 8192 2048 0 524288 0 0 8720 0 0 0 0 0 0 0 65536 16384 0 2 0 0 0 0 0 0 0 0 0 4 0 0 0 0 2147483648 0 0 0 65540 16 0 0 0 8 0 0 0 0 0 0 0 0 0 0 0 0 0 0 0 0 0 0 0 1024 0 0 0 4227072 0 2048 0 0 0 0 0 0 0 0 0 0 0 0 4352 128 0 0 0 134218240 0 0 4 8192 268435456 0 0 0 1056768 4 1048576 0 80 2097152 268435456 8193 0 0 0 0 16842752 0 0 0 0 0 2052 0 0 134217728 1073774592 67108864 0 268435456 0 0 0 0 0 0 2097152 0 128 0 0 0 0 0 8388608 524288 0 536870912 134217728 0 0 0 0 0 4096 0 32768 2048 33554432 0 512 0 4096 0 1048576 0 0 0 0 0 0 0 0 0 0 4194312 0 0 2 0 0 0 0 8192 0 0 0 8 0 0 0 0 16384 0 0 0 0 0 0 16 0 8192 0 16777216 0 0 536870912 0 65600 0 0 0 0 10 8388610 0 0 0 0 0 0 8193 262176 0 0 0 0 0 0 0 0 32768 0 0 0 0 8192 0 0 0 0 0 0 0 0 0 0 0 0 0 0 0 4096 262144 4096 4 0 0 0 2 8388616 0 0 0 0 4096 0 0 0 8 0 0 0 0 0 134217728 393216 0 0 0 0 8 0 0 2181038080 0 0 0 0 0 65536 536870912 0 536870912 268435456 0 0 0 0 0 268435456 0 0 0 0 0 0 0 8388608 0 0 0 16777216 32 0 4 8388608 0 0 0 1024 0 1 0 0 0 0 0 268959744 8 0 0 0 0 0 0 0 0 0 0 0 0 0 4096 0 0 0 67108864 2147483648 0 8192 0 8704 536870912 0 0 0 0 0 0 0 0 0 16384 0 0 0 393224 0 0 8192 512 0 536870912 0 0 0 0 0 0 0 131104 8389120 0 0 268435456 0 0 0 256 1 0 0 16777216 0 2048 0 0 0 0 2048 4 0 0 134217728 0 0 0 1 0 0 0 0 8388608 32 4194304 0 128 0 0 16 0 0 131072 0 0 0 0 0 524288 0 0 0 0 0 0 0 8 0 768 0 0 4 0 128 2048 8 16 0 0 4 0 4096 0 0 0 0 0 0 0 32768 1073741824 24576 0 0 0 0 0 0 0 0 0 134217728 1048576 1048576 0 0 65536 16 0 0 0 64 0 16778240 0 0 0 1024 4 0 0 16384 6 2281701376 65536 1024 0 0 0 0 0 8388608 0 512 0 0 0 0 0 0 0 0 268437504 2147483648 2097280 67108864 0 0 0 0 4096 524288 2097152 557056 256 64 512 0 0 0 0 0 0 0 0 0 0 0 0 0 32 0 0 0 0 0 0 0 0 33554432 0 0 0 0 0 0 0 0 0 0 0 0 0 0 1048576 0 0 0 0 16777216 0 0 0 0 0 0 0 0 0 0 0 0 0 0 0 0 0 0 0 0 0 0 0 0 0 0 0 0 0 0 0 0 0 0 0 0 0 0 0 0 0 0 0 0 0 0 0 0 0 0 0 0 0 0 0 0 0 0 4194304 0 0 0 0 0 0 0 0 0 0 0 0 0 0 256 0 0 0 0 512 0 1024 0 8192 0 0 0 0 1048576 0 4096
is_linear=0
shrinkage=0.05


Tree=23
num_leaves=63
num_cat=32
split_feature=10 10 5 10 0 5 10 0 0 11 11 10 19 5 0 0 0 0 0 6 0 6 0 6 19 0 5 0 0 0 5 3 5 0 0 0 0 5 18 0 16 12 0 0 6 19 11 3 5 0 16 0 0 0 6 0 9 0 0 0 0 6
split_gain=440892 64741 45854.7 32151.4 16680.2 12410.6 8135.44 7080.55 5831.31 4683.5 4055.23 3866.74 2959.3 2949.03 2915.31 2900.88 2794.88 2662.5 2583.47 2291.99 2171.04 1967.05 1744.83 1689.03 1661.52 1656.8 1553.91 1536.14 1496.55 1473.24 1465.03 1447.7 1443.21 1753.88 1389.58 1375.54 1285.31 1207.96 1169.28 1167.2 1155.75 1146.47 1141.55 1139.64 1073.84 1057.71 1053.59 1018.96 1180.01 993.009 988.93 977.466 967.083 892.219 870.411 1111.32 865.468 865.406 847.771 844.983 838.092 825.511
threshold=1.0178571343421938 3.4821428060531621 1.0000000180025095e-35 0.30357143282890325 0 11.500000000000002 1.803571403026581 1 2 0.68573892116546642 0.33565936982631689 0.5892857313156129 1.0000000180025095e-35 4.5000000000000009 3 4 5 6 7 3.5000000000000004 8 1.0000000180025095e-35 9 1.0000000180025095e-35 1.0000000180025095e-35 10 1.0000000180025095e-35 11 12 13 61.500000000000007 14 1.0000000180025095e-35 15 16 17 18 1.0000000180025095e-35 10.500000000000002 19 1.0000000180025095e-35 0.46500000357627874 20 21 1.0000000180025095e-35 1.0000000180025095e-35 3.8598976135253911 22 1.0000000180025095e-35 23 1.0000000180025095e-35 24 25 26 1.0000000180025095e-35 27 1.0000000180025095e-35 28 29 30 31 1.0000000180025095e-35
decision_type=2 2 2 2 9 2 2 9 9 2 2 2 2 2 9 9 9 9 9 2 9 2 9 2 2 9 2 9 9 9 2 1 2 9 9 9 9 2 2 9 2 2 9 9 2 2 2 1 2 9 2 9 9 9 2 9 2 9 9 9 9 2
left_child=2 6 3 7 43 12 13 38 -6 16 14 27 17 21 41 31 -10 47 30 26 -18 32 -15 51 -20 -11 29 -5 -22 -8 -7 -14 33 -2 -25 -26 -12 60 -1 46 -23 -9 -13 -4 56 -28 -21 -3 54 -38 -27 -16 -47 -17 55 -49 -44 -30 -31 -35 -19 -29
right_child=1 5 4 11 8 18 19 10 9 25 36 42 15 22 23 53 20 37 24 39 28 40 -24 34 35 50 45 61 57 58 -32 -33 -34 59 -36 -37 49 -39 -40 -41 -42 -43 44 -45 -46 52 -48 48 -50 -51 -52 -53 -54 -55 -56 -57 -58 -59 -60 -61 -62 -63
leaf_value=-0.0019621190305051683 -0.028899664826871466 0.022818010512570749 0.03271072967028793 -0.00021720384594384339 0.005225798413783303 0.02818185753454451 -0.018554175926704854 0.10968984035881194 0.0020468835971620752 -0.00070761630373759291 -0.039162853696239612 0.00061123034876481655 0.036973571630517836 0.03542211679688903 -0.048271048095793863 -0.010420468756541165 -0.0053755082955225866 0.008021469818040956 0.019531079725605444 0.016294013299138134 -0.03792164873132492 -0.001251202964678975 0.007832778037594277 0.013782946151477841 0.03396721912008574 -0.013956564919381815 0.0054707213200341567 -0.024729831290541595 -0.030879498792609556 -0.007674173480873527 0.038692879483090858 0.023518748123182168 -0.0015247421917418999 0.0052034703054196323 -0.0322703240817711 0.020564443121048846 -0.0094618879757794368 0.011684519038289759 -0.037622773605755298 0.0099884653011297533 0.005051537743890536 -0.020900452274938395 -0.032950736114877623 0.015306744565802933 -0.0099785983238692005 0.019803799821826493 0.039315923482529817 -0.034066294478426629 0.01723760738434715 -0.030871487949897844 -0.0067692924184056206 -0.04119999782488986 0.0088946117060291034 0.017202914257921462 0.012437726694845191 0.0043720264453567786 -0.0160809641379355 -0.020009068078531572 0.00447294907853931 -0.0097407033195682155 -0.0091699193666683453 -0.018480668378575638
leaf_weight=17602.745958924294 11025.335833668709 67444.94132733345 14484.905138492584 7734.1161723136902 45382.376267015934 212313.06289458275 9159.264687538147 169.96448236703873 12184.223316013813 43446.273135125637 51430.977368801832 14053.232619762421 27691.453575849533 7037.8725945949554 67687.520713329315 2965.4484806656837 15478.675587296486 17098.347834467888 155980.72157263756 45166.362085819244 19638.409353792667 215848.5634508729 30781.74631690979 1788.2730503678322 46416.967134475708 136439.31262528896 231052.49714446068 176234.46883821487 24631.909613549709 17344.872264623642 39285.148152828217 72897.646871685982 103007.66703230143 11069.418476581573 19366.409244418144 32826.94297003746 5603.8290345072746 234048.93770670891 2643.946332514286 142399.35216975212 109701.62677395344 15045.382758587599 8168.2143470644951 27028.798497915268 89178.519350349903 25950.723439335823 5584.1284128427505 2537.398232281208 194337.71944582462 193994.13461214304 73720.340266525745 185756.37131968141 93858.704041481018 194333.60826289654 20741.176695942879 7177.9297466278076 109829.30409282446 72579.839082539082 83360.226712703705 64903.759337306023 12096.020152807236 75481.144360840321
leaf_count=19022 11312 15677 4051 8735 37186 18376 7525 130 12401 41153 98744 13628 5788 2533 147529 1266 18676 6887 24365 18279 34273 167350 17696 1988 5423 154775 119885 260143 39844 12254 1278 16884 79955 9432 34434 5495 8089 71227 4033 64709 74581 21856 10304 14313 94905 12000 1551 1472 50023 343392 75868 386046 47927 54536 6232 2689 130043 107793 52172 61294 5924 101557
internal_value=-0.000371772 0.0123618 -0.0216178 -0.0275302 -0.00891842 0.019927 0.00396346 -0.0356603 -0.0117552 -0.013691 -0.0367468 -0.01804 0.0162929 -0.000498223 -0.0407769 0.0203136 -0.0208755 0.0141367 0.0262974 0.0077394 -0.0229845 -0.00148682 0.0129783 -0.0419575 0.0225253 -0.0095976 0.0058227 -0.0221811 -0.0253165 0.000633493 0.0298219 0.0272261 -0.00552946 -0.0102711 -0.028386 0.028422 -0.0320955 0.0104879 -0.00661565 0.0123114 0.000872651 -0.0194289 -0.0131836 0.0213857 -0.0141186 0.00744757 0.0188234 0.0174225 0.0158028 -0.0302709 -0.0114349 -0.043092 0.0112599 0.0167872 0.00665272 -0.00569766 -0.0172488 -0.0227664 0.00238024 -0.00756291 0.000898217 -0.022855
internal_weight=4.07423e+06 2.54745e+06 1.52678e+06 1.04177e+06 485015 1.34019e+06 1.20725e+06 561090 443501 398119 540843 480679 853371 553376 289814 297888 144513 555482 486823 653876 132329 515556 37819.6 274599 235225 253606 460726 259450 116850 109864 251598 100589 190006 86998.5 21154.7 79243.9 251029 263243 20246.7 193150 325550 15215.3 221229 41513.7 207176 350862 50750.5 292239 224794 199598 210160 253444 119809 197299 30456.5 9715.33 117998 97211.7 100705 75973.2 29194.4 251716
internal_count=3278908 1053997 2224911 1684578 540333 293542 760455 1065263 521969 484783 1042208 619315 238605 424153 591983 78474 212987 160131 54937 336302 200586 403924 20229 569997 35283 271796 251763 370435 181910 71951 19654 22672 161993 82038 36422 10918 450225 84038 23055 84539 241931 21986 248880 18364 235252 179812 19830 76093 60416 351481 230643 533575 59927 55802 10393 4161 140347 147637 64426 70726 12811 361700
cat_boundaries=0 95 190 282 374 470 566 658 752 843 938 1034 1129 1192 1287 1288 1383 1479 1575 1656 1751 1847 1942 1943 2034 2126 2222 2310 2402 2494 2588 2683 2778
cat_threshold=16384 0 0 0 0 0 0 4259840 16384 0 4096 0 16777216 0 0 0 0 0 0 0 2048 0 2 0 0 0 0 0 0 0 16 0 0 0 0 0 0 0 0 0 0 0 0 0 0 0 0 0 0 0 0 0 0 0 0 0 0 0 4194304 128 2048 4 0 0 0 0 0 128 0 0 0 33554432 0 4416 0 0 0 0 134218240 0 1024 4 8192 0 0 0 0 1056768 68 4096 0 0 2097152 268435456 8193 16384 0 0 0 0 0 0 0 16384 0 0 0 0 0 0 0 0 0 0 0 0 1024 0 0 0 0 0 0 0 65536 16 0 0 0 8 0 0 0 0 0 0 0 0 0 0 0 0 0 0 0 0 0 0 0 0 0 512 0 4194304 128 0 4096 0 0 0 0 0 16777216 16384 0 0 33554432 393216 4864 0 24576 0 0 512 0 2181039104 0 8192 268435456 0 0 0 1048576 68 0 0 0 2097152 268435456 1 0 0 0 0 0 0 0 0 0 0 0 0 0 0 0 0 0 0 0 0 0 0 33554432 1048576 0 2147483648 0 0 0 81920 0 33554432 0 0 0 0 0 0 0 0 0 0 0 0 0 0 0 0 0 2048 0 0 0 0 32 8192 512 0 536903744 32772 0 0 0 0 0 0 0 0 16384 32768 0 0 131072 512 128 0 0 0 0 67108864 2147483648 8192 0 268435648 0 0 131072 545259520 0 537919488 0 16 0 0 0 268435456 0 0 0 0 0 67108864 4096 0 16777216 0 0 0 0 0 0 0 0 0 33554432 1048577 0 2147483648 1024 32768 0 4 0 0 0 0 0 0 0 0 0 0 0 0 0 0 0 0 0 0 0 2048 0 0 0 0 32 0 8 512 0 32768 64 0 0 0 0 8 0 8388608 0 32768 1073741824 134225920 0 64 0 0 0 0 536870912 0 0 4 0 64 0 0 196608 0 0 4096 0 2097168 0 0 0 0 0 0 0 0 0 0 0 0 0 0 0 0 0 0 0 0 0 0 0 0 0 0 0 0 0 0 0 0 0 0 0 0 0 0 0 0 0 0 0 0 0 0 0 0 0 0 0 0 0 0 0 8192 520 0 4194368 0 2048 4 0 0 0 8 0 128 16384 32768 0 0 0 768 0 16384 0 0 0 0 1024 4 0 0 0 0 0 1048576 0 536870912 0 0 2097152 0 8192 1 0 0 0 0 64 0 4 0 0 0 8388608 262144 0 0 0 0 0 16777216 0 16 0 525312 0 0 0 0 0 32768 0 0 0 0 8192 268435456 8 0 0 0 0 0 0 0 0 0 0 0 0 0 512 8192 0 0 0 2147483648 9216 2 8 8192 0 0 0 4096 0 0 0 16777224 0 0 0 0 0 0 8 0 0 2147500032 512 0 0 0 33554432 0 0 0 0 0 32 16 0 524288 0 0 0 0 0 1 16384 0 0 0 0 0 0 4194304 16384 67108864 4096 0 16777216 0 0 0 0 16777216 0 16 2052 1024 33554432 0 0 2147483648 0 0 0 16388 16 33554432 268435456 0 8 0 0 0 0 0 0 0 0 0 0 0 0 0 0 0 0 0 0 536870912 0 0 0 0 4194304 4 2048 0 0 0 0 0 0 0 0 0 0 0 0 256 0 0 512 0 134218240 0 0 0 0 128 0 0 0 1048576 4 0 0 576 0 0 0 0 0 0 0 0 0 0 0 0 0 0 0 0 0 0 0 0 0 0 0 0 0 0 0 0 0 0 0 0 0 0 0 0 0 0 0 0 0 0 0 0 0 0 0 0 0 0 0 0 0 0 0 0 0 0 64 0 0 0 0 0 0 0 0 0 0 0 0 33554432 0 4352 0 0 0 0 512 0 0 0 0 0 0 0 0 0 0 536870912 0 64 0 268435456 0 0 0 0 0 268435456 0 0 0 67108872 2 0 0 0 0 0 0 8192 32 0 0 8388608 8388608 0 0 5120 1024 0 0 4 0 0 268435456 524288 0 0 0 0 0 0 0 0 0 0 0 0 0 0 4096 0 4096 68 0 0 0 0 8388608 512 0 0 64 0 0 4194304 0 0 0 16777216 0 0 0 134217728 262144 0 0 8192 0 0 536870912 0 0 0 2048 0 524288 0 65536 512 0 0 268435456 0 0 0 0 0 0 0 0 0 0 0 0 0 0 0 0 0 0 0 0 0 0 2 1048576 0 2147483648 0 0 0 4 16 0 0 0 0 0 0 0 0 0 0 0 0 0 0 0 0 0 0 0 0 0 0 0 1024 0 0 0 4194304 4 2048 0 0 0 0 0 0 0 16384 0 0 33554432 0 4864 128 0 0 0 134218240 0 0 0 8192 0 524288 0 0 536870912 0 0 0 64 2097152 0 8193 0 0 0 0 0 268435456 0 0 0 0 0 0 0 0 0 0 0 16785409 262176 16 0 1024 0 0 0 0 1024 33587201 0 0 0 0 0 268959744 8 0 0 0 0 0 0 0 0 0 0 0 0 0 4096 0 0 0 0 0 1024 0 0 8704 0 0 0 4096 0 0 0 0 0 16777216 0 0 0 0 262152 0 0 16384 0 0 536870912 0 0 0 0 0 524288 0 32 512 0 524288 268435456 512 0 0 0 1 16384 0 0 0 0 0 0 4259840 16384 0 4096 0 16777216 0 0 0 0 8192 0 0 0 0 0 0 0 1024 0 32769 0 65536 0 0 0 0 0 0 0 0 0 0 0 0 0 0 0 0 0 0 4096 0 0 0 0 0 1024 0 512 512 0 0 2048 4 0 0 0 0 0 16777216 0 0 0 0 0 256 0 16384 0 0 134217728 0 2147483648 0 8192 64 0 0 0 1056768 68 536875008 0 16 0 0 256 0 2149056512 0 0 0 17040384 0 0 0 1024 0 0 0 16513 2 134250496 65536 0 0 0 0 0 0 0 0 0 0 0 0 0 0 0 0 0 335544320 2147483648 128 0 2360321 0 0 16777216 537919488 0 2621440 32768 16 8256 0 0 0 0 0 0 0 0 0 0 0 0 0 0 32 0 0 16777216 0 0 0 2048 0 0 0 4 0 0 134217728 0 0 0 1 0 0 0 0 8388610 0 0 0 128 0 0 0 0 0 0 524288 0 0 0 67108864 0 0 0 0 0 0 0 0 0 0 268436224 0 0 4 0 2147483648 0 0 0 0 4194304 32900 65536 4096 0 0 0 0 0 0 0 0 0 33579008 0 0 0 0 0 0 512 0 0 0 1048576 0 524288 0 65536 16 0 0 0 0 0 0 8193 768 0 0 0 0 0 0 0 0 0 8 4 0 0 134217728 0 0 0 0 0 0 0 0 2 0 0 2147483648 0 0 0 0 0 0 0 268959744 0 536870912 134217728 0 0 0 32768 0 4096 0 32768 0 0 0 268435968 0 4096 0 1048576 2147483648 32 0 0 0 4194304 32900 0 0 0 4194312 0 0 0 0 0 32768 0 8192 0 0 0 0 0 0 0 0 16384 8196 0 0 524288 0 0 16 0 0 0 0 0 0 1 0 0 536870912 0 0 0 4 65536 0 0 8388608 262144 0 0 0 0 0 16785408 32 0 2048 0 2 0 0 0 0 0 0 16384 0 33554432 268443648 268435456 0 0 0 0 0 0 0 0 0 0 0 0 0 0 0 8192 4096 0 0 2147483648 0 0 0 8192 536870912 0 0 4 0 0 0 0 0 0 0 0 0 0 8 0 0 2147483648 0 0 0 67108864 0 0 0 0 524288 0 0 8397312 0 536870912 268435456 0 0 0 8192 1 0 0 0 0 0 0 0 0 0 0 0 0 0 0 0 0 0 0 0 0 0 0 0 0 0 0 0 0 0 0 0 0 0 0 0 0 0 0 0 0 0 0 0 0 0 0 0 0 0 0 0 0 0 0 0 0 0 0 4194304 0 2048 0 0 0 0 0 0 128 16384 0 0 0 0 0 0 0 0 0 0 0 0 4 8192 268435456 0 0 0 1048576 0 4096 0 0 2097152 0 8193 1 0 2149060608 0 0 0 16809984 0 0 0 1024 0 0 0 16513 2 32768 65536 0 0 0 0 0 0 8388608 0 0 0 0 0 0 0 0 0 0 67371008 0 136314880 0 2360320 0 0 0 536875008 524288 524288 557056 16 8256 0 0 0 0 0 0 0 0 268435456 0 0 0 0 0 0 0 0 0 0 0 0 0 0 0 0 0 0 0 0 0 0 0 16384 0 0 0 0 0 0 0 65536 0 0 2 0 0 134217728 0 0 0 0 0 0 0 0 33554432 0 0 0 0 0 0 16388 16 0 268435456 0 0 0 0 0 0 0 0 0 0 0 0 0 0 0 0 0 0 0 0 0 1024 0 0 0 4194304 128 0 4 0 0 0 8 0 0 0 0 0 0 0 4352 0 0 0 0 536871424 0 0 4 8192 268435584 0 0 0 9445376 4 1048576 0 64 2097152 268435456 8193 16384 0 0 0 0 0 0 4259840 16384 0 4096 0 0 0 0 0 0 8192 0 16 0 524288 0 0 0 0 0 32769 0 65536 0 33554432 0 0 8 0 0 0 0 0 0 0 0 0 131072 0 0 0 4096 0 0 0 0 0 0 0 0 8192 4194368 0 0 0 0 0 0 8 0 128 0 0 0 0 0 256 0 0 0 0 134218240 0 33555456 0 8192 128 0 0 0 1048576 64 4096 0 16 0 0 0 1 0 0 0 0 0 0 0 0 0 0 4096 0 0 0 0 0 0 0 0 0 0 0 0 0 0 0 0 0 0 0 0 0 0 0 0 0 0 0 0 0 0 0 0 0 0 0 0 0 0 0 0 0 0 0 0 0 0 0 4194304 0 2048 4 0 0 0 0 0 0 0 0 0 0 0 256 0 0 0 0 512 0 0 0 8192 0 0 0 0 0 0 0 0 0 2097152 0 8192 260 0 0 0 0 0 0 0 4259840 0 0 4096 0 0 0 0 0 0 8193 262144 16 2048 8912896 0 0 0 1024 0 0 0 16388 0 0 0 0 0 0 0 0 0 0 0 0 0 0 0 0 0 0 4096 2048 0 0 0 0 1056 0 0 0 536903744 32768 0 4 0 0 0 0 0 128 0 0 0 0 0 0 0 0 512 0 134217728 67108864 0 0 0 64 0 0 0 8396800 0 536875008 268435456 0 2148007936 65544 0 0 0 5 0 0 2048 0 0 0 16384 0 32768 0 2097152 0 0 1024 0 0 0 0 536871936 0 0 0 16 0 0 0 0 67108864 0 134217728 0 262144 0 0 0 536870912 0 0 524288 0 64 0 0 0 64 0 128 0 0 268435456 0 0 0 65536 0 32 0 0 0 0 0 0 0 0 0 8 0 128 0 0 0 67108864 0 16384 0 0 0 0 0 0 512 0 524288 0 16777216 0 0 0 0 0 0 0 4194304 0 0 0 0 0 0 0 0 0 0 0 0 0 0 0 0 0 0 0 0 0 0 0 0 0 0 0 67108864 0 0 0 0 0 0 0 0 0 0 0 0 0 0 0 0 0 0 8192 8192 8389128 512 4227136 4 0 4 0 0 0 16777216 0 16777344 16384 0 0 167772160 8 768 0 0 32768 0 0 0 1024 4 0 0 0 0 0 1048576 0 536875008 0 64 2097152 268435456 0 1 0 0 0 0 0 16384 0 0 0 0 0 262144 0 0 0 0 0 1 0 0 0 0 0 0 0 0 0 0 0 0 0 0 0 0 0 0 0 0 0 0 0 0 0 0 0 0 0 0 268435968 0 0 0 0 0 1024 0 0 0 32768 0 0 0 0 0 0 0 0 0 0 0 0 33554432 0 0 0 0 0 0 0 0 0 0 0 64 524288 0 131072 8389136 0 0 0 0 0 0 0 0 0 0 0 0 0 0 0 0 0 0 0 0 2048 0 0 0 0 2147483648 0 0 0 0 0 0 0 0 0 0 0 0 0 0 0 0 0 0 0 0 0 0 0 0 0 0 0 0 0 0 0 0 4194304 0 2048 0 0 0 0 0 0 0 0 0 0 0 0 0 0 0 0 0 512 0 0 0 0 0 0 0 0 0 4 0 0 64 0 4097 8 64 0 32768 524288 134217728 1026 0 0 4 0 65536 1073741828 2147483648 0 1024 0 0 0 0 0 8388608 2097152 512 0 0 0 0 0 0 8 0 262144 536870912 2097152 0 0 0 0 0 0 524288 163840 524288 0 0 0 0 0 0 0 0 0 0 0 0 0 0 0 0 0 536870920 0 0 0 0 0 0 0 0 0 0 0 0 0 0 0 0 128 0 0 0 0 0 1048576 0 512 0 0 16777216 0 0 0 0 2048 268435456 0 0 0 0 0 0 0 8388608 0 0 0 0 0 0 4 0 0 0 0 2147483648 0 0 0 0 0 0 0 268435456 0 0 0 0 0 0 0 0 0 0 0 0 0 4 0 2048 0 0 0 128 10272 8 8 0 32768 0 0 0 0 8192 0 16777216 0 0 0 32768 0 0 0 4160 0 8192 0 8 134217728 0 4194304 8196 0 269484032 0 0 0 0 4 524288 0 0 0 268435456 16384 0 0 268435456 0 0 0 4194304 2 67108864 0 0 0 0 0 0 0 0 0 16 0 8389632 0 0 0 0 0 1 0 0 0 0 0 0 8 0 33554432 0 0 0 8 0 0 0 268435456 0 0 0 0 0 0 0 0 0 262144 0 0 8192 0 0 0 0 0 8192 0 0 0 128 0 0 0 0 0 256 0 16384 32768 0 512 0 2181039104 134217728 8192 64 0 0 0 1048576 0 4096 268435456 512 0 0 256 0 0 0 0 0 268435456 0 65536 0 0 2 0 0 0 0 0 0 8192 262144 0 0 0 0 0 0 1024 0 33587201 0 65536 0 0 8192 0 0 0 0 0 0 0 0 0 0 0 0 0 0 0 0 0 0 0 0 0 0 0 512 8704 536870976 0 0 4 0 0 0 8 0 128 0 0 0 0 131080 64 0 0 0 0 0 0 2147484672 0 8192 0 0 0 0 545267712 64 4096 0 16 0 0 256
is_linear=0
shrinkage=0.05


Tree=24
num_leaves=63
num_cat=30
split_feature=10 10 5 10 0 5 8 0 0 10 0 5 0 0 0 0 0 0 0 11 0 0 5 0 19 0 0 5 18 9 8 0 10 0 16 16 16 5 0 0 0 0 16 16 0 0 16 0 12 19 0 0 0 0 16 5 17 17 12 0 17 17
split_gain=402845 59142.4 42333.4 30042.4 15170.8 10608.4 8419.5 7079.8 5718.11 4286.08 4158.15 4147.9 3964.49 3378.78 2747.38 2526.88 2285 2266.56 2084.24 1969.87 1812.38 1747.5 1738.4 1608.71 1502.32 1502.16 1458.88 1448.65 1383.29 1380.29 1366.33 1311.47 1302.93 1242.59 1111.08 1080.06 1039.67 1011 960.009 955.814 939.66 906.525 890.756 881.504 869.372 825.678 817.684 816.632 813.531 769.869 971.812 728.866 709.999 706.968 681.065 659.921 658.903 1234.53 1879.33 1198.79 831.329 811.134
threshold=0.98214286565780651 3.4821428060531621 1.0000000180025095e-35 0.26785714924335485 0 10.500000000000002 2.2142857313156132 1 2 0.55357143282890331 3 1.5000000000000002 4 5 6 7 8 9 10 0.33565936982631689 11 12 1.0000000180025095e-35 13 1.0000000180025095e-35 14 15 10.500000000000002 10.500000000000002 15.885752677917482 1.0000000180025095e-35 16 8.9821429252624529 17 1.0000000180025095e-35 1.0000000180025095e-35 1.0000000180025095e-35 49.500000000000007 18 19 20 21 1.0000000180025095e-35 1.0000000180025095e-35 22 23 1.0000000180025095e-35 24 0.46500000357627874 1.0000000180025095e-35 25 26 27 28 1.0000000180025095e-35 1.0000000180025095e-35 21.500000000000004 10.500000000000002 1.3450000286102297 29 37.500000000000007 39.500000000000007
decision_type=2 2 2 2 9 2 2 9 9 2 9 2 9 9 9 9 9 9 9 2 9 9 2 9 2 9 9 2 2 2 2 9 2 9 2 2 2 2 9 9 9 9 2 2 9 9 2 9 2 2 9 9 9 9 2 2 2 2 2 9 2 2
left_child=2 6 3 7 47 14 11 28 -6 25 -10 18 -12 -9 32 -14 29 -15 -2 41 27 37 26 -17 53 -5 -16 -8 44 46 39 -11 42 -32 51 -23 -25 -13 -33 -20 -35 -19 -3 -27 56 -26 -7 -4 -46 -18 -51 -22 -43 -24 -40 -42 57 58 -1 -59 -58 -62
right_child=1 5 4 9 8 16 20 13 10 31 12 21 15 17 22 23 49 19 30 -21 34 35 24 36 45 43 -28 -29 -30 -31 33 38 -34 40 -36 -37 -38 -39 54 -41 55 52 -44 -45 48 -47 -48 -49 -50 50 -52 -53 -54 -55 -56 -57 60 59 -60 -61 61 -63
leaf_value=-0.030086276360376519 0.0052565824938236227 0.014246706040295352 0.029521445738525161 -0.0008631538014440799 0.0053108465693912296 0.023243835509577988 0.01282250527177544 -0.044424091958641693 -0.036713774367218226 0.0025116112732304651 -0.027289459354225977 0.011108076995423702 -0.019690248301201752 -0.01866887372032669 -0.011922313155475492 -0.015052825290022276 0.01746649264309864 -0.025045269640996366 0.0043451624147023771 -0.031538591142154744 0.0086690281386170784 0.00033256105236865069 0.00060060490563451901 -0.008701266959800372 0.020827740245421208 -0.025047867251969742 0.0083743778000372297 0.036413758215892905 -0.039802765391127523 0.033793497647091768 0.0010830886382946394 -0.0268641749519767 0.02256628402443029 -0.001360142014708392 0.011224094052160684 0.0068196434018417424 -0.00098146729558746116 0.074117794823720912 -0.015117176824097953 -0.030202208291000482 -0.010268212995959002 -0.032242948851206772 0.021072363699659091 -0.018560102406204686 0.082460462937573753 0.012897442963464914 0.028755537617277567 0.014887914699465469 -0.0093688310851082462 0.031657367273735852 0.019051451477016441 0.0028757637152976938 -0.041298261578199658 0.012147845134223734 -0.0086102057299245385 -0.0039520531829652572 -0.026553557158526267 0.13793927169632267 0.093126424818482503 0.023282616377896248 0.11200691945549118 -0.0028749757288526914
leaf_weight=1020.6498158574104 68197.238572955132 163990.14432954788 15770.353922247887 7717.9183440804482 45069.096788525581 187942.47910714149 117635.55328959227 112702.33677560091 18394.896966308355 12344.879932165146 39503.971203655005 68284.893710136414 60671.621254831553 21328.078640550375 11112.173193633556 66691.712008357048 124703.48532032967 10998.408270448446 2654.4441948533058 165778.51998206973 88076.950029730797 169791.50796175003 13992.166090846062 126797.11442214251 89417.791070461273 190112.15030795336 43412.11483591795 6888.3374053239822 2654.540543794632 55868.105637550354 97579.369119524956 14103.58396011591 125297.25407958031 88854.295178711414 109191.38873237371 103139.55397224426 66481.298513710499 642.60320162773132 149882.42279732227 8173.4523011445999 101603.09401786327 25913.452981233597 67460.639579594135 72256.290698766708 245.94544053077698 52099.607619047165 104820.18629431725 24330.787028610706 12463.005984902382 26039.779719591141 37436.471418380737 141612.45288956165 146927.28076222539 255655.14337992668 54958.82284539938 69740.89299339056 1286.1332545280457 453.99763625860214 444.15649837255478 477.46415221691132 256.52349150180817 383.13254272937775
leaf_count=988 46656 47540 4481 9083 36365 19231 53165 246776 32648 11954 59697 34162 82492 31747 5721 84054 21154 20094 2202 309005 44193 114896 5142 143598 23500 289947 17538 1692 4223 2501 73354 17487 20554 69926 50192 60879 68789 37 178475 8249 92571 51996 16982 106188 190 16437 10080 12609 14846 3296 6353 80499 315359 77510 61295 56270 1208 200 263 361 185 331
internal_value=-0.000300836 0.0115183 -0.0212385 -0.027006 -0.0087421 0.0187251 0.00363149 -0.0356352 -0.0115246 -0.0183431 -0.0135291 0.00045574 -0.012344 -0.0368313 0.0151565 -0.0105018 0.0241926 -0.0345232 -0.00277268 -0.0354898 0.00896773 0.00458079 0.0126259 -0.00835677 0.0137387 -0.0226211 0.00423722 0.0141264 -0.00622747 0.0265908 -0.00425824 -0.0133474 0.0184589 -0.00372877 0.00707153 0.0027839 -0.0060456 0.0116938 -0.0142411 -0.0217568 -0.00553314 -0.0390549 0.0162362 -0.0232602 -0.000997911 0.0179106 0.0252172 0.0206487 -0.00758577 0.0197471 0.0242307 0.00509776 -0.0399426 0.0115491 -0.0133707 -0.00769694 0.0183487 0.0358925 0.0072741 0.0808975 -0.00338589 0.0431965
internal_weight=4.06973e+06 2.60131e+06 1.46842e+06 1.00471e+06 463711 1.35925e+06 1.24207e+06 503334 423610 501376 378541 778661 360146 483648 822437 320642 536811 370946 436803 349618 463405 341859 465689 259970 411165 270086 54524.3 124524 19685.5 348631 368606 231290 356748 357778 338881 272931 193278 68927.5 218945 10827.9 260198 183839 231451 262368 17031 141517 292763 40101.1 12709 188180 63476.3 229689 172841 269647 204841 171344 4322.06 2396.27 1464.81 931.462 1925.79 639.656
internal_count=3279416 1082482 2196934 1672201 524733 293539 788943 997772 507643 674429 471278 559202 438630 974977 230924 378933 62615 728201 349228 696454 229741 209974 145848 296441 122589 405218 23259 54857 22795 31812 302572 269211 85076 292121 174884 175775 212387 34199 257257 10451 218767 387449 64522 396135 18572 39937 29311 17090 15036 30803 9649 124692 367355 82652 239770 148841 3536 1812 1251 561 1724 516
cat_boundaries=0 95 190 285 348 440 532 624 701 796 888 983 1078 1173 1265 1360 1455 1551 1647 1740 1828 1921 2013 2102 2198 2293 2389 2485 2580 2670 2749
cat_threshold=16384 0 0 0 0 0 0 4259840 16384 0 4096 0 16777216 0 0 0 0 0 0 0 2048 0 2 0 0 0 0 0 0 0 0 0 0 0 0 0 0 0 0 0 0 0 0 0 0 0 0 0 0 0 0 0 0 0 0 0 512 0 4194304 128 2048 4 0 0 0 0 0 128 0 0 0 33554432 0 4416 0 0 0 0 512 0 1024 4 8192 0 0 0 0 1056768 68 4096 0 64 2097152 268435456 8193 16384 0 0 0 0 0 0 0 16384 0 4096 0 0 0 0 0 0 0 0 0 0 1024 0 0 0 0 0 0 0 65536 16 0 0 0 8 0 0 0 0 0 0 0 0 0 0 0 0 0 0 0 0 0 0 0 32 0 512 0 0 128 0 4096 0 0 0 0 0 16777216 0 0 0 33554432 393216 4864 0 24576 0 0 512 0 2181039104 0 8192 268435456 0 0 0 1048576 68 0 0 0 2097152 268435456 1 0 0 0 0 0 0 0 0 0 0 0 0 0 0 0 0 0 8192 0 0 0 0 0 1048576 0 2147483648 0 0 0 81920 16 33554432 0 0 0 0 0 0 0 0 0 0 0 0 0 0 0 0 0 2048 0 0 0 0 1056 8192 0 0 536903744 32768 0 0 0 0 0 0 0 0 16384 32768 0 0 131072 512 128 0 0 0 134217728 67108864 0 8192 0 268435648 0 0 131072 8388608 0 537919488 0 16 0 0 256 0 2148007936 0 0 0 16811008 0 0 0 1024 0 0 0 16513 6 134250496 65536 1024 0 0 0 0 0 0 0 0 0 0 0 0 0 0 0 0 335544320 0 2097280 0 2360321 0 0 0 537919488 0 131072 557056 16 8256 0 0 0 0 0 0 0 0 0 0 0 0 0 0 32 0 1052672 65544 64 0 262144 524288 134217728 1026 0 2048 4 0 65536 1073741824 2147483648 0 0 0 0 0 0 0 8388608 2097152 512 0 0 0 0 1073741824 0 8 0 262144 2684354560 0 0 0 0 0 16777216 0 524288 2621440 0 0 0 0 0 0 0 0 0 0 0 0 0 0 0 0 0 0 536870912 0 0 0 0 0 0 0 0 0 0 0 0 0 0 0 0 128 0 0 0 0 0 1048576 0 512 0 0 16777216 0 2148007936 65536 0 0 1024 0 0 0 2048 0 0 0 16385 2 32768 0 0 0 0 0 0 0 0 0 1024 0 0 0 16 0 0 0 0 67108864 0 134217728 0 2360320 0 0 0 536870912 0 0 524288 16 8256 0 0 0 0 0 0 0 0 268435456 0 0 4 67584 0 32 0 0 0 0 0 0 0 0 0 8 0 128 0 0 0 0 0 16384 0 0 0 0 0 0 512 0 524288 0 16777216 16384 0 0 0 0 0 0 4194304 16384 0 4096 0 0 0 0 0 0 0 0 16 0 0 0 0 0 0 0 0 0 4 16 0 0 0 8 0 0 0 0 0 0 0 0 0 0 0 0 0 0 0 0 0 0 536870912 0 0 0 0 4194304 0 2048 0 0 0 0 0 0 128 16384 0 0 0 0 256 0 0 0 0 512 0 0 0 0 0 0 0 0 1048576 0 0 0 576 1 1 0 0 0 0 1 1073741824 0 0 4 0 0 0 32768 0 0 270532608 0 0 1024 0 0 0 4194304 0 0 0 0 0 0 0 8388608 0 2048 67108864 134217728 0 67633152 0 8 0 4096 0 268468228 2048 256 0 0 0 0 0 1048576 0 0 8 268435456 0 0 0 0 0 0 8 0 0 4098 0 0 0 0 0 0 0 2 8 32768 0 0 0 0 0 0 0 65536 0 0 0 0 0 0 0 0 0 0 0 0 0 0 0 0 0 0 0 0 0 0 0 0 0 0 0 0 0 0 0 0 0 0 0 0 0 0 0 0 0 0 0 0 0 0 0 0 0 0 4194368 0 0 0 0 0 0 0 0 0 0 0 0 33554432 0 4352 0 0 0 0 512 0 0 0 0 0 0 0 0 0 4 536870912 0 64 2097152 268435456 8193 0 0 0 0 0 0 0 0 0 67108864 0 0 16777216 0 0 0 0 8193 0 0 2048 0 0 1048577 0 2147483648 0 32768 0 0 0 0 0 0 0 0 0 0 0 0 0 0 0 0 0 0 0 0 0 2048 0 0 0 16384 1024 0 8 512 4227136 32768 0 4 0 0 0 8 0 0 16384 32768 0 0 0 0 0 0 2147483648 0 0 0 0 134217732 0 64 0 0 196640 8388608 0 4096 0 16 16384 0 16777216 0 0 0 0 4194304 0 0 4096 0 16777216 0 0 0 0 0 0 16 0 8389632 0 0 0 1024 0 1 0 4 16 0 0 0 8 0 33554432 0 0 0 0 0 0 0 268435456 0 0 0 0 0 0 0 0 536870912 0 0 512 8704 0 0 0 0 0 0 0 0 0 128 0 0 0 0 0 768 0 16384 0 0 0 0 2147484672 0 8192 128 0 0 0 1056768 0 4096 0 512 0 0 256 0 0 0 0 0 0 0 0 0 0 4096 0 0 0 0 0 0 16777216 0 0 2048 0 33554432 0 0 0 0 0 0 4 16 0 0 0 0 0 0 0 0 0 0 0 0 0 0 0 0 0 0 0 0 0 0 0 1024 0 512 0 4194368 0 2048 4 0 0 0 0 0 128 16384 0 0 0 0 4864 128 0 0 0 512 0 0 4 8192 0 0 0 0 9445376 4 4096 0 80 2097152 268435456 8193 0 0 0 0 0 0 0 65536 0 0 4096 0 0 0 0 0 0 8192 0 16 0 0 33554432 0 0 2147483648 0 0 0 81920 16 0 0 0 0 0 0 0 0 0 0 0 0 0 0 0 0 0 0 0 0 0 0 0 1024 0 0 0 4194304 0 0 4 0 0 0 0 0 0 0 0 0 33554432 0 768 0 0 0 0 134218240 0 0 8192 8192 268435456 524288 0 0 537927680 4 1052672 0 80 2097152 268435456 256 0 0 16777216 268435456 16779264 0 2064 0 1 2 0 0 0 0 0 67108864 0 0 0 0 0 0 0 0 0 536870912 128 0 0 16 0 0 0 0 0 0 33554432 67108864 0 1048576 32768 0 0 0 0 0 33554440 4 256 0 0 0 0 0 0 0 0 0 0 0 65536 0 0 8192 0 0 0 8388608 0 0 1073741824 8192 0 0 0 0 0 0 67108864 0 541081600 0 0 1048576 0 0 0 0 0 8192 0 2097152 0 0 0 0 0 0 0 4259840 16384 0 4096 0 0 0 0 0 0 8193 262144 0 0 1024 0 0 0 1024 0 1 0 65536 0 0 0 0 8 0 0 0 0 0 0 0 0 0 0 0 0 0 0 0 0 0 0 0 0 0 0 512 64 0 2048 4 0 0 0 0 0 16777216 0 0 0 0 0 4352 0 16384 0 0 134217728 0 1024 0 8192 64 0 0 0 1048576 68 536875008 0 16 0 268435456 256 0 0 0 0 0 0 0 0 0 0 0 262144 0 0 0 0 0 1 0 0 0 0 2 0 0 2147483648 0 0 0 0 0 0 268435456 0 0 0 0 0 0 0 0 0 0 0 0 0 0 0 268435968 2048 0 0 0 2147483648 9248 0 0 0 32768 32900 0 0 0 0 0 0 0 0 0 0 0 33554432 0 4096 0 0 0 8 0 0 0 8196 0 268435520 524288 0 65568 512 0 0 0 0 0 268435456 8192 0 0 0 0 0 0 0 4194304 16384 0 4096 0 16777216 0 0 0 0 8192 0 16 0 1024 0 0 0 0 0 32769 0 65536 0 33554432 0 0 8 0 0 0 1024 0 0 0 0 0 0 0 0 0 4096 0 0 0 0 0 0 0 512 0 4194368 0 0 0 0 0 0 0 0 128 0 0 0 33554432 0 4864 0 16384 0 0 134218240 0 1024 0 8192 0 0 0 0 1048576 0 4096 0 16 0 268435456 0 1 0 0 0 0 0 268435456 4 65536 16385 67108864 0 0 0 0 0 0 0 8192 262144 0 2048 0 0 1048576 0 0 0 32768 0 65536 0 33554432 268435456 0 0 0 0 0 0 0 0 0 0 0 0 0 0 0 0 262144 0 0 0 0 0 0 0 0 64 0 2048 4 0 0 0 8 0 16777216 0 0 0 0 0 0 2 2147483648 512 0 512 0 0 0 2048 64 0 0 131104 0 64 0 0 16 0 268435456 0 1 0 0 0 0 0 1024 524288 0 1024 0 0 0 0 134299648 32770 134217728 65536 0 0 0 2048 0 2 8388608 0 512 0 0 0 0 0 0 0 0 0 2147483648 0 0 0 0 0 0 4096 0 0 524288 0 64 268435968 0 4096 0 1048576 0 0 0 0 0 0 4 0 0 0 4194304 0 0 2 8388608 0 0 0 0 0 0 2 0 0 0 0 0 16512 0 0 0 0 0 1048576 0 0 0 0 16777216 2097152 0 0 0 0 2097152 16384 0 0 16385 0 0 0 0 0 0 0 0 8192 32 0 0 0 33554432 0 0 0 1024 32768 0 81920 0 33554432 131072 0 0 67108864 0 0 0 0 0 0 0 0 0 0 0 0 256 262144 0 0 0 16384 3072 8 0 0 64 0 0 0 0 0 0 8 0 16777216 0 0 0 0 393216 0 0 2147491840 0 0 134217728 0 33554432 0 2048 64 0 0 0 512 0 0 0 0 2097152 0 16 1073741824 0 0 2 262144 0 65536 0 0 0 16777216 0 0 0 524288 33554432 0 0 2147483648 0 0 0 16384 0 0 0 0 0 0 0 0 0 0 0 0 0 0 0 0 0 0 0 10240 0 0 0 0 263168 0 0 0 0 0 0 0 0 0 0 0 0 0 16384 0 0 0 393224 64 128 0 0 0 134217728 67108864 33554432 134217728 0 268435456 0 0 0 536871424 4 1048576 268435456 0 2097152 0 0 16777216 268435456 0 16384 0 0 0 0 8388610 262144 0 8388608 0 0 0 0 32 0 0 524288 41943040 32 0 4096 1024 0 0 16388 0 0 0 0 0 0 33554432 0 0 0 0 0 0 0 0 0 0 0 0 0 0 0 0 0 0 8 0 0 0 0 64 0 0 0 0 16777216 2 8388608 0 0 1073741824 134225920 0 64 0 0 0 0 536870912 67108864 4194304 0 0 0 0 0 0 0 0 8192 268435456 2097152 16384 0 0 0 0 0 0 0 0 0 0 0 0 0 0 0 0 0 0 0 0 0 0 0 0 0 0 0 0 65536 16 0 0 0 0 0 0 0 0 0 0 0 0 0 0 0 0 0 0 0 0 0 0 0 0 0 0 0 0 0 0 0 0 0 0 0 0 0 0 0 0 0 0 512 0 16384 0 0 512 0 1024 0 8192 0 0 0 0 1048576 4 0 0 0 0 0 0 0 0 0 0 0 0 0 0 0 0 0 0 0 0 0 1024 33554432 0 0 0 0 1 0 0 0 0 8192 0 0 0 0 0 0 0 0 0 0 0 0 0 0 0 0 0 0 0 0 0 0 8192 520 0 64 128 0 4 0 0 0 8 0 16777216 0 0 0 33554432 131072 4672 128 16384 0 0 134217728 0 1024 4 8192 268435456 0 0 0 0 4 536875008 0 0 2097152 268435456 8193 1 0 0 0 0 0 0 0 0 0 0 0 0 0 0 0 0 0 0 0 0 0 0 0 0 0 0 0 0 0 0 0 0 0 0 0 0 0 0 0 0 0 0 0 0 0 0 0 0 0 0 0 0 0 0 0 0 0 0 4194304 0 2048 0 0 0 0 0 0 0 0 0 0 0 0 256 0 0 0 0 512 0 0 0 8192 0 0 0 0 0 0 0 0 0 2097152 0 8193 0 0 0 0 0 0 0 0 0 0 0 0 0 0 0 0 0 8192 0 0 0 0 0 0 0 0 0 1 0 0 0 0 0 0 0 0 0 0 0 0 0 0 0 0 0 0 0 0 0 0 0 0 0 0 0 0 0 0 0 0 2048 0 0 0 0 0 0 128 16384 0 0 0 0 512 0 0 0 0 0 0 0 4 8192 268435456 0 0 0 1048576 0 0 0 0 0 0 0 1 0 0 0 0 2048 16384 0 4194304 16384 67108864 2 0 16777216 0 0 0 0 0 0 0 0 524288 0 0 0 0 0 1 0 0 0 33554432 0 0 0 0 33554432 0 0 0 0 0 0 0 0 0 0 0 0 0 0 0 0 536871040 0 0 8388616 8704 0 0 65536 0 0 0 0 8 0 16777216 0 0 0 0 8 64 0 0 512 0 0 67108864 1024 0 0 268435584 0 0 0 536870912 64 1048576 0 512 0 0 0 1 0 0 536870912 0 65600 0 0 0 1 0 0 0 0 0 0 0 0 16777216 0 0 4 0 2 0 4194304 0 128 33554432 0 0 0 33554432 0 268435456 0 67108864 0 0 0 1048576 32768 0 0 0 4 16 33554432 0 4608 8192 4096 0 1048576 2147483648 10240 0 0 0 0 0 0 0 0 0 0 0 0 0 0 0 0 0 0 0 0 0 32768 0 134217728 0 536870912 0 0 0 0 0 0 8192 0 536870912 0 0 0 0 8192 0 0 0 0 0 16384 0 65536 0 0 0 0 0 0 0 0 0 1 262144 0 0 0 0 0 0 0 0 33554432 0 0 0 0 8192 268959744 0 0 0 0 0 0 0 0 0 0 0 0 0 0 268435456 2048 0 0 0 16384 1024 8192 8388616 0 536903744 32768 0 0 0 0 0 16777216 0 0 0 32768 0 0 262144 0 0 2147483648 0 8 0 0 0 0 0 64 524288 0 131104 528 0 537395200 0 0 0 0 0 0 0 0 0 0 0 0 0 0 0 0 0 0 0 0 0 0 0 0 0 0 0 0 0 0 0 0 0 0 0 0 0 0 0 0 0 0 0 0 0 0 0 0 0 0 0 0 0 0 0 0 0 0 0 0 0 0 0 0 0 0 0 0 0 0 0 0 0 0 0 0 0 0 512
is_linear=0
shrinkage=0.05


Tree=25
num_leaves=63
num_cat=6
split_feature=10 8 5 10 5 6 10 1 10 6 10 5 7 5 5 6 10 1 6 15 16 5 6 19 10 8 6 6 15 8 8 7 1 19 6 5 6 8 19 10 14 5 3 6 6 9 6 1 14 6 5 5 19 3 14 17 15 6 15 14 8 6
split_gain=364343 52270.4 40064.8 28846.3 10822.6 10730.1 7253.11 4522.37 4040.02 3531.21 2985.19 2682.08 2668.97 2364.39 2246.55 2219.42 1764.26 1864.15 1698.42 1631.46 1554.23 1499.02 1324.25 1231.21 1107.83 1196.32 994.382 987.716 978.21 962.252 898.26 878.939 848.06 842.863 829.23 785.364 739.644 725.398 724.299 672.969 660.984 645.562 634.206 622.304 616.67 636.955 580.83 573.579 564.775 563.145 538.292 522.53 520.21 502.124 772.439 654.711 498.366 496.972 493.001 489.428 472.119 470.157
threshold=0.98214286565780651 3.2142857313156132 1.0000000180025095e-35 0.26785714924335485 3.5000000000000004 8.5000000000000018 1.803571403026581 0 0.55357143282890331 1.0000000180025095e-35 0.44642856717109686 6.5000000000000009 27.500000000000004 1.0000000180025095e-35 4.5000000000000009 2.5000000000000004 0.12500000372529033 1 2.5000000000000004 3.5000000000000004 1.0000000180025095e-35 8.5000000000000018 1.0000000180025095e-35 1.0000000180025095e-35 1.0000000180025095e-35 0.78571429848670971 1.0000000180025095e-35 1.0000000180025095e-35 3.5000000000000004 0.35714286565780645 1.0000000180025095e-35 8.5000000000000018 2 1.0000000180025095e-35 1.0000000180025095e-35 1.0000000180025095e-35 4.5000000000000009 1.0000000180025095e-35 1.0000000180025095e-35 0.41071428358554846 1.0000994801521303 1.0000000180025095e-35 3 12.500000000000002 2.5000000000000004 1.0000000180025095e-35 1.5000000000000002 4 0.90006390213966381 13.500000000000002 1.0000000180025095e-35 4.5000000000000009 1.0000000180025095e-35 5 0.84679430723190319 13.500000000000002 3.5000000000000004 1.0000000180025095e-35 4.5000000000000009 1.0593455433845522 1.7857142686843874 69.500000000000014
decision_type=2 2 2 2 2 2 2 1 2 2 2 2 2 2 2 2 2 1 2 2 2 2 2 2 2 2 2 2 2 2 2 2 1 2 2 2 2 2 2 2 2 2 1 2 2 2 2 1 2 2 2 2 2 1 2 2 2 2 2 2 2 2
left_child=2 6 3 9 7 14 13 10 26 16 46 19 28 22 23 24 17 40 32 33 36 44 30 41 -9 39 58 37 48 -13 -2 -16 -11 50 35 -21 38 -10 -15 -26 53 57 -25 -20 45 -6 -4 -40 -7 -31 -8 -22 -36 54 55 -1 -12 59 -5 -3 -27 -14
right_child=1 5 4 8 21 12 11 15 27 18 56 29 61 20 31 -17 -18 -19 43 34 51 -23 -24 42 25 60 -28 -29 -30 49 -32 -33 -34 -35 52 -37 -38 -39 47 -41 -42 -43 -44 -45 -46 -47 -48 -49 -50 -51 -52 -53 -54 -55 -56 -57 -58 -59 -60 -61 -62 -63
leaf_value=0.1201237873000372 -0.028662771815933786 8.3011984414284499e-05 -0.025888566869843411 -0.025371339668234891 0.013439155564460861 0.026816139292101561 -0.0029548436509623621 0.0039434472225863115 -0.028366668245226802 -0.018115815954837338 -0.014835814765329162 0.035825481240516044 0.026226491622578715 -0.0036881986836732939 0.014233583392627345 0.0072128626481516135 -0.03202349906891843 -0.041668560030862438 0.0002280014811748205 -0.0055319663159224368 0.0045565832837547718 0.025364848297681299 -0.0018256075590775769 0.017427416142167376 -0.01664976434439127 -0.0050053498655151275 -0.017075381809661585 -0.0089752005233347653 0.022294715570036268 0.013173870430994841 -0.0085818170499553075 0.019155226322700107 -0.031056904840155736 0.0071243247136801068 0.0084134781038028884 0.0077296668369720954 0.010608793306032129 -0.014562051757315906 0.0066600129030613131 -0.009543828169081529 -0.036545007458804991 0.0099338323998366708 0.011004338299839567 0.083842438877944347 0.016703769519206622 -0.0022569196486774894 -0.008947437538004633 -0.002117703818458435 0.017142167081861899 0.032255109511140946 0.0028789463286651631 0.014273349059157857 0.014043325786959738 -0.032524132714331057 -0.022603455401972943 -0.014337101735612839 -0.0067235129303742178 0.0073881195394503293 -0.019558394179193233 -0.029178367095594994 0.014574977531743439 0.033168707898256891
leaf_weight=176.87006133794785 5958.0500294566154 20635.285873949528 73737.841526091099 139741.74701809883 9864.5233381390572 16182.970296502113 53627.364575028419 16285.596429109573 10320.738312542439 20921.210788488388 38447.933878839016 5915.3823338747025 128934.19174838066 153573.49911892414 267186.42043983936 24546.93961596489 148253.79726105928 186511.28147473931 4943.5177744626999 17855.700079321861 111416.19337630272 15620.199839890003 114956.78452861309 75605.629450500011 52865.461266756058 63215.987346231937 75781.456619679928 95913.90363740921 244702.77822744846 51313.158546566963 85274.375261068344 137346.62626373768 32547.823012948036 91373.57338309288 135306.46561324596 29788.791857123375 12837.192544102669 122089.42437142134 37641.003617882729 90115.060060799122 55108.123728096485 189173.67336547375 78543.858047306538 233.01442748308182 11886.99931627512 18746.948125958443 5432.1866949796677 36798.263810932636 222795.77426993847 4181.8935084342957 150545.62454271317 15797.718564510345 58891.285259604454 24132.252204447985 14629.07508084178 185.45799595117569 37298.196572542191 40030.082036137581 49358.389880359173 1535.3478153944016 3236.1923357248306 30077.996260643005
leaf_count=93 6383 9870 122634 221935 5808 2153 34340 15196 13311 33627 44830 1285 8249 117924 72041 20481 288526 422258 6068 12533 75488 3665 93931 26521 76155 64128 107528 105427 38023 17992 81876 25404 61779 49948 63629 15242 7485 149946 27683 101287 108400 68449 28754 148 5631 16037 7128 28661 35897 765 78939 8248 27457 48075 27687 275 40265 15924 75579 881 2687 908
internal_value=-0.000332832 0.0107567 -0.0205241 -0.0262394 -0.00837187 0.0170958 0.00290604 -0.0112221 -0.0177133 -0.0348628 -0.017936 0.00675625 0.0219201 -0.00110875 0.0132682 -0.00706508 -0.0364359 -0.038766 -0.023355 0.00562504 0.00129257 0.0122067 -0.00539528 0.0106383 -0.00861813 -0.00959492 -0.0219147 -0.0128391 0.0200726 0.0166552 -0.00989323 0.0159046 -0.0260025 0.00313293 0.00867056 0.00275961 -0.00106878 -0.0156381 -0.00172623 -0.0121712 -0.0330131 0.0084809 0.0141565 0.00399179 0.00713158 0.0031547 -0.0247262 0.00232145 0.0177973 0.0146118 0.00134666 0.00576323 0.0101208 -0.0280466 -0.0208034 0.0512998 -0.0108412 0.00406203 -0.0238541 -0.00194338 -0.0040518 0.0275396
internal_weight=4.06795e+06 2.6258e+06 1.44215e+06 980848 461300 1.45275e+06 1.17305e+06 405181 493206 487642 154916 598799 642694 574253 810057 250265 428997 280743 58645.6 537389 368064 56118.7 206189 405524 225718 209433 264882 228324 483682 61410.4 91232.4 404533 53469 295547 241842 47644.5 240850 132410 228013 142981 94231.8 251374 154149 5176.53 40498.5 28611.5 79170 74439.3 238979 55495.1 204173 127214 194198 39123.7 14991.4 362.328 75746.1 62200.7 189100 22170.6 66452.2 159012
internal_count=3279477 1082883 2196594 1670662 525932 333074 749809 494791 673726 996936 214857 302130 85230 447679 247844 279934 895314 606788 101622 282088 265489 31141 182190 150399 259453 244257 405042 268684 76073 20042 88259 97445 95406 163227 118861 27775 181753 163257 174268 177442 184530 95124 55275 6216 27476 21845 129762 56344 38050 18757 113279 83736 91086 76130 28055 368 85095 26675 297514 10751 66815 9157
cat_boundaries=0 1 2 3 4 5 6
cat_threshold=11 112 116 773 96 897
is_linear=0
shrinkage=0.05


Tree=26
num_leaves=63
num_cat=10
split_feature=8 5 8 8 5 7 6 8 6 9 12 6 2 6 5 15 8 6 6 7 2 12 2 8 8 15 6 6 2 19 19 17 3 19 14 6 6 6 6 5 19 3 5 5 15 12 3 6 15 3 12 3 12 14 12 14 17 19 12 12 9 3
split_gain=318630 49792.6 41371.2 24298.6 13918.1 8860.68 8026.29 5642.24 4899.15 3064.37 2914.09 2672.9 2471.93 2256.11 2230.27 2219.04 2066.36 2056.66 1965.68 1577.51 1156.43 1056.37 1038.42 1033.96 987.327 977.226 947.986 940.066 918.631 916.626 886.011 857.228 837.862 822.5 802.775 768.965 748.133 690.902 684.254 683.72 649.749 631.32 631.131 615.15 596.223 595.351 549.672 531.039 524.274 516.073 512.101 510.55 509.172 506.199 563.045 1698.93 494.692 494.437 483.58 481.043 479.425 457.551
threshold=1.0714285969734194 1.0000000180025095e-35 3.5000000000000004 0.35714286565780645 3.5000000000000004 11.500000000000002 1.0000000180025095e-35 1.7857142686843874 1.5000000000000002 1.0000000180025095e-35 1.5049999952316286 3.5000000000000004 0 1.0000000180025095e-35 8.5000000000000018 4.5000000000000009 0.5000000149011613 4.5000000000000009 2.5000000000000004 34.500000000000007 1 0.21500000357627871 2 0.6428571641445161 1.0000000180025095e-35 3.5000000000000004 4.5000000000000009 12.500000000000002 3 1.0000000180025095e-35 1.0000000180025095e-35 16.500000000000004 4 1.0000000180025095e-35 1.0019166469573977 3.5000000000000004 2.5000000000000004 6.5000000000000009 2.5000000000000004 1.5000000000000002 1.0000000180025095e-35 5 8.5000000000000018 1.0000000180025095e-35 4.5000000000000009 2.3900001049041752 6 13.500000000000002 3.5000000000000004 7 0.73500001430511486 8 0.21500000357627871 0.84679430723190319 1.3450000286102297 1.1063045263290407 11.500000000000002 1.0000000180025095e-35 0.46500000357627874 0.73500001430511486 14.801865577697756 9
decision_type=2 2 2 2 2 2 2 2 2 2 2 2 1 2 2 2 2 2 2 2 1 2 1 2 2 2 2 2 1 2 2 2 1 2 2 2 2 2 2 2 2 1 2 2 2 2 1 2 2 1 2 1 2 2 2 2 2 2 2 2 2 1
left_child=1 3 7 6 8 17 9 18 12 10 21 22 45 23 24 30 44 29 25 40 -11 51 -8 -5 -6 -2 -10 -13 34 39 36 53 52 47 -12 -26 -9 -20 -15 -4 43 -35 -17 -7 -14 -3 57 -19 -45 -42 -24 -1 -31 56 -55 -56 -23 -16 -22 -25 -49 -21
right_child=2 4 5 13 14 19 11 15 26 20 28 27 16 38 46 42 -18 33 37 61 58 31 50 59 35 -27 -28 -29 -30 32 -32 -33 -34 41 -36 -37 -38 -39 -40 -41 49 -43 -44 48 -46 -47 -48 60 -50 -51 -52 -53 -54 54 55 -57 -58 -59 -60 -61 -62 -63
leaf_value=0.069003741245294348 -0.0046645715226129418 -0.0031076111698487528 0.0039179070818094316 -0.020772871116218946 0.016389597111205082 0.0072025420911400869 -0.012999977472301397 0.00089438351618059469 -0.0015035462485580636 -0.022216008182726708 -0.029786487562697646 0.0059702568279287474 -0.022764930086211124 -0.01131204073410063 0.025835157424233104 0.010050122224259288 -0.0099860282222715632 0.013033558517338235 0.0037924751032001242 0.030759108869421077 -0.0062909603162264148 -0.023833319460261088 -0.00085352937809258199 0.0039758260053807445 -0.00031582834512702352 0.00057485996767183225 0.013128273677612524 0.066932142846496345 -0.040300124545412791 0.039011355790739041 0.0076972009529045829 -0.030188635068923456 0.0099332364834088249 0.021632633552860658 -0.038511306225574221 0.017619026571877937 0.0060037000320158481 0.015855435702281609 -0.0020364353021654897 0.010212280180381627 0.028089445187297779 0.015261005454287666 0.021256453557338757 0.016538775933406476 -0.015116894554383978 -0.0096246338579118323 0.016836020865217943 0.016655976777282273 0.021291761782244741 0.021038524259070941 -0.024773017842570109 0.0013638663398941051 0.016681187207501232 -0.020043077027211573 -0.022829142225774424 0.11477955062156105 0.061849469591883525 0.046304165283251632 -0.031043725691283705 -0.014645693489600216 0.031725758725232728 0.024347126949089425
leaf_weight=359.98485395312309 205249.82629483938 52883.861476778984 56949.082131624222 126653.37236872315 21175.215801596642 11522.603356420994 33339.948122680187 176724.018881917 88480.165075361729 53482.131923824549 49902.863603174686 6084.8368906378746 76273.359831750393 122724.68368992209 9144.2766509652138 197983.5467453599 86933.516926229 257821.23433709145 92903.069630682468 41967.461851477623 1998.5898390710354 279.98025804758072 2322.6323217451572 3597.0481486320496 32214.378604412079 157122.69873833656 12652.984662950039 705.73030495643616 174620.40367648005 2647.7430610656738 148320.93284386396 23503.579668909311 73526.625042438507 79671.809486031532 55894.880537092686 7337.9165486097336 120497.45795661211 13608.675068199635 23726.488352954388 177966.2967928648 34209.691290915012 76552.376424074173 13415.486847400665 110343.88229882717 38268.318558961153 103884.08474951982 9900.74459451437 70538.820509433746 122348.60273909569 111035.17879259586 61155.897513747215 1147.6162606775761 71208.86784774065 9370.1532685160637 751.98139777779579 319.63666367530823 422.90910422801971 4355.4544628858566 155044.73787653446 96755.829098790884 5704.5334415435791 85567.483764529228
leaf_count=192 174979 51445 24791 195117 10204 3008 45714 106587 80255 89148 93944 5740 116725 147791 1970 94471 96827 63751 59335 1751 2661 287 2745 3470 23700 122183 8058 328 391648 469 82567 39087 24479 16914 111882 3455 56651 6051 22329 55795 4073 17321 3819 14765 56565 119606 2687 11490 16169 15026 103839 1093 22912 14513 1363 157 292 830 304769 123527 541 5222
internal_value=-0.000306887 -0.0181574 0.0106761 -0.0247554 -0.0059671 0.0164479 -0.0307404 0.00355214 -0.00939118 -0.0332411 -0.03635 -0.0180182 -0.0121347 -0.0146477 0.0127299 0.00654255 -0.0157984 0.0133746 -0.00063763 0.0216349 -0.0285661 -0.0229903 -0.0201451 -0.0177692 0.00767636 -0.00239278 0.000327072 0.0123059 -0.0380726 0.0106256 0.00454086 -0.0247731 0.0137166 0.0155181 -0.034396 0.00301153 0.00296577 0.00533372 -0.0098093 0.00868637 0.0200544 0.0185128 0.0107613 0.0184795 -0.0202097 -0.00742619 0.0258446 0.0141176 0.0190379 0.0227026 -0.0238978 0.0179817 0.0174794 -0.0133519 -0.0161166 0.0182161 0.0277196 0.0324151 -0.0307287 -0.0139782 0.0177835 0.0264614
internal_weight=4.06308e+06 1.54767e+06 2.51541e+06 1.00417e+06 543504 1.38958e+06 630708 1.12583e+06 459376 527099 316574 103609 358243 373457 84128 656941 201475 872587 468884 516995 210525 36155.8 96818.5 227006 60727.5 362373 101133 6790.57 280418 382299 445542 34648.2 147383 490289 105798 39552.3 297221 106512 146451 234915 389460 156224 211399 244215 114542 156768 23400.5 334065 232692 145245 63478.5 1507.6 73856.6 11144.7 10441.8 1071.62 702.889 13499.7 157043 100353 76243.4 127535
internal_count=3279083 2273963 1005120 1701636 572327 298477 1209402 706643 529481 1051036 654458 158366 441168 492234 42846 344095 270117 238463 362548 60014 396578 56984 152298 322114 37359 297162 88313 6068 597474 128446 245805 55699 47860 110017 205826 27155 163238 65386 170120 80586 53041 34235 98290 33942 173290 171051 5487 75782 30934 19099 106584 1285 23381 16612 16033 1520 579 2800 307430 126997 12031 6973
cat_boundaries=0 1 2 3 4 5 6 7 8 9 10
cat_threshold=4 4 4 4 773 773 773 768 517 4
is_linear=0
shrinkage=0.05


Tree=27
num_leaves=63
num_cat=39
split_feature=10 10 5 10 0 5 0 5 0 0 10 0 0 10 0 0 0 0 5 0 11 6 0 6 19 0 15 5 0 0 0 3 0 0 0 3 0 3 0 0 0 0 19 0 17 10 0 0 0 15 3 15 15 0 15 0 0 3 0 19 3 0
split_gain=305417 45779.9 32695.7 23928.5 12159.7 8577.45 6565.42 6161.81 4868.42 3806.52 3594.04 3497.83 3094.87 2877.84 2569.93 2506.55 2464.26 2434.02 2000.06 1939.16 1922.01 1713.19 2052.86 1467.19 1392.89 1206.02 1201.16 1195.62 1179.07 1171.8 1166.62 1153.58 1139.23 1127.18 1104.24 1068.04 1002.11 941.731 1164.1 921.105 896.184 888.975 841.673 997.651 831.649 796.729 795.226 755.439 752.835 733.193 730.553 721.676 708.322 694.164 669.832 661.205 648.828 633.284 687.706 622.054 611.511 596.085
threshold=0.87500000000000011 3.053571462631226 1.0000000180025095e-35 0.26785714924335485 0 8.5000000000000018 1 2.5000000000000004 2 3 1.4821428656578066 4 5 0.48214285075664526 6 7 8 9 1.0000000180025095e-35 10 0.33565936982631689 1.0000000180025095e-35 11 1.0000000180025095e-35 1.0000000180025095e-35 12 3.5000000000000004 34.500000000000007 13 14 15 16 17 18 19 20 21 22 23 24 25 26 1.0000000180025095e-35 27 46.500000000000007 11.053571224212648 28 29 30 3.5000000000000004 31 4.5000000000000009 3.5000000000000004 32 4.5000000000000009 33 34 35 36 1.0000000180025095e-35 37 38
decision_type=2 2 2 2 9 2 9 2 9 9 2 9 9 2 9 9 9 9 2 9 2 2 9 2 2 9 2 2 9 9 9 1 9 9 9 1 9 1 9 9 9 9 2 9 2 2 9 9 9 2 1 2 2 9 2 9 9 1 9 2 1 9
left_child=2 7 3 6 57 15 44 10 -6 -10 26 -8 -11 34 -13 35 31 27 21 -14 23 22 -17 46 32 -26 47 -7 -25 -15 -21 -9 -12 60 -5 36 -3 38 -32 -31 -20 -34 -19 -44 50 -29 -16 -2 -28 -37 -1 -36 -35 -22 -41 -39 -49 -4 -59 61 -18 -42
right_child=1 5 4 13 8 17 11 16 9 12 24 14 19 29 20 18 33 42 40 30 53 -23 -24 28 25 -27 48 45 -30 39 37 -33 41 52 51 49 -38 55 -40 54 59 -43 43 -45 -46 -47 -48 56 -50 -51 -52 -53 -54 -55 -56 -57 -58 58 -60 -61 -62 -63
leaf_value=0.023789739551449751 0.0036970998399911284 0.024642956759040425 0.030688185498162143 0.0029049125325510562 0.0056003998329973098 0.019523064951044784 -0.043137072354712987 0.051592798877711149 -0.035123134160162349 -0.025627841856108415 0.0057324631688987163 -0.015943071723080186 -0.018725478149038091 0.0018667947762420402 -0.044682883929448795 -0.030327322744559754 0.024439435417377045 0.01250238684647903 -0.0043705686038867852 -0.014158329514516059 -0.034671554027516607 0.0057654898621080676 0.0036229040643527654 0.018563577997849717 0.014621205072694529 0.0040073480274522184 0.0098196302292401644 0.053878164407925658 -0.02712813072438789 -0.026981422449833301 0.017058996937354767 0.018363537418884614 -0.016843153368379226 0.0010840664831982866 -0.023984249124812947 0.010040119997945376 0.015188151023510333 -0.012409289629913866 -0.003662812660352132 -0.015166450866676515 0.011176887309568163 -0.00063557304752732621 0.024535114851375894 0.013102240983899123 -0.03426288693494025 0.024734268036876492 -0.036497114767407565 -0.021034173498176781 -0.0018939360801514212 0.015185316646773951 -0.0049309254518988474 -0.017258354574614776 0.0066698241679338651 -0.027313721412313821 -0.0087802212621186111 -0.0049007355801618923 -0.0066998825728395986 0.025679551469794271 0.0097236354295630514 0.013435427465018079 0.00927865998465148 0.0059661135487642783
leaf_weight=2642.6588834226131 16983.012234151363 35923.670830965042 7909.2632241249084 4513.3563910126686 38076.499128401279 341223.86893248558 97634.89475479722 2954.323392033577 18813.196543812752 36470.396710664034 78345.390105545521 22249.450961828232 52621.410943835974 11890.232010543346 41221.686874359846 8652.0924956202507 7103.535123705864 148772.54474568367 10451.997101187706 57247.301541179419 46149.055726736784 39944.606682896614 9164.5515105128288 1571.8483396172523 34530.466334044933 119008.60511946678 15013.349898219109 2392.456912279129 13559.828772574663 13359.298577964306 8617.6889964938164 22603.836328625679 8798.0110055804253 104555.8553609848 143998.20069944859 165717.75281226635 128718.88865673542 50600.710606455803 31596.564210057259 150970.70431983471 128399.56399095058 214473.34259587526 39157.15332865715 37407.78319478035 2015.2510361373425 118393.21885633469 111710.69439089298 8220.2066699266434 157764.76986867189 118930.90773510933 13383.253357827663 55159.80497854948 124143.01833665371 108430.29412332177 56398.654216647148 69817.399830788374 196595.50830346346 9933.8002059459686 21203.875081598759 117758.13678336143 104536.45420193672 96022.156048893929
leaf_count=2844 13619 6948 2547 5673 31469 41637 236875 686 35206 58371 44947 35894 75827 12360 101369 5968 3017 27523 4276 76541 97808 15787 4981 1771 19152 74708 11152 201 26173 18344 8406 8425 6848 62771 238615 48142 33594 64211 36073 196994 40635 138251 5333 7264 3373 5162 260939 8698 135615 31944 15957 87456 66542 214617 68769 76718 184800 2517 10805 35741 48781 33215
internal_value=-0.000315494 0.00908807 -0.0203028 -0.0256181 -0.00847127 0.0147936 -0.0335669 0.00182713 -0.0113166 -0.0132939 -0.000508806 -0.034772 -0.011955 -0.0172268 -0.0324027 0.0114646 0.00725195 0.0189573 0.00863883 -0.0101107 -0.0335372 1.45542e-05 -0.0128789 -0.0372393 0.00251885 0.00639559 -0.00400129 0.0210359 -0.0223874 -0.0134271 -0.00802932 0.0222233 0.000545377 0.00612683 -0.0215667 0.0140451 0.0172525 -0.00584427 0.000780892 -0.0142504 0.0100517 -0.00127496 0.0146939 0.0189542 -0.00398774 0.0253115 -0.0387088 -0.00643613 -0.000875641 0.0121894 -0.000183145 -0.0221203 0.00411596 -0.0295144 -0.0134289 -0.00805666 -0.00727618 0.0180418 0.0148206 0.0104921 0.0102454 0.00894814
internal_weight=4.06243e+06 2.76266e+06 1.29977e+06 896859 402908 1.54703e+06 460569 1.21563e+06 363861 325785 849733 442528 306971 436290 344893 859684 365897 687347 410393 270501 322643 57761.3 17816.6 168064 455156 153539 394577 462010 15131.7 232619 217880 25558.2 301617 340339 203671 449291 164643 160632 40214.3 220729 352632 223271 225337 76564.9 18041.2 120786 152932 221799 172778 284649 16025.9 199158 228699 154579 207369 120418 204816 39046.9 31137.7 342180 111640 224422
internal_count=3280885 1176363 2104522 1625831 478691 348351 997620 828012 462822 431353 637790 975446 396147 628211 738571 261231 190222 87120 140603 337776 702677 26736 10949 390252 283906 93860 353884 47000 27944 296467 261949 9111 190046 181111 331744 120628 40542 185408 44479 284107 113867 145099 40120 12597 22174 5363 362308 207117 146767 80086 18801 326071 129313 312425 265763 140929 193498 15869 13322 109591 51798 73850
cat_boundaries=0 95 189 281 344 436 528 623 718 813 908 985 1080 1176 1272 1368 1460 1461 1553 1648 1743 1744 1832 1833 1929 2021 2111 2199 2295 2379 2474 2569 2570 2659 2746 2838 2839 2934 2935 3030
cat_threshold=0 0 0 0 0 0 0 4259840 16384 0 4096 0 16777216 0 0 0 0 0 0 0 2048 0 2 0 0 0 0 0 0 0 16 0 0 0 0 0 0 0 0 0 0 0 0 0 0 0 0 0 0 0 0 0 0 0 0 0 512 0 4194304 128 2048 4 0 0 0 0 0 128 0 0 0 33554432 0 4416 0 0 0 0 512 0 1024 4 8192 268435456 0 0 0 1056768 68 0 0 64 2097152 268435456 8193 16384 0 0 0 0 0 0 0 16384 0 0 0 0 0 0 0 0 0 0 0 0 1024 0 0 0 2147483648 0 32768 0 65536 16 0 0 0 8 0 0 0 0 0 0 0 0 0 0 0 0 0 0 0 0 0 0 0 32 0 512 0 0 128 0 4096 0 0 0 0 0 16777216 0 0 0 33554432 393216 4864 0 24576 0 0 512 0 2181039104 0 8192 268435456 0 0 0 1048576 68 0 0 0 2097152 268435456 16384 0 0 0 0 0 0 0 0 0 0 0 0 0 0 0 0 16785408 0 0 0 0 0 1048576 0 2147483648 0 32768 0 81920 0 0 0 268435456 0 0 0 0 0 0 0 0 0 0 0 0 0 0 0 2048 0 0 0 0 32 0 0 0 536903744 32772 0 0 0 0 0 0 0 0 16384 0 0 0 131072 0 128 0 0 0 134217728 67108864 0 8192 0 64 0 0 131104 545259520 0 538447872 0 16 0 2148007936 0 0 0 16811008 0 0 0 1024 0 0 0 16513 6 134250496 65536 0 0 0 0 0 0 8388608 0 0 0 0 0 0 0 0 0 0 335544320 2147483648 2097280 0 2360321 0 0 0 537919488 0 2228224 0 16 8256 0 0 0 0 0 0 0 0 0 0 0 0 0 0 32 0 2148007936 65536 0 0 0 0 0 0 2048 0 0 0 16385 2 32768 0 0 0 0 0 0 0 0 0 1024 0 0 0 0 0 0 268435456 0 67108864 0 134217728 0 2360320 0 0 0 536870912 0 0 524288 16 64 0 0 0 0 0 0 0 0 268435456 0 0 4 67584 0 32 536870912 0 0 0 0 0 0 0 0 8 0 128 0 0 0 0 0 16384 0 0 0 0 0 0 528 0 524288 0 16777216 0 1052672 65544 64 0 262144 524288 134217728 1026 0 0 4 0 65536 1073774592 2147483648 0 1024 0 0 0 0 0 0 2097152 512 0 0 0 0 0 0 8 0 262144 536870912 0 0 0 0 0 16777216 0 524288 524288 557056 0 0 0 0 0 0 0 0 0 0 0 0 0 0 0 0 0 536870912 0 0 0 0 0 0 0 0 0 0 2 0 0 0 0 0 128 0 0 0 0 0 1048576 0 512 0 0 16777216 0 0 0 0 0 0 0 0 0 0 4096 0 16777216 0 0 0 0 8193 0 0 2048 0 0 1048577 0 0 1024 0 0 4 0 0 0 0 0 0 0 0 0 0 0 0 0 0 0 0 0 0 4096 2048 0 0 0 16384 3072 0 8 512 4227072 32768 64 4 0 0 0 0 0 0 16384 32768 0 8192 0 0 0 0 2147483648 0 536870912 0 0 134217728 0 64 0 0 196608 0 0 4096 0 0 0 0 1 16384 0 0 0 0 0 2048 4194304 16384 0 4096 0 16777216 0 0 0 0 0 0 16 0 0 33554432 0 0 0 0 32769 0 4 16 33554432 0 0 8 0 0 0 0 0 0 0 0 0 0 0 0 0 0 0 0 0 0 536870912 0 0 8 0 4194304 0 2048 4 0 0 0 8 0 128 16384 0 0 0 131072 320 0 0 512 0 0 0 0 4 0 0 0 0 0 1048576 0 0 0 576 2097152 0 256 0 0 0 0 0 0 0 0 0 0 0 0 0 0 0 0 0 0 0 0 0 0 0 0 0 0 0 0 0 0 16 0 0 0 0 0 0 0 0 0 0 0 0 0 0 0 0 0 0 0 0 0 0 0 1024 0 0 0 4194304 0 2048 0 0 0 0 0 0 0 0 0 0 33554432 0 256 0 0 0 0 512 0 0 4 0 0 0 0 0 0 0 0 0 64 2097152 268435456 8193 0 0 0 0 0 0 0 0 0 0 0 0 0 0 0 0 0 0 0 0 0 0 0 0 0 2147483648 0 0 0 4 16 0 0 0 0 0 0 0 0 0 0 0 0 0 0 0 0 0 0 0 0 0 0 0 0 0 0 0 4194304 0 0 0 0 0 0 0 0 16777216 0 0 0 33554432 0 4352 0 0 0 0 536871424 0 0 4 0 0 0 0 0 0 4 536870912 0 80 2097152 268435456 8193 0 1 0 0 0 0 16 1073741824 0 0 2052 0 0 0 0 0 0 270532608 0 0 1024 0 0 0 4194304 0 0 0 0 0 1073741824 0 8388608 0 2048 67108864 167772160 67108864 67633152 0 8 0 4096 0 268468228 2048 256 0 256 0 0 0 1048576 0 0 8 268435456 0 0 0 0 0 0 8 0 0 0 0 0 0 0 0 0 0 0 8 32768 0 0 0 0 0 0 0 0 0 0 0 262144 0 0 0 0 0 0 0 0 2048 0 2 0 0 2147483648 0 0 0 0 0 0 268435456 0 0 0 0 0 0 0 0 0 0 0 0 0 0 0 268435968 10240 0 0 0 2147483648 1056 0 0 0 0 32900 0 0 0 0 0 0 0 0 0 32768 0 33554432 0 4608 128 0 0 0 512 0 0 8192 0 268435456 524288 0 65536 16 4 0 0 0 0 268435456 8193 16384 0 0 0 0 0 0 4194304 0 0 0 0 0 0 0 0 0 0 0 16 0 0 0 0 0 0 0 0 0 0 0 0 0 0 0 0 33554432 0 0 0 0 0 0 0 0 0 0 0 0 0 0 0 0 0 0 8192 8389120 8704 64 0 67584 4 0 0 0 0 0 16777344 16384 0 0 0 8 512 0 2147500032 32768 8 512 0 0 0 8192 128 0 0 0 1048576 0 536875008 0 0 2097152 268435456 256 1 0 0 0 0 0 268435456 4 65536 0 0 8388608 262144 0 0 0 0 0 16777216 262176 0 0 0 33554434 0 0 0 0 0 0 16384 0 33554432 8192 268435456 0 0 0 0 0 0 0 0 0 0 0 0 0 0 0 8192 0 0 0 0 8192 0 0 8192 536870912 0 0 0 0 0 0 16777224 0 0 0 0 0 0 0 64 0 2147483648 0 0 0 67108864 0 4 0 0 524288 0 0 8396800 0 536870912 0 16 0 0 8192 1 0 0 0 0 0 0 0 4259840 16384 0 4096 0 16777216 0 0 0 0 8192 0 16 0 1024 0 0 0 0 0 32768 0 65536 0 0 0 0 8 0 0 0 0 0 0 0 0 0 0 0 0 0 0 0 0 0 0 0 0 0 0 0 4194368 0 0 0 0 0 0 8 0 16777344 0 0 0 33554432 131072 768 0 0 0 0 134218240 0 2147484672 0 8192 128 0 0 0 1048576 0 4096 268435456 16 0 268435456 0 1 1 0 16777216 268435456 16779264 0 2049 0 1 0 0 0 0 0 0 67108864 0 0 0 0 0 0 0 0 0 536870912 128 0 0 16 0 0 0 0 0 0 0 0 0 1048576 32768 0 0 0 0 0 33554440 4 268435456 0 0 0 0 536870912 0 0 0 0 0 0 65536 0 0 8192 0 0 4098 8388608 0 0 1073741824 8192 0 0 0 0 0 0 67108864 0 541081600 0 0 0 0 0 0 0 0 8192 0 2097152 4 16384 0 0 0 0 16384 4 4194304 16384 67108864 4096 0 16777216 0 0 0 0 16785408 0 16 2048 1024 0 0 0 1024 0 1 0 0 16 33554432 0 0 8 0 0 0 0 0 0 0 0 0 0 0 0 0 0 8192 0 0 67108864 0 1024 0 0 0 0 0 2048 0 0 0 0 0 0 0 0 0 0 0 0 256 0 0 0 0 512 0 1024 0 8192 0 0 0 0 536879104 64 1052672 0 512 0 0 0 0 0 0 0 65536 0 0 0 0 0 0 0 0 0 0 0 0 2048 0 0 1048576 0 2147483648 0 1 0 81920 0 0 0 0 0 0 0 0 0 0 0 0 0 0 0 0 0 0 0 0 0 0 0 0 0 0 0 512 0 132 0 4 0 0 0 0 0 16777216 0 0 0 0 0 4672 128 0 0 0 134217728 67108864 0 8192 8192 268435456 524288 0 0 546308096 68 537923584 0 16 0 0 256 0 0 0 0 0 0 0 4259840 16384 0 4096 0 0 0 0 0 0 0 262144 16 0 1024 0 0 0 0 0 0 0 65536 0 0 0 0 8 0 0 0 0 0 0 0 0 0 0 0 0 0 0 0 0 0 0 0 1056 0 8 0 64 0 2048 4 0 0 0 0 0 16777216 0 0 0 33554432 0 4352 0 2147500032 0 0 0 0 1024 0 0 64 0 0 0 1056768 68 536875008 0 16 0 0 256 261 16384 0 0 0 0 0 0 4194304 0 0 0 0 0 0 0 0 0 0 0 0 0 0 0 0 0 0 0 0 0 0 0 0 0 0 0 0 0 0 0 0 0 0 0 0 0 0 0 0 0 0 0 0 0 0 0 0 0 0 0 0 0 0 0 0 0 0 0 0 16384 0 0 0 0 256 0 0 0 0 0 0 0 0 0 0 0 0 0 1048576 7 0 0 0 0 0 268435456 0 0 0 8 8388608 0 0 0 0 0 0 0 0 16 0 8388608 0 0 0 0 0 0 0 4 0 33554432 268443648 524288 0 0 0 0 0 0 0 0 0 0 0 16 0 0 512 8192 0 64 0 2147483648 11264 0 0 8704 0 0 64 0 0 4194304 0 8 0 16777216 0 0 0 0 0 512 0 8192 512 0 536870912 0 0 0 0 0 0 0 0 512 0 0 0 0 0 0 0 1 0 0 0 0 0 1024 0 0 1024 0 0 0 0 134299776 32770 134217728 65536 1024 0 0 2048 0 2 8388608 0 512 0 0 0 0 16 0 0 0 262144 0 0 0 67108864 0 0 0 4096 524288 0 557056 256 64 512 0 0 0 1048576 0 0 0 0 0 0 4 0 0 0 4194304 0 0 2 0 0 0 0 0 0 0 0 0 0 0 0 0 16384 0 0 0 0 0 1048576 0 0 0 0 16777216 0 0 0 268435456 0 0 0 0 0 8 0 0 0 134217728 0 0 0 8193 0 0 0 8912896 8388608 0 0 0 1024 0 0 0 0 0 0 524288 0 0 0 0 0 0 0 0 0 0 0 0 0 0 268435456 262144 0 4 0 2147483648 1024 0 8388608 0 32768 0 64 0 0 0 0 16777216 0 0 0 32768 0 0 262144 0 0 0 32768 8 0 0 0 0 1050624 64 524288 0 131104 528 0 524288 0 0 536870912 0 0 0 0 0 0 2048 4 0 0 134217728 0 67108864 0 1 0 0 0 0 0 0 0 0 128 0 0 0 0 0 0 524288 0 0 134217728 0 0 0 32776 0 0 0 0 0 33554432 0 268435712 0 4096 4 0 0 0 0 8388624 0 4194304 132 0 4096 0 0 0 0 4096 0 0 0 0 33562624 0 0 0 0 0 8 67108864 0 16384 0 0 1048576 0 0 65536 16 0 0 0 0 0 0 0 0 0 0 0 0 0 0 0 0 0 0 0 0 0 0 0 0 0 0 0 0 0 0 0 0 0 0 0 0 0 0 0 0 0 0 0 0 0 0 0 0 0 0 0 0 0 0 0 8192 0 0 64 0 2048 0 0 0 0 8 0 128 16384 0 0 0 0 512 0 2147483648 0 0 0 0 1024 0 8192 268435584 0 0 0 1048576 0 4096 0 0 0 0 0 1 0 0 8 0 16779264 268436480 5 134217728 1024 2 0 0 0 65536 0 0 0 2097152 0 0 1024 0 0 0 0 536870912 0 0 0 16 0 0 8192 0 268697600 0 128 0 0 0 0 0 0 0 2621440 0 0 8192 0 262144 0 64 0 536871040 0 0 0 0 536870912 0 0 0 0 0 0 0 4096 0 0 0 0 16384 0 0 0 0 0 0 67108864 0 0 0 2048 1048576 16384 0 0 0 0 0 0 4194304 16384 0 4096 0 16777216 0 0 0 0 0 0 0 0 524288 33554432 0 0 0 0 1 0 0 16 0 0 0 8 0 0 0 0 0 0 0 0 0 0 0 0 0 0 0 0 0 0 128 0 0 0 8192 0 0 0 4 0 8192 0 8 0 128 16384 0 0 0 0 768 2 0 0 0 0 0 1152 4 8192 268435456 0 0 0 1048576 4 4096 0 512 2097152 268435456 256 16384 0 16777216 0 0 0 0 4259840 16384 0 4096 0 0 0 0 0 0 0 0 0 0 525312 0 0 0 0 0 1 0 65536 16 33554432 268435456 0 8 0 0 0 0 0 0 0 0 0 268435456 0 0 0 0 0 0 0 0 0 0 0 0 0 0 0 2048 0 0 0 0 0 0 0 0 0 0 33554432 0 256 2 0 0 0 134217728 0 2147484672 0 8192 128 0 0 0 537927680 4 4096 0 512 0 268435456 256 5 0 1052672 0 0 0 17073152 524288 0 1024 1024 2048 0 0 128 32772 134217728 65536 1024 0 0 0 0 2 8388608 0 4096 0 0 0 0 0 0 0 0 268699648 0 2097280 0 0 0 0 0 1052672 524288 2621440 32768 0 8192 0 0 0 0 0 0 0 0 0 0 0 0 0 0 0 0 0 0 0 0 0 0 0 0 0 0 0 0 0 0 0 0 0 0 0 0 0 0 0 0 512 0 0 536870912 0 2162688 16384 0 0 0 2058 0 0 0 142606336 0 0 0 0 0 0 0 0 0 33 0 0 0 0 0 4 0 0 131072 524288 0 0 0 0 0 0 0 0 0 0 0 16 0 0 512 8192 4096 68 0 16384 264192 0 16 0 0 0 0 0 0 4194304 0 8 0 0 0 0 0 16384 0 0 0 8192 0 0 0 0 0 134217728 1048576 1048576 0 0 65536 1 0 0 0 16777216 1024 0 134217728 0 0 2052 0 0 134217728 1073774592 2147483648 65536 0 0 0 0 0 0 8388608 2097152 0 128 0 0 0 0 0 8388608 0 0 536870912 134217728 0 524288 0 32768 0 4096 0 2129920 0 33554432 0 512 0 4096 0 1048576 0 0 0 0 0 0 0 0 0 0 4194304 0 0 4096 0 0 0 0 8192 0 0 0 0 0 0 0 0 16384 0 0 0 0 0 0 0 0 8192 0 16777216 5 0 0 0 0 0 0 0 0 0 0 0 0 0 0 0 0 0 0 0 0 0 0 0 0 0 0 0 0 0 0 0 0 0 0 0 0 0 0 0 0 0 0 0 0 0 0 0 0 0 0 0 0 0 0 0 0 0 0 4194304 0 2048 0 0 0 0 0 0 128 0 0 0 0 0 0 0 0 0 0 512 0 0 4 8192 0 0 0 0 1048576 0 0 0 0 0 0 8192 4 0 0 0 0 0 16384 0 0 0 67108864 2 262144 0 0 0 0 0 16777216 32 0 2052 1024 2 1048576 0 2147484672 0 0 0 16384 0 0 268435456 0 0 0 0 0 0 0 0 0 0 0 0 0 0 0 0 0 0 0 0 0 262144 0 0 0 0 4 0 0 0 0 0 0 0 0 0 0 0 33554432 0 4096 128 0 0 0 134218240 67108864 2147483648 0 8192 128 0 0 0 8192 68 1048576 0 16 0 0 8192
is_linear=0
shrinkage=0.05


Tree=28
num_leaves=63
num_cat=38
split_feature=10 10 5 10 0 6 6 0 0 0 0 0 5 0 10 5 0 5 0 11 6 0 6 6 0 0 19 0 0 0 19 0 0 17 0 0 0 0 5 0 0 9 0 0 9 16 3 0 3 0 0 0 0 6 3 0 3 0 3 0 16 10
split_gain=277673 40150 30913.2 23007.4 11501.5 6817.84 6741.1 6583.74 4032.68 3759.1 3661.72 3060.88 2725.15 2701.78 2629.16 2588.07 2579.86 2149.34 2019.26 1986.43 1850.77 1605.92 1887.2 1518.4 1480.39 1420.87 1388.11 1284.94 1270.53 1194.05 1180.83 1565.97 1154.68 1122.18 1118.84 1079.9 1070.75 1070.58 1048.18 1030.31 976.757 918.379 874.62 852.963 840.392 814.222 799.197 794.367 780.749 1559.01 776.561 770.92 725.755 723.88 672.245 666.849 661.029 1455.99 904.449 699.396 647.745 643.253
threshold=0.87500000000000011 3.4464285373687749 1.0000000180025095e-35 0.26785714924335485 0 1.5000000000000002 11.500000000000002 1 2 3 4 5 1.0000000180025095e-35 6 0.48214285075664526 5.5000000000000009 7 3.5000000000000004 8 0.28861783444881445 2.5000000000000004 9 1.0000000180025095e-35 1.0000000180025095e-35 10 11 1.0000000180025095e-35 12 13 14 1.0000000180025095e-35 15 16 42.500000000000007 17 18 19 20 1.0000000180025095e-35 21 22 1.0000000180025095e-35 23 24 14.801865577697756 1.0000000180025095e-35 25 26 27 28 29 30 31 1.0000000180025095e-35 32 33 34 35 36 37 1.0000000180025095e-35 0.089285716414451613
decision_type=2 2 2 2 9 2 2 9 9 9 9 9 2 9 2 2 9 2 9 2 2 9 2 2 9 9 2 9 9 9 2 9 9 2 9 9 9 9 2 9 9 2 9 9 2 2 1 9 1 9 9 9 9 2 1 9 1 9 1 9 2 2
left_child=2 5 3 7 54 11 17 33 -6 -10 61 48 18 53 34 26 -11 21 -13 23 27 -3 24 50 38 -17 29 -18 44 -7 36 46 -16 56 -5 -28 -19 -20 -23 -31 -14 -39 -34 -25 -8 -29 -32 -21 49 -2 -15 -35 -36 -12 -4 -42 57 58 -1 -59 -44 -9
right_child=1 6 4 14 8 15 28 10 9 16 13 12 40 19 32 25 20 30 37 47 -22 22 -24 43 -26 -27 35 45 -30 39 31 -33 42 51 52 -37 -38 41 -40 -41 55 -43 60 -45 -46 -47 -48 -49 -50 -51 -52 -53 -54 -55 -56 -57 -58 59 -60 -61 -62 -63
leaf_value=0.1796609207968009 0.084159465098033071 0.012320740763477875 0.022557932171462455 0.0033967468079076427 -0.034701749686737823 0.008660453435625947 0.019545145495649591 -0.045681781778153047 -0.02491391896250638 -0.018070288689060458 -0.018710807689534589 -0.023713452366572699 0.004292753895802773 -0.045249371928790534 0.0012892554345315835 0.025571310873403016 -0.014007485005904855 0.014353243717945214 0.00072473349544444326 -0.034340349872971764 0.0073206969925550831 -0.027821686492259023 0.0074917566460229491 0.013845093157891326 0.00477297178729005 0.010402017112337883 0.017007006974242938 -0.0075852854275941283 0.015879201882836622 0.0055174658530718398 0.025479472717520081 0.012323852705116416 -0.026232199957934233 -0.050569794134293827 -0.007934096506967192 0.0066721986917538771 0.0091194946053867326 -0.028660733346820705 0.00027450042340677856 -0.00044730069474637293 0.0015087005366924075 -0.007139887750335857 -0.014750541409529415 -0.025238444172581632 0.025852351791614471 -0.00030876962510660523 0.016813026433921557 -0.026949307995340482 0.005218406383066072 0.012878521190318532 -0.036376603962097152 0.0050722475882604076 -0.022069087967737808 0.0062024339326642915 0.0098879998916790827 -0.0036526496889598744 -0.0069049586258920666 0.021860936922548032 0.046767727387856207 -0.012067063990126879 -0.0084178855213389355 -0.037075513892250972
leaf_weight=178.21368855237961 899.1139942407608 140775.9787003994 22383.344068646431 4672.1203795671463 17071.39092990756 77416.614127755165 242324.43289637566 61774.043736040592 36709.141104847193 52361.750501394272 19698.735979616642 17043.892184853554 95285.764095783234 34223.41605246067 13400.761042177677 21036.24079978466 53910.835729628801 202488.71938943863 47832.062514483929 52579.208599030972 24046.782425284386 9335.4262692332268 140418.14126610756 1632.0453997850418 14505.188238620758 58167.420836150646 30186.290661871433 115743.66354557872 210438.09584391117 113848.74108564854 48522.609063386917 115206.76403427124 13367.486002743244 1787.3746699094772 9589.0743847191334 155627.60745728016 189244.90438866615 5139.5962971448898 5151.2912030220032 198815.58489537239 103285.20664960146 139747.09095174074 148036.05997908115 9532.8932552933693 67532.28565788269 57565.116473644972 59421.891090393066 121083.03120461106 112150.06281787157 4993.4151668548584 93258.271346241236 957.15312793850899 185513.86445426941 3422.2741786837578 19773.151447951794 158773.92454504967 7237.8047181963921 3491.5796456336975 482.449074447155 2675.4631376862526 55526.976775228977 33478.069811820984
leaf_count=89 265 43225 8547 5820 33395 38098 20856 161173 60058 76286 33210 17660 56457 87762 14264 6068 73543 43080 40798 117365 20034 5699 47637 1987 6521 22749 14832 134726 32058 61360 7882 26367 18703 3295 13908 90986 48424 5908 1935 130218 70879 130495 195702 18555 2845 62008 11400 249316 64707 2645 225570 1295 311564 4028 9437 124714 8390 3476 409 3242 68240 78632
internal_value=-0.000303026 0.00854788 -0.0196077 -0.0248565 -0.00807918 0.00231415 0.0143283 -0.0327934 -0.0109925 -0.00980225 -0.0339913 -0.00117293 -0.00269764 -0.0315305 -0.0165988 0.00596118 -0.00797447 0.0117674 -0.00722158 -0.0327526 -0.00586995 0.00837411 0.00509353 -0.0372165 -0.00652019 0.0144355 0.0047957 -0.00726618 0.0188814 0.00310148 0.0134792 0.0163823 -0.0129581 -0.00208356 -0.0207964 0.00835241 0.0118254 -0.00576152 -0.0178187 0.00172472 -4.21421e-05 -0.00790276 -0.0138377 -0.0195356 0.0209191 -0.00516807 0.0207107 -0.0291906 0.00615187 0.0238791 -0.038765 -0.0313304 -0.0213748 -0.0150168 0.016619 -0.00161843 0.00362175 0.0147692 0.08476 0.00714616 -0.0130225 -0.0426525
internal_weight=4.06278e+06 2.78561e+06 1.27716e+06 877598 399565 1.34025e+06 1.44537e+06 447492 357409 340337 430682 685150 567108 335430 430106 655098 303628 925071 209763 312309 251266 310186 169410 138647 28991.9 79203.7 575895 227220 520295 390081 614885 223151 230331 16810 199775 185814 391734 192719 14486.7 312664 357345 144887 216931 11164.9 309857 173309 107945 173662 118043 5892.53 127482 2744.53 195103 23121 42156.5 262059 14065.5 6827.71 660.663 6167.04 203563 95252.1
internal_count=3280797 1176768 2104029 1625995 478034 878839 297929 997794 460050 426655 977598 514528 446911 737793 628201 364311 366597 242170 194861 700555 290311 105017 61792 333874 14155 28817 335494 270277 55759 229676 137153 45649 296909 20196 331292 105818 91504 177201 7634 191578 252050 136403 282645 20542 23701 196734 19282 366681 67617 2910 313332 4590 325472 37238 17984 195593 15606 7216 498 6718 263942 239805
cat_boundaries=0 95 190 253 345 437 532 626 703 798 890 985 1080 1172 1264 1357 1453 1549 1644 1739 1831 1923 2018 2114 2206 2302 2303 2398 2399 2492 2576 2671 2767 2768 2857 2858 2946 2947 3037
cat_threshold=0 0 0 0 0 0 0 4259840 16384 0 4096 0 0 0 0 0 0 0 0 0 2048 0 2 1048576 0 0 0 0 0 0 16 0 0 0 0 0 0 0 0 0 0 0 0 0 0 0 0 0 0 0 0 0 0 0 32 0 0 0 4194304 128 2048 4 0 0 0 0 0 128 0 0 0 33554432 0 4416 0 0 0 0 512 67108864 1024 4 8192 0 0 0 0 1048576 68 0 0 80 2097152 268435456 8193 16384 0 0 0 0 0 0 0 16384 0 0 0 16777216 0 0 0 0 0 0 0 0 1024 0 0 0 2147483648 0 0 0 65536 16 0 0 0 8 0 0 0 0 0 0 0 0 0 0 0 0 0 0 0 0 0 0 0 0 0 512 0 4194304 128 0 4096 0 0 0 0 0 16777216 0 0 0 0 393216 4864 0 24576 0 0 512 0 2181039104 0 8192 268435456 0 0 0 1048576 68 4096 0 0 2097152 0 1 0 2148007936 0 0 0 16811008 0 0 0 1024 0 0 0 16513 6 134250496 65536 0 0 0 0 0 0 0 0 512 0 0 0 0 0 0 0 0 335806464 0 2097280 0 2360321 0 0 0 537919488 0 131072 32768 16 8256 0 0 0 0 0 0 0 0 0 0 0 0 0 0 32 0 1052672 65544 64 0 262144 524288 134217728 1026 0 0 4 0 65536 1073774592 2147483648 0 1024 0 0 0 0 0 8388608 0 0 0 0 0 0 0 0 8 0 0 2684354560 0 0 0 0 0 16777216 0 524288 2621440 524288 256 0 0 0 0 0 0 0 0 0 0 0 0 0 0 0 0 536870912 0 0 0 0 0 0 0 0 0 0 2 0 0 0 0 0 128 0 0 0 0 0 1048576 0 512 0 0 16777216 0 2148007936 0 0 0 0 4 0 0 2048 0 0 0 16385 2 32768 0 0 0 0 0 0 0 0 0 1024 0 0 0 16 0 0 0 0 67371008 0 134217728 0 2360320 0 0 0 536870912 0 0 524288 16 64 0 0 0 0 0 0 0 0 268435456 0 0 4 67584 0 32 536870912 0 0 0 0 0 0 0 0 8 0 128 0 0 0 0 0 16384 0 0 0 0 0 0 512 0 524288 0 16777216 16384 0 0 0 0 0 0 4194304 16384 0 4096 0 16777216 0 0 0 0 0 0 16 0 1024 33554432 0 0 0 0 1 0 0 16 0 0 0 0 0 0 0 0 0 0 0 0 0 0 0 0 0 0 0 0 0 0 536870912 0 0 512 512 64 0 2048 4 0 0 0 0 0 16777344 0 0 0 0 0 768 0 16384 0 0 512 0 1024 0 8192 128 0 0 0 1056768 0 4096 0 512 2097152 268435456 256 0 0 0 0 0 0 0 0 0 67108864 4096 0 0 0 0 0 0 8193 0 0 0 0 0 1048577 0 0 0 32768 0 0 0 0 0 0 0 0 0 0 0 0 0 0 0 0 0 0 0 0 0 2048 0 0 0 16384 1056 0 8 512 0 32768 64 0 0 0 0 8 0 0 16384 32768 0 33554432 0 64 0 0 2147483648 0 536870912 0 0 4 0 64 0 0 196640 8388608 0 536870912 268435456 16 0 268435456 1 1 0 0 0 0 0 1073741824 0 0 2048 0 0 0 0 0 0 270532608 0 0 1024 0 0 0 6291456 0 0 0 0 0 1073741824 0 8388608 0 2048 67108864 167772160 0 67633152 0 8 0 4096 0 268468228 2048 0 0 256 0 0 0 1048576 0 0 8 268435456 0 0 0 0 0 0 8 0 0 4098 0 0 0 0 0 0 0 0 8 32768 0 0 0 0 0 1024 0 0 0 0 4 0 0 134217728 1073741824 0 65536 0 0 0 0 0 2 0 0 0 0 0 0 0 0 0 0 524288 0 536870912 134217728 0 0 0 0 0 4096 0 2129920 0 33554432 64 268435968 0 4096 0 1048576 2147483648 32 0 0 0 4194304 132 0 0 0 4194304 0 0 2 0 0 0 0 33562624 0 0 0 0 0 0 0 0 16384 4 0 0 0 0 1048576 16 0 0 0 0 0 0 8192 16384 0 0 0 0 0 0 4194304 16384 67108864 4096 0 16777216 0 0 0 0 16777216 0 16 0 1024 0 0 0 1024 0 0 0 65536 16 33554432 8192 0 8 0 0 0 0 0 0 0 0 0 0 0 0 0 0 0 0 0 0 536887296 0 0 520 0 0 0 0 4 0 0 0 8 0 128 0 0 0 0 131080 320 0 0 512 0 0 0 0 0 0 0 0 0 0 1048576 64 1048576 0 576 0 0 0 0 0 0 0 0 0 0 0 262144 0 0 0 0 0 1 262144 0 2048 0 2 0 0 2147483648 0 0 0 0 0 0 0 0 0 0 0 0 0 0 0 0 0 0 0 0 0 0 268435968 10240 0 0 0 0 1024 0 0 0 4227072 32900 2048 0 0 0 0 0 0 0 0 0 0 33554432 262144 4096 0 0 0 8 512 0 0 8196 0 268435456 524288 0 0 512 4 0 0 0 2097152 268435456 8193 0 0 0 0 0 0 0 65536 0 0 0 0 0 0 0 0 0 0 0 0 0 524288 0 1048576 0 0 0 0 0 4 0 0 0 0 0 0 0 0 0 0 0 0 0 0 0 0 0 0 268435456 0 0 0 0 0 1024 0 0 0 4194304 132 2048 0 0 0 0 16777224 0 128 0 0 0 33554432 131072 4352 0 0 0 0 671089152 0 0 4 0 268435456 0 0 0 0 0 0 0 64 2097152 268435456 8193 0 0 16777216 0 16779264 0 2065 0 1 0 4 0 0 0 0 67108864 0 0 0 0 0 0 0 0 0 536870912 128 0 0 16 0 0 0 0 0 0 0 67108864 0 1048576 32768 0 0 0 0 16 33554440 0 268435456 0 0 0 0 536870912 0 0 0 0 0 0 65536 0 0 8192 0 0 0 8388608 0 0 1073741824 8192 0 0 0 0 0 0 67108864 0 541081600 0 1048576 0 0 0 0 0 0 8192 0 2097152 0 0 0 0 0 0 0 0 0 0 2 0 0 0 0 0 0 0 0 0 0 0 0 0 0 0 0 0 0 0 0 0 0 0 0 0 0 0 0 0 0 0 0 0 0 0 0 0 0 0 0 0 0 0 0 0 0 0 4194368 0 0 0 0 0 0 0 0 16777216 0 0 0 0 0 4416 0 0 0 0 512 67108864 0 0 0 0 0 0 0 0 0 4096 0 64 16384 0 0 0 0 0 0 4194304 16384 0 4096 0 16777216 0 0 0 0 8192 0 0 2048 0 0 0 0 2147483648 0 1 0 16384 16 33554432 268435456 0 0 0 0 0 0 0 0 0 0 0 0 0 0 0 268435456 0 0 0 0 536870912 1024 0 0 0 4194304 0 0 0 0 0 0 0 0 0 0 0 0 0 0 320 128 0 0 0 512 0 0 4 8192 0 0 0 0 546316288 0 1048576 0 592 2097152 0 0 0 0 0 0 0 0 0 0 0 0 0 0 0 0 0 0 0 0 0 0 0 0 0 0 0 0 0 0 0 0 0 0 0 0 0 0 0 0 0 0 0 0 0 0 0 0 0 0 0 0 0 0 0 8192 520 0 4194368 0 2048 4 0 0 0 8 0 16777344 16384 32768 0 33554432 0 768 0 16384 0 0 512 0 1024 8196 8192 268435456 0 0 0 1048576 0 536870912 0 0 2097152 268435456 8193 1 0 0 0 0 0 0 4 4259840 16384 0 4096 0 16777216 0 0 0 0 16785408 0 16 0 1024 0 0 0 0 0 32769 0 65536 0 0 0 0 0 0 0 0 0 0 0 0 0 0 0 0 0 0 4096 2048 0 0 0 0 0 0 0 8192 4194368 0 0 0 0 0 0 0 0 128 0 0 0 0 131072 256 0 16384 0 0 512 0 1024 0 8192 0 0 0 0 1056768 0 4096 0 16 0 268435456 256 1 0 0 0 0 0 0 4 4259840 16384 0 4096 0 0 0 0 0 0 8192 262144 16 0 0 0 0 0 1024 0 0 0 65536 0 0 0 0 8 0 0 0 0 0 0 0 0 0 0 0 0 0 0 0 0 0 0 0 0 0 0 512 64 0 2048 4 0 0 0 0 0 16777216 0 0 0 33554432 0 4352 0 2147500032 0 0 0 0 1024 0 8192 64 0 0 0 537919488 68 536875008 0 16 0 0 256 0 0 0 0 0 0 0 0 0 0 0 0 0 0 0 0 0 0 0 0 0 0 0 0 0 0 0 0 0 0 16 0 0 0 0 0 0 0 0 0 0 0 0 0 0 0 0 0 268435456 0 0 0 0 0 0 8192 512 8704 4194368 132 67584 4 0 0 0 0 0 16777216 16384 0 0 0 0 768 0 16384 32768 8 512 0 0 4 8192 0 0 0 131072 1049088 4 4096 0 64 2097152 268435456 8192 16384 0 0 0 0 0 0 0 16384 67108864 4096 0 0 0 0 0 0 0 32 16 2052 0 33554432 0 0 2147483648 0 32768 0 4 16 33554432 268435456 0 8 0 0 0 0 0 0 0 0 0 0 0 0 0 0 0 0 0 0 536870912 0 0 0 0 4194304 0 2048 0 0 0 0 0 0 0 0 0 0 33554432 0 4352 0 0 512 0 134218240 0 2147483648 8192 0 0 0 0 0 0 68 1048576 0 576 0 0 16777216 0 2097152 16384 0 0 1 67108864 2 0 0 0 0 0 0 16777216 0 0 0 8388608 0 8388608 0 1024 0 32768 0 4 0 33554432 0 0 8 0 33554432 0 0 0 0 0 0 0 268435456 0 0 0 0 0 0 0 0 0 262144 0 0 8192 0 0 0 0 0 8192 0 8 0 0 0 0 0 0 131080 0 0 0 512 0 0 0 2181038208 134217728 2048 64 0 0 32 0 64 0 0 16 0 0 0 0 0 0 0 65536 0 67108864 2 0 0 0 0 0 0 16777216 0 16 0 1024 33554434 1048576 0 1024 0 0 0 65540 0 0 0 0 8 0 0 0 0 0 0 0 0 0 0 0 0 0 0 8192 0 0 0 0 32 0 0 0 0 0 2048 4 0 0 0 0 0 0 0 0 0 0 0 4608 2 0 512 0 0 67108864 2147484672 8192 0 268435584 524288 0 0 0 4 4096 0 0 0 268435456 256 0 0 0 0 0 0 0 65536 0 0 0 0 0 0 0 0 0 16777216 0 0 2048 0 2 0 0 2147484672 0 0 0 65536 0 33554432 0 0 0 0 0 0 0 0 0 0 0 0 0 0 0 0 0 0 0 0 0 0 1056 0 0 0 4227072 128 0 0 0 0 0 0 0 0 16384 0 0 33554432 0 4160 128 0 0 0 134217728 0 0 8192 0 268435456 524288 0 131072 536870912 68 537919488 0 16 0 0 8193 1 0 0 0 0 0 33792 0 134217728 0 0 0 0 0 134299776 32770 134217728 65536 1024 0 0 2048 0 2 8388608 0 512 0 0 0 0 16 0 0 0 262144 0 0 0 0 0 0 0 0 0 0 557056 256 64 512 0 4096 0 1048576 0 0 0 0 0 0 4 0 0 0 4194304 0 0 2 0 0 0 0 0 0 0 0 0 0 0 0 0 16512 0 0 0 0 0 1048576 0 0 0 0 16777216 0 0 536870912 0 0 268435456 0 65536 0 0 8388608 262144 0 0 0 0 0 16777216 32 0 2048 0 8388610 0 0 0 1024 0 0 16388 0 33554432 268443648 268435456 0 0 0 0 0 1048576 0 0 0 0 0 0 0 0 0 0 4096 0 0 2147483648 0 0 0 8192 536903680 0 0 4 0 0 0 0 0 0 0 0 0 134217728 0 0 0 2147483648 0 0 0 67108864 0 0 0 0 524288 0 0 536879104 0 0 0 0 0 0 8192 1 772 0 1052672 8 0 0 17073152 524288 0 1024 1024 2048 0 0 128 32772 134217728 65536 1024 0 0 0 0 2 8388608 0 0 0 0 0 0 0 0 0 0 268435456 0 2097280 0 1 0 0 0 1052672 524288 2621440 32768 0 8192 0 0 0 0 0 0 0 0 0 0 0 0 0 0 0 0 0 0 0 0 0 0 0 0 0 0 0 0 0 0 0 0 0 0 0 0 0 0 0 0 512 0 0 0 0 0 8192 4 16384 0 0 0 0 0 0 4194304 0 0 4096 0 0 0 0 0 0 0 0 0 0 0 0 0 0 0 0 0 0 0 0 0 0 0 0 0 0 0 0 0 0 0 0 0 0 0 0 0 0 0 0 0 0 0 0 0 0 0 0 0 0 0 0 0 0 0 0 0 0 0 0 0 0 768 0 0 0 0 512 0 0 0 8192 0 0 0 0 1048576 0 4096 0 0 2097152 0 0 65544 0 16777216 268436480 1 134217728 1024 2 0 0 0 65664 1073741824 0 0 2097152 0 0 1024 0 0 0 0 536870912 0 0 0 0 0 0 268443648 0 268435456 0 128 0 0 0 0 0 0 0 2621440 0 0 8192 0 262144 0 64 0 536871040 0 0 0 0 0 0 0 0 0 0 0 0 4096 0 0 0 0 16384 0 0 2 0 0 0 67108864 0 0 0 2048 1048576 0 0 0 0 0 0 0 0 16384 0 0 0 16777216 0 0 0 0 0 0 0 0 0 0 0 0 0 0 0 0 0 0 0 0 0 0 0 0 0 0 0 0 0 0 0 0 0 0 0 0 0 0 0 0 0 0 0 0 0 4194304 0 0 0 0 0 0 0 0 0 0 0 0 0 0 256 0 0 0 0 512 0 1024 0 0 0 0 0 0 0 0 4096 0 0 0 0 1 16384 0 0 0 0 0 0 0 0 0 0 0 16777216 0 0 0 0 16777217 0 0 0 1024 8388608 0 0 0 1024 32768 0 4 0 0 0 0 0 0 0 0 0 0 0 0 0 0 0 0 0 0 4096 264192 0 0 0 0 1056 8192 8 0 4227072 128 0 0 0 0 0 8 0 0 16384 0 0 0 393216 64 0 8192 0 0 134217728 0 0 8192 0 0 0 0 131072 8192 0 0 0 0 2097152 268435456 0 1 805 0 0 0 0 0 268451840 4 0 0 67108864 0 262144 0 0 0 0 0 8192 0 0 0 524288 0 1048576 0 0 1024 32768 0 16388 0 0 0 0 8 0 0 0 0 0 0 0 0 0 0 0 0 0 0 2048 0 0 0 2147483648 0 8192 0 8192 536870912 4 0 0 0 0 0 8 0 0 0 32768 0 0 262152 0 2 0 33280 0 536870912 67108864 2147483648 0 0 0 0 0 32 8388608 512 781 16384 0 0 0 0 0 0 0 0 0 0 0 0 0 0 0 0 0 0 0 0 0 0 0 0 0 0 0 0 0 0 0 0 0 0 0 0 0 0 0 0 0 0 0 0 0 0 0 0 0 0 0 0 0 0 0 0 0 0 0 0 0 0 0 0 0 0 0 0 0 0 0 0 256 0 0 0 0 0 0 0 0 8192 0 0 0 0 1048576 513 0 0 0 0 0 0 0 0 16384 0 0 0 16777216 0 0 0 0 0 0 0 0 0 0 0 0 0 0 0 0 65536 0 0 0 0 0 0 0 0 0 0 0 0 0 0 0 0 0 0 0 0 0 0 0 0 0 0 0 0 4194304 0 0 0 0 0 0 0 0 0 0 0 0 0 262144 512 0 24576 0 0 512 0 0 0 0 0 0 0 0 0 4 4096
is_linear=0
shrinkage=0.05


Tree=29
num_leaves=63
num_cat=35
split_feature=10 8 11 0 0 7 6 6 6 10 10 0 11 0 0 6 6 10 15 0 0 0 10 0 0 19 0 0 3 0 17 0 8 0 0 0 0 0 0 7 11 3 0 0 15 0 15 19 0 15 0 3 11 0 0 19 0 0 0 0 0 15
split_gain=253449 38370.9 23985.3 19574 8467.79 7414.71 6413.55 6152 4844.78 3197 2979.15 2552.85 3129.05 2184.85 2037.84 2000.17 1952.68 1917.87 1371.93 1345.06 1305.54 1247.32 1139.02 1105.81 1071.24 1041.87 1304.3 1021.5 1000.3 1117.01 1055.11 982.35 978.299 974.931 936.847 914.394 893.894 883.596 850.367 835.506 827.06 798.789 788.906 743.856 727.879 716.46 707.406 701.34 690.579 675.803 669.732 657.975 637.316 633.56 628.362 606.58 630.608 581.349 577.836 561 558.248 557.01
threshold=0.8392857313156129 2.928571462631226 0.62518742680549633 0 1 11.500000000000002 1.0000000180025095e-35 2.5000000000000004 1.5000000000000002 1.553571403026581 1.0000000180025095e-35 2 0.3671564012765885 3 4 8.5000000000000018 4.5000000000000009 0.51785713434219371 3.5000000000000004 5 6 7 0.089285716414451613 8 9 1.0000000180025095e-35 10 11 12 13 28.500000000000004 14 0.21428572386503222 15 16 17 18 19 20 41.500000000000007 9.9437570571899432 21 22 23 4.5000000000000009 24 4.5000000000000009 1.0000000180025095e-35 25 3.5000000000000004 26 27 16.665846824646 28 29 1.0000000180025095e-35 30 31 32 33 34 4.5000000000000009
decision_type=2 2 2 9 9 2 2 2 2 2 2 9 2 9 9 2 2 2 2 9 9 9 2 9 9 2 9 9 1 9 2 9 2 9 9 9 9 9 9 2 2 1 9 9 2 9 2 2 9 2 9 1 2 9 9 2 9 9 9 9 9 2
left_child=2 7 3 28 22 16 11 9 13 18 48 51 20 -4 -10 36 23 21 50 40 -13 -15 -5 -3 -12 53 41 39 29 30 -1 -17 34 -16 -21 -23 -9 -22 52 61 -11 -27 -20 -14 60 -26 -37 -34 -8 -38 -2 -6 -18 -25 -44 -40 -57 -39 -49 -35 -19 -7
right_child=1 5 8 4 6 27 10 15 14 19 24 12 43 17 33 31 38 44 42 32 37 35 -24 25 45 26 -28 -29 -30 -31 -32 -33 47 59 -36 46 49 57 55 -41 -42 -43 54 -45 -46 -47 -48 58 -50 -51 -52 -53 -54 -55 -56 56 -58 -59 -60 -61 -62 -63
leaf_value=0.046704421455421349 0.0007787638090051589 -0.010006271120471512 0.0019932325944508576 -0.044083188952410535 0.0076331620333060304 0.015973162667185827 0.021228431098659652 0.010217256771588135 0.021073480474368071 0.0066101089516012084 0.0083922491817337592 -0.041560052453471691 -0.030316541258620988 -0.0036522452179815895 0.010263553181314123 0.027703614074222407 0.014409172020647398 -0.005379865229326544 0.0081019931397080421 0.012593033337705985 -0.019258209634812652 -0.029918700385791797 -0.034780141917860871 0.0097332871026994602 -0.028628027372887777 0.027534415267887382 0.0089166956361360333 0.011806094379564695 -0.00017197894259551478 0.0073125423230526844 -0.0078077647988673178 0.010113069527794246 -0.00060601742109964044 0.0040013497129807512 -0.025916653778578574 -0.020262777625624617 0.0012570117910883282 -0.025774601907904222 0.0093079417449109785 0.022561024974536763 0.032541522765361618 0.014180464621494294 -0.017090199018951559 -0.022706845805502373 -0.0076485688380900493 -0.016672350067623506 -0.013205752369704962 0.010849377422356475 -0.0011672684796255274 0.0065001275599404981 -0.0072832520068253914 -0.015427737068321691 0.032113350329384303 0.0051052738558039204 -0.0013756651555165854 0.020530546987118457 0.011594027270977131 -0.034608469908427739 0.0022245000071197119 -0.0078827583429765501 -0.014439482628423747 0.019960685591779326
leaf_weight=4057.6734927892685 29045.901701152325 8100.382151722908 20578.02970635891 67429.496176868677 3740.9101055562496 241463.00906682014 4568.7153641581535 77723.699042618275 9033.8297032117844 87045.710377812386 3673.535389572382 42666.770305454731 42385.987951487303 13604.257501393557 10592.203266680241 15471.321410059929 240447.24433791637 19018.745530605316 21871.427188634872 2105.8731743693352 13433.849895656109 18473.375565230846 64254.175151050091 118224.19525253773 16055.962914198637 15772.022135913372 138927.84695804119 65057.380193531513 25850.651804685593 13106.435640633106 1136.2302034497261 16371.557037949562 206148.3090031743 11844.165297985077 6273.53816229105 121222.4215169549 114585.86430156231 23609.339665412903 208940.01271235943 99831.00939822197 3187.4520907402039 38982.214414298534 6594.738294005394 136008.65140447021 75001.346911907196 58029.236080080271 50223.895704507828 26344.400716423988 13868.615244805813 132554.2190836072 228095.1020834446 17788.503949135542 5193.0538556575775 197740.70792800188 172816.66229999065 27293.83038187027 71905.540573477745 94595.396262615919 73868.147529125214 61374.705554515123 163789.95736956596 137420.74286091328
leaf_count=1149 23755 4647 20700 180043 5356 27348 3094 35711 4968 45061 3929 108834 87834 17935 8493 4069 46227 22088 16212 1384 25706 32926 148536 38743 30692 4649 49742 13725 21270 10191 813 6384 127808 11881 5451 195392 69396 52058 54937 4358 830 12271 6341 256721 87904 96433 76051 14977 15608 71929 216066 27898 434 76307 146942 6079 18863 228133 45577 72685 212877 15456
internal_value=-0.000320099 0.00788148 -0.0193655 -0.0259743 -0.0283303 0.0129366 -0.0251915 0.00118893 -0.0119346 -0.00109315 -0.013677 -0.028152 -0.0291722 -0.0139495 -0.00147608 0.00671262 0.0105234 -0.0146604 -0.00395281 0.00214395 -0.0339375 -0.0182891 -0.0395408 0.00831596 -0.0179616 0.0086072 0.0114948 0.017692 0.0061617 0.0151037 0.0347124 0.0186716 0.000600915 -0.00390871 -0.0162545 -0.0193363 0.00554042 -0.0314613 0.0125873 0.0184913 0.00752529 0.0180314 -0.0008612 -0.0245179 -0.0117963 -0.0192669 -0.0181944 0.00106195 0.0043932 0.00406901 -0.00637284 -0.011419 0.0147829 0.0068374 -0.00195421 0.0108362 0.0140561 -0.0328464 0.00449316 -0.00596006 -0.013498 0.0174194
internal_weight=4.05642e+06 2.8354e+06 1.22102e+06 646260 602109 1.6153e+06 470425 1.2201e+06 574757 863397 96196.1 374229 352700 481912 92844.9 356707 1.07153e+06 461334 458424 404973 174305 203524 131684 517747 77758.7 509647 193682 543772 44151 18300.3 5193.9 31842.9 314740 83811.1 8379.41 189920 324864 131639 553780 478715 90233.2 54754.2 201283 178395 257810 74085.2 171446 306361 18437.3 247140 257141 21529.4 245640 315965 179411 308139 99199.4 118205 100213 73218.9 182809 378884
internal_count=3279877 1211679 2068198 1304298 1270875 373786 942296 837893 763900 650404 149756 792540 759286 665873 98027 187489 312899 645173 409316 241088 414731 322304 328579 186359 131054 181712 66662 60887 33423 12153 1962 10453 195197 93059 6835 304369 177036 305897 126540 47162 45891 16920 169495 344555 322869 127125 271443 188362 18702 141325 239821 33254 46661 115050 153283 79879 24942 280191 60554 84566 234965 42804
cat_boundaries=0 95 187 282 377 472 568 656 752 839 930 1023 1118 1119 1207 1302 1397 1487 1574 1669 1761 1856 1857 1952 2041 2130 2225 2320 2321 2413 2505 2600 2688 2783 2879 2975
cat_threshold=16384 0 0 0 0 0 0 0 16384 0 0 0 0 0 0 0 0 0 0 0 2048 1024 0 1048576 0 2147483648 0 0 0 65536 16 0 0 0 0 0 0 0 0 0 0 0 0 0 0 0 0 0 0 0 0 0 0 0 0 0 512 0 4194304 128 0 4096 0 0 0 0 0 0 16384 0 0 33554432 0 4864 0 16384 0 0 512 0 33555456 4 8192 268435456 0 0 0 1048576 68 4096 0 16 2097152 268435456 1 0 2148007936 0 0 0 16778240 0 0 0 0 0 0 0 16513 6 134250496 65536 0 0 0 0 0 0 8388608 0 0 0 0 0 0 0 0 0 0 335806464 0 134217856 0 2360321 0 0 0 536870912 0 524288 524288 16 8256 0 0 0 0 0 0 0 0 0 0 0 0 0 0 32 536870912 0 0 0 0 0 0 0 0 0 0 0 0 0 0 0 0 16384 0 0 0 0 0 0 0 0 0 0 16777216 0 0 0 0 0 0 0 4194304 0 67108864 2 0 16777216 0 0 0 0 8192 0 0 0 0 0 1 0 0 0 32768 0 4 0 0 0 0 8 0 0 0 0 0 0 0 0 0 0 0 0 0 4096 2048 0 0 0 0 32 0 8 512 64 32768 0 0 0 0 0 0 0 16777216 0 32768 0 0 393216 64 0 8192 2147483648 0 536870912 0 2147483648 0 0 0 0 0 196640 8388608 0 536870912 268435456 0 0 0 8192 16384 0 0 0 0 0 0 4259840 16384 0 4096 0 0 0 0 0 0 8192 262144 0 0 1024 0 0 0 0 0 32768 0 65536 0 0 0 0 8 0 0 0 0 0 0 0 0 0 0 0 0 0 4096 0 0 0 0 0 0 0 0 8192 4194304 0 2048 4 0 0 0 0 0 16777216 0 0 0 0 131072 4352 0 16384 0 0 512 0 1024 0 8192 192 0 0 0 1048576 64 4096 0 0 2097152 268435456 256 0 0 0 0 0 0 0 4259840 0 0 4096 0 0 0 0 0 0 0 0 0 2048 0 2 1048576 0 0 0 0 0 16384 16 0 0 0 0 0 0 0 0 0 0 0 0 0 0 0 0 0 0 2048 0 0 0 0 0 0 512 0 4194368 128 2048 4 0 0 0 0 0 128 0 0 0 33554432 0 320 0 0 0 0 134218240 0 1024 4 8192 0 0 0 0 537927680 4 1048576 0 0 2097152 268435456 8192 16384 0 0 268435456 0 16384 0 4194304 16385 67108864 4096 0 16777216 0 0 0 0 0 0 16 0 0 0 0 0 1024 0 1 0 4 16 33554432 0 0 0 0 33554432 0 0 0 8 0 0 0 0 0 0 0 0 0 0 0 67108864 16384 0 0 0 512 0 0 0 0 0 0 0 0 0 16777344 0 0 0 0 0 256 0 16384 32768 0 0 0 0 0 8192 0 0 0 0 1048576 0 4096 0 576 2097152 0 0 1 0 0 65544 0 16777216 0 5 134217728 1024 2048 0 0 0 65536 0 0 0 2097152 262144 0 1024 0 0 0 0 536871936 0 0 0 16 0 0 0 0 0 2147483648 2097152 0 0 0 0 16777216 1048576 0 2097152 0 0 0 0 262144 0 64 0 536871040 0 0 268435456 0 0 4 65536 0 0 0 0 0 4096 0 0 0 0 0 8 0 128 0 0 0 67108864 0 0 0 0 0 0 0 0 512 0 0 0 0 0 0 4 0 0 0 0 262144 16777216 0 0 0 0 16777216 0 0 0 0 33554432 1048576 0 1024 1024 0 0 16384 0 0 0 0 0 0 0 0 0 0 0 0 0 0 0 0 0 0 0 262144 0 0 0 0 1056 8192 520 0 536903744 32896 0 0 0 0 0 0 0 0 0 0 0 0 262144 0 0 2147483648 0 0 536870912 67108864 2147483648 0 0 0 0 0 131072 536871424 4 536870912 0 0 0 0 8192 1 0 0 16777216 268435456 2097216 0 2048 0 1 0 4 0 0 142606336 0 0 0 8193 0 0 0 0 8388608 1 0 0 1024 0 0 0 0 0 0 524288 0 0 0 0 0 0 0 0 0 0 0 0 0 0 4096 262144 0 68 0 0 2048 10 0 0 0 4 64 4096 0 4194304 0 0 0 0 0 0 0 33570816 0 0 0 8192 2147483648 0 0 0 33554432 0 0 0 0 0 65536 0 0 0 0 0 0 4 65536 0 0 8388608 262144 16777216 0 0 0 0 8192 0 16 0 8388608 0 0 0 1024 1024 0 0 0 0 0 0 268435456 0 0 0 0 0 0 0 0 0 0 0 0 0 0 4096 2048 0 0 0 0 1056 2 0 0 64 0 0 4 0 0 0 16777224 0 0 0 0 0 0 0 64 128 0 0 0 134217728 67108864 0 0 0 128 0 0 32 545259520 0 538443776 268435456 0 0 0 0 0 0 0 0 0 8 0 0 0 0 0 0 0 0 0 0 0 0 0 0 0 0 0 0 0 0 0 0 8192 0 0 0 0 0 0 0 0 0 0 0 0 0 0 0 268435456 0 0 0 0 0 8192 8192 8389128 0 541098048 0 2048 4 0 0 0 8 0 16777344 16384 0 0 134217728 8 768 0 2147500032 32768 8 0 0 1024 4 0 0 0 0 0 1048576 0 536870912 0 0 2097152 0 0 0 0 0 0 0 0 0 0 4098 0 0 0 0 0 0 16777216 0 0 0 0 33554432 0 0 1024 0 0 0 4 16 33554432 0 0 0 0 0 0 0 0 0 0 0 0 0 0 0 0 0 0 0 0 0 0 0 8192 512 0 4194368 0 2048 0 0 0 0 0 0 128 16384 0 0 33554432 0 320 0 0 0 0 134218240 0 2147483648 0 8192 0 0 0 0 1048576 4 4096 0 576 2097152 0 8449 773 16384 0 0 0 0 0 0 0 0 0 0 0 0 0 0 0 0 0 0 0 0 0 0 0 0 0 0 0 0 65536 0 0 0 0 0 0 0 0 0 0 0 0 0 0 0 0 0 0 0 0 0 0 0 0 0 0 0 0 0 0 0 0 0 0 0 0 0 0 0 0 0 0 0 768 0 0 0 0 512 0 0 0 0 0 0 0 0 1048576 0 0 0 0 0 0 0 65536 0 0 4096 0 0 0 0 0 0 16785408 0 16 2048 0 33554432 0 0 2147483648 0 32768 0 81924 0 33554432 0 0 0 0 0 0 0 0 0 0 0 0 268435456 0 0 0 0 0 0 0 0 0 1024 0 0 0 4227072 0 2048 0 0 0 0 0 0 0 0 0 0 0 0 320 0 0 0 0 134218240 0 0 0 0 268435456 0 0 0 1056768 4 1052672 0 64 2097152 268435456 8192 16384 0 0 0 0 0 0 0 16384 0 0 0 16777216 0 0 0 0 0 0 16 4 0 33554432 0 0 2147483648 0 32768 0 65536 0 0 0 268959744 0 0 0 0 0 0 0 0 0 0 0 0 0 0 0 0 0 0 0 0 1056 8192 0 8192 536870912 0 0 0 0 0 0 8 0 0 0 0 0 0 0 4608 128 16384 0 0 0 67108864 2147483648 8192 0 268435520 0 0 0 0 64 536875008 0 80 0 0 1 0 0 0 0 0 0 0 0 0 0 0 0 0 0 0 0 0 1 262176 0 0 8388608 33554432 0 0 0 1024 33587200 0 81920 0 0 0 0 0 0 0 0 0 0 0 0 0 0 0 0 0 0 4096 10240 0 0 0 0 262144 0 0 8192 64 0 0 0 0 0 0 8 0 0 0 0 0 0 131072 0 0 2147483648 0 0 671088640 67108864 2147484672 0 0 0 0 0 0 8397312 0 537919488 0 524288 16842752 0 0 17040384 0 134217728 0 0 0 0 0 82049 32770 134250496 65536 1024 0 0 0 0 0 8388608 0 512 0 0 0 0 0 0 0 0 67108864 0 134217856 0 262144 0 0 0 536875008 0 2097152 524288 16 8192 0 0 0 0 0 0 0 0 0 0 0 0 0 0 32 0 0 0 0 0 0 0 0 0 0 0 0 0 0 0 0 0 16384 0 0 0 0 0 1048576 0 0 0 0 0 0 0 4194304 16384 0 0 0 0 0 0 0 0 8192 0 16 0 0 0 0 0 2147483648 0 0 0 81920 16 0 268435456 0 0 0 0 0 0 0 0 0 0 0 268435456 0 0 0 0 0 0 0 0 0 1024 0 0 0 4194304 0 0 0 0 0 0 0 0 128 0 0 0 0 0 4416 0 0 0 0 512 67108864 0 8196 8192 128 524288 0 0 546308096 4 1048576 0 528 2097152 0 256 0 0 553648128 268435456 0 0 0 0 0 0 8392704 262144 0 0 0 0 0 16777216 32 0 4 524288 41943040 0 0 4096 1024 0 0 16384 0 0 0 268435456 0 0 33554432 0 0 0 0 0 0 0 0 0 0 0 0 0 0 0 0 2147483648 1024 0 0 0 32768 0 64 4 0 0 0 16777216 2 8388608 0 0 1073741824 134225920 0 0 0 0 0 0 134217728 0 0 0 0 64 0 0 0 0 0 8192 0 2097152 0 0 0 0 0 0 0 4194304 16384 0 2 0 0 0 0 0 0 16777216 0 0 4 0 0 0 0 0 0 0 0 65536 16 0 0 0 0 0 0 0 0 0 0 0 0 0 268435456 0 0 0 0 0 0 0 0 0 1024 0 0 0 4194304 128 2048 0 0 0 0 0 0 0 0 0 0 0 0 4352 0 0 0 0 512 0 0 4 0 0 0 0 0 0 4 0 268435456 576 2097152 0 8192 768 0 0 16777216 0 0 0 0 65536 0 0 4096 0 16777216 0 0 0 0 0 262144 0 0 1024 0 0 0 0 0 33554433 0 0 16 33554432 0 0 0 0 0 0 67108864 0 0 0 0 0 0 0 0 0 0 0 0 0 0 0 0 0 512 0 0 0 2048 4 0 0 0 0 0 128 0 0 0 33554432 262144 768 0 0 0 0 134217728 0 2147484672 8192 8192 0 0 0 0 537919488 4 1052672 0 512 0 268435456 256 0 1052673 0 64 0 294912 524288 0 1024 1024 2048 0 0 65536 32768 2147483648 0 2098176 0 0 0 0 2 0 0 512 0 0 0 0 0 0 0 0 0 2147483648 2097152 67108864 0 0 0 0 1052672 524288 2129920 32768 256 0 0 0 0 0 0 0 0 0 268435456 8192 0 4 0 0 0 0 0 0 0 0 0 0 0 0 0 0 0 0 0 0 0 0 0 0 0 0 0 0 1048576 0 512 0 1052672 0 64 0 294912 524288 0 2 1024 0 4 0 65536 1073741824 0 0 1024 0 0 0 0 0 0 2097152 512 0 0 0 0 0 0 8388608 0 0 2147483648 2097152 0 67108864 0 8 16777216 1048576 524288 163840 32768 0 0 0 0 0 0 0 128 262144 0 0 0 0 0 0 0 0 8192 0 0 4096 0 0 0 0 0 0 0 0 0 0 0 0 0 128 0 0 0 0 0 1048576 0 512 0 0 16777216 0 65536 268435456 2048 0 0 8 4098 262144 16777216 0 0 0 0 16777216 0 0 0 524288 8388608 0 0 0 0 0 0 4 0 33554432 268435456 0 0 0 0 0 0 0 0 0 0 0 0 16 0 0 512 8192 0 0 0 128 262144 0 0 0 32768 32768 2048 0 0 0 0 0 0 0 0 0 0 0 8 64 128 0 512 0 134217728 0 0 0 2048 0 0 0 65536 8192 0 0 0 0 0 0 8192 16384 0 0 0 0 0 0 0 0 0 4096 0 0 0 0 0 0 8192 0 0 0 0 33554432 0 0 0 0 0 0 16384 16 33554432 0 0 0 0 0 0 0 0 0 0 0 0 0 0 0 0 0 0 0 0 0 0 0 0 512 8192 4194368 0 0 4 0 8192 0 0 0 0 16384 0 0 0 0 512 2 0 512 0 134218240 67108864 1024 0 8192 268435584 0 0 131072 1049088 0 536875008 0 512 0 268435456 256 260 16384 0 0 0 0 16384 4 4194304 16384 67108864 4098 0 0 0 0 0 0 16777216 0 0 2052 0 33554432 0 0 0 0 0 0 16388 16 0 0 268435456 8 0 0 0 0 0 0 0 0 0 0 0 0 0 0 0 0 0 0 536870912 0 0 512 8192 0 0 2048 0 0 0 0 0 0 128 0 0 0 0 0 256 128 0 512 0 512 0 0 134217728 1048576 0 0 0 0 8192 64 0 0 576 0 1048576 0 0 0 0 0 134217728 0 0 4 0 0 134283264 1073774592 0 65536 0 0 0 0 0 0 0 2097152 0 0 0 0 0 0 0 8 0 0 0 134217728 0 0 0 0 0 4096 0 2097152 0 33554432 0 268436224 0 4096 0 1048576 128 0 0 0 0 0 4 0 0 0 4194304 0 0 4098 8388608 0 0 0 0 0 0 0 8 0 0 512 0 16384 4 0 0 0 0 1048576 0 0 0 0 18874368 0 0 0 0 0 0 0 0 0 0 0 262144 0 0 0 0 0 0 262144 0 0 0 0 0 0 0 0 0 0 0 0 0 0 0 0 0 0 0 0 0 0 0 0 0 0 0 0 0 0 0 0 0 0 0 0 8192 0 0 536870976 0 0 0 0 0 0 8 0 16777344 16384 0 0 0 0 0 0 16384 0 0 536870912 0 1024 0 0 268435456 0 0 0 1048576 0 536875008 0 0 0 268435456 1 0 0 0 0 65600 0 0 65536 0 0 0 0 0 8388608 0 0 0 1 0 0 0 0 2 32 0 0 128 0 0 0 0 33554432 131072 0 0 0 0 0 0 1048576 32768 0 0 0 0 16 33554432 0 512 8192 4096 0 0 16384 10240 8 8388608 0 0 0 0 0 0 4194304 0 8 0 0 0 0 0 0 0 0 0 8 32768 0 0 67108864 541065216 134217728 0 0 0 0 0 536879104 0 0 0 0 0 0 0 0 0 0 0 0 0 0 0 0 0 0 0 0 2052 0 0 0 0 0 0 0 0 0 0 0 0 0 0 0 0 67108864 0 0 0 0 0 0 0 0 0 0 0 262144 0 0 0 536870912 0 8194 8389128 8192 64 0 64 4 0 0 0 0 0 0 16384 0 0 134217728 8 512 0 2147483648 0 8 536871424 0 1024 134217728 2048 192 0 0 131072 0 64 0 0 16 0 268435456 1 0 0 0 0 2097152 268435456 0 0 0 0 0 0 0 16384 0 0 0 16785409 0 0 0 8388608 0 0 0 536871936 1024 1 0 0 0 0 0 0 8 0 0 0 0 0 0 0 0 0 0 0 0 0 0 0 0 0 0 2147483648 0 0 0 512 32768 32772 0 0 0 0 0 16777216 0 16777216 16384 32768 0 0 262152 0 0 0 512 0 536870912 0 0 0 0 128 0 0 131104 0 0 524288 0 512 0 0 256 1 0 0 0 0 0 268713984 4 0 0 0 0 262144 0 0 0 0 0 16777217 0 16 0 0 0 0 0 0 0 33554433 0 0 0 33554432 0 0 0 0 0 0 0 0 0 0 0 0 0 0 0 0 0 2048 0 0 0 0 1024 0 0 512 0 0 0 0 0 0 0 0 0 128 0 0 0 0 0 64 128 0 512 0 134217728 0 2147483648 4 0 268435456 0 0 131104 8389120 0 537919488 268435456 528 0 0 0 1
is_linear=0
shrinkage=0.05


Tree=30
num_leaves=63
num_cat=10
split_feature=10 8 5 10 5 5 5 10 1 1 10 8 10 10 5 15 7 12 16 15 10 3 8 12 5 8 12 5 10 19 3 15 19 10 17 1 17 12 1 3 11 19 8 5 10 8 15 15 12 19 15 15 3 17 17 12 18 17 12 17 3 3
split_gain=232664 36276.9 27067.3 19138.2 6800.66 6615.36 5842.94 3520.66 2658.28 2600.1 2036.69 1943.43 1828.34 1633.34 1618.83 1610.47 1513.32 1401.34 1240.77 1222.69 1216.53 1212.88 1157.77 976.334 928.763 801.123 782.222 769.517 738.407 720.199 712.35 688.289 667.162 659.95 643.416 620.959 1031.68 618.905 1500.27 611.842 586.958 564.084 506.469 500.835 496.547 494.46 483.341 481.428 463.207 460.953 452.643 448.217 432.496 418.768 667.859 493.331 441.119 619.267 1067.03 603.129 415.619 412.257
threshold=0.80357143282890331 2.7857142686843877 1.0000000180025095e-35 0.26785714924335485 2.5000000000000004 8.5000000000000018 3.5000000000000004 1.3392856717109682 0 1 0.12500000372529033 0.35714286565780645 0.48214285075664526 0.33928571641445165 5.5000000000000009 3.5000000000000004 20.500000000000004 1.4650000333786013 1.0000000180025095e-35 3.5000000000000004 1.0000000180025095e-35 2 1.0000000180025095e-35 0.73500001430511486 1.0000000180025095e-35 1.3571428656578066 5.4749999046325692 16.500000000000004 6.7678570747375497 1.0000000180025095e-35 3 4.5000000000000009 1.0000000180025095e-35 0.053571430966258056 10.500000000000002 4 3.5000000000000004 5.3250000476837167 5 6 0.66068443655967724 1.0000000180025095e-35 5.2142856121063241 1.0000000180025095e-35 4.7678570747375497 1.214285731315613 4.5000000000000009 4.5000000000000009 0.58499997854232799 1.0000000180025095e-35 3.5000000000000004 4.5000000000000009 7 41.500000000000007 37.500000000000007 1.185000002384186 6.5000000000000009 9.5000000000000018 1.3450000286102297 14.500000000000002 8 9
decision_type=2 2 2 2 2 2 2 2 1 1 2 2 2 2 2 2 2 2 2 2 2 1 2 2 2 2 2 2 2 2 1 2 2 2 2 1 2 2 1 1 2 2 2 2 2 2 2 2 2 2 2 2 1 2 2 2 2 2 2 2 1 1
left_child=2 6 3 8 9 15 7 18 17 20 23 44 31 -11 33 21 47 30 29 32 -4 41 26 34 -23 40 37 51 52 -2 48 -5 -9 -6 35 36 -10 61 39 -39 -22 -3 -26 -21 -8 -35 -14 -7 -1 -18 -15 -13 -17 54 56 -56 57 58 -50 -59 -29 -19
right_child=1 5 4 12 14 16 11 19 10 13 -12 27 46 50 -16 28 49 22 -20 43 25 24 -24 -25 42 -27 -28 60 -30 -31 -32 -33 -34 45 -36 -37 -38 38 -40 -41 -42 -43 -44 -45 -46 -47 -48 -49 53 -51 -52 -53 -54 -55 55 -57 -58 59 -60 -61 -62 -63
leaf_value=0.096589485768414932 -0.0081108439424382502 0.0090522919124967748 0.0060367223979339241 -0.021429915946551283 0.010181498665718712 0.012808007023190342 0.019789044240312317 -0.0019956668374893592 -0.033696546511131166 -0.023648315457785077 -0.029474040034607671 0.0041811103528572834 -0.014233116560389256 -0.015814594627629949 0.015850486133149752 0.012555066440302616 0.017187126125334757 -0.020955030388706882 -0.0003646441404733065 0.00089434726891179364 -0.014019134504752501 0.00082245222506925327 -0.021669872440256536 -0.039561961882119079 0.0054475525669913163 0.010286411840302687 -0.03856027980534623 0.038541798316289566 0.015470362590955414 -0.0027424073948780045 -0.019686182350106687 -0.014778250880090381 0.0028589885438000217 -0.0049632497196717903 -0.028817033559355394 -0.028873117840707719 0.073892369804244615 0.17922929045850455 -0.032824453001517061 0.041475709544403903 -0.0071474574317792654 0.015389440752225765 0.0093235209010390629 0.0056921749187867597 0.040285320084712396 0.012876697779767691 -0.0086257461803625774 0.016181055380344162 -0.041286224871780262 0.021606186371150585 -0.007465046854911896 0.0090243652700479765 0.0088397180485442102 -0.030050993616137951 0.027786792605767687 0.14532922338860463 -0.030388205009032349 0.074843494590561235 0.086507050998855903 0.0072257921789585754 0.011420182274373985 -0.030553571931768733
leaf_weight=135.4664803147316 189015.11425560713 91549.581627845764 15648.668818295002 139246.01248374581 12899.460370182991 293299.41286230087 12801.35128980875 222629.45666140318 356.87896475195885 51447.841687113047 103106.78793400526 113635.58790767193 139272.91628968716 33116.279314905405 25445.339104354382 145081.5457585454 156686.14361941814 13447.983787745237 125707.8936175704 79364.026228427887 45555.442314475775 67022.335740506649 49930.789044231176 139048.77419450879 179757.63908362389 5399.964386343956 25283.548458069563 2804.5814012289047 100271.04673993587 93316.943553447723 7492.6338591575623 53962.741909056902 103752.33645558357 33665.235784351826 5203.4336271286011 687.81387802958488 593.15725758671761 116.30205756425858 785.44516304135323 282.71437472105026 97769.2436221838 56965.135490179062 158681.02382194996 172877.57137864828 3841.7453458309174 4390.5990632772446 53075.977074325085 165464.23326396942 827.2220199406147 94664.280847549438 31836.664356023073 82415.372475862503 170981.87252366543 796.6277174949646 232.31854045391083 144.97015255689621 768.36673617362976 564.66815984249115 203.53365391492844 792.80934742093086 2893.9821888208389 73274.366373449564
leaf_count=67 185916 29676 14819 242388 7351 45673 5210 148161 580 97838 230254 57634 191071 45979 8242 49057 10086 29320 107417 53767 69848 28711 104073 375024 70797 4974 61909 437 18440 90547 11320 89124 67772 34006 10761 1567 644 72 1846 327 117276 16900 37221 95911 576 3162 67382 25195 995 5902 41166 36726 59255 1314 305 90 1073 364 119 906 741 164685
internal_value=-0.000300218 0.00731838 -0.0191408 -0.0241989 -0.00767515 0.0120659 0.000698011 -0.000939999 -0.0315288 -0.0112741 -0.0348517 0.00809828 -0.0161367 -0.0169919 0.00555106 0.00938216 0.0157331 -0.0267995 -0.00449668 0.00156814 -0.00722358 0.00761626 -0.0280122 -0.0386547 0.00619977 -0.00861931 -0.0308099 0.00674357 0.0117319 -0.00633646 -0.0102799 -0.0195721 -0.000452438 0.000407873 -0.0202142 0.00711673 0.0331281 -0.0285808 0.00731768 0.0850273 -0.00933161 0.0114822 0.00726485 0.00418261 0.0245202 -0.00290501 -0.0126858 0.0140246 0.00553271 0.0188514 -0.0117221 0.0062171 0.0105458 0.00269706 0.0100793 0.0729515 0.00256458 0.0131665 -0.0160521 0.0353526 0.0248559 -0.0290711
internal_weight=4.05229e+06 2.88548e+06 1.16681e+06 809634 357175 1.68042e+06 1.20506e+06 986663 424077 280774 248997 218393 385558 116401 76400.6 970310 710114 175080 408040 578623 164373 553976 163121 145890 405461 148725 113190 201750 416334 282332 11958.6 193209 326382 50955.3 6841.28 1637.85 950.036 87906.8 1184.46 399.016 143325 148515 338439 252242 16643.1 38055.8 192349 458764 4465.98 251350 64952.9 196051 316063 4330.52 3533.89 377.289 3156.6 2388.23 1030.76 1357.48 5698.56 86722.4
internal_count=3279969 1247728 2032241 1587580 444661 396913 850815 749491 997615 391900 618830 101324 589965 184983 52761 310057 86856 378785 383880 365611 206917 183305 362232 388576 136729 192098 258159 95538 126752 276463 16553 331512 215933 44519 13552 2791 1224 196250 2245 399 187124 46576 108018 149678 5786 37168 258453 70868 5233 15988 87145 94360 108312 5166 3852 395 3457 2384 1114 1270 1178 194005
cat_boundaries=0 1 2 3 4 5 6 7 8 9 10
cat_threshold=116 116 260 773 1 64 97 135 261 5
is_linear=0
shrinkage=0.05


Tree=31
num_leaves=63
num_cat=33
split_feature=10 10 0 6 10 0 6 6 6 0 11 8 0 0 0 10 0 0 0 0 15 0 0 0 15 6 0 0 0 6 6 6 19 0 8 0 0 0 18 0 0 0 15 0 15 0 10 0 0 0 0 8 15 0 0 9 8 0 12 18 18 0
split_gain=210829 31465.8 21799.2 15246.6 10875.8 9402.71 6187.28 4670.18 3513.39 3445.23 2711.26 2517.04 1944.36 1898.96 1700.9 1626.38 1605.75 1481 1379.67 1324.08 1305.4 1293.86 1285.92 1196.93 1158.13 1115.9 1085.19 987.839 984.115 928.338 900.218 872.973 861.215 842.605 828.284 819.879 780.501 760.711 736.786 736.449 716.793 712.808 693.592 665.864 658.698 638 625.407 665.618 620.456 616.488 588.096 537.998 532.017 504.557 495.606 492.33 845.378 491.401 491.025 1289.83 1012.11 800.095
threshold=0.80357143282890331 2.803571462631226 0 1.5000000000000002 0.33928571641445165 1 7.5000000000000009 1.5000000000000002 4.5000000000000009 2 0.3671564012765885 1.5000000000000002 3 4 5 0.12500000372529033 6 7 8 9 4.5000000000000009 10 11 12 3.5000000000000004 9.5000000000000018 13 14 15 29.500000000000004 2.5000000000000004 1.0000000180025095e-35 1.0000000180025095e-35 16 1.0000000180025095e-35 17 18 19 11.500000000000002 20 21 22 3.5000000000000004 23 4.5000000000000009 24 1.0000000180025095e-35 25 26 27 28 0.5000000149011613 4.5000000000000009 29 30 7.3159961700439462 3.928571462631226 31 1.185000002384186 2.5000000000000004 4.5000000000000009 32
decision_type=2 2 9 2 2 9 2 2 2 9 2 2 9 9 9 2 9 9 9 9 2 9 9 9 2 2 9 9 9 2 2 2 2 9 2 9 9 9 2 9 9 9 2 9 2 9 2 9 9 9 9 2 2 9 9 2 2 9 2 2 2 9
left_child=2 7 15 4 5 38 14 11 19 -7 13 18 25 -11 42 -1 -6 29 -2 -5 26 -15 -16 -12 45 -9 -18 55 -20 52 -24 46 -19 -25 37 -21 -28 -30 58 -26 -29 -36 -3 -34 -35 -14 47 -23 -37 -22 -33 -38 -8 -51 -10 -13 -57 -40 59 61 -61 -4
right_child=1 6 3 8 16 9 17 12 54 10 23 27 24 21 22 -17 20 32 28 35 49 31 30 33 39 -27 36 40 34 -31 -32 50 43 44 41 48 51 -39 57 -41 -42 -43 -44 -45 -46 -47 -48 -49 -50 53 -52 -53 -54 -55 -56 56 -58 -59 -60 60 -62 -63
leaf_value=-0.042263424177384788 0.0031936605867692982 0.0091463400810368484 0.025504163144875264 0.013624697399759168 -0.021956493669485683 -0.0079535041091213215 0.013219525038479375 0.0088635791129054002 0.029204188694022484 -0.015025421873022552 -0.029115081453292176 0.0068266863690403974 0.0047201086754926217 -0.022144397006865917 -0.0083536376218257026 -0.030995893604683362 0.00015728351841365898 0.0075359645912959601 -0.0011050031516976213 -0.021459693750490866 0.010800902698400136 -0.046244021177173342 0.0043269395499621393 -0.0066898914706052864 0.0093774832053921502 0.027123264317325785 -0.020352069677047377 -0.018007252889436071 0.0015170350871112749 0.018864204428099787 0.0086932320432615406 0.0018995857052498241 0.020268288609203506 -0.023648938980435418 -0.0023645122529617826 -0.014835969603940756 -0.015636230192775342 -0.030255173963501393 -0.053107884557608259 0.0032712528668885112 0.00039563578279695625 -0.0085669078017314212 0.013356442328401892 0.0082771222968828408 -0.016401920256271654 -0.0015808796577477142 -0.032028402134637791 -0.035556839387984387 -0.0025319153360879917 -0.015674719662428973 -0.026775121274025839 -0.010655201009451618 0.016701549228478722 -0.0063360641095966813 0.013057650372165157 0.11734839534885116 0.0072702643288989821 -0.0014715515441463816 0.0032270748671706902 0.058318222313923279 0.0079371106460782905 -0.047350012040186087
leaf_weight=76638.877467364073 47139.65086555481 236331.50773566961 617.93289637565613 9928.9711308479309 40979.046631515026 26516.59632435441 306553.09134590626 87686.356352925301 6651.7269712686539 17013.31390440464 55539.689559876919 54880.338139414787 54476.751575827599 25440.534539729357 14087.829267024994 55016.795393198729 13992.042080819607 104555.2446937561 79232.347298443317 7459.2729083895683 4634.5505779385567 21636.948963582516 195492.43982428312 10238.406911849976 73083.928728759289 9249.8052296638489 42416.261656880379 5403.8656631112099 2569.6523777842522 160207.12849879265 297993.97641634941 2144.0217554867268 29672.512330174446 107451.46778067946 63034.880228757858 11843.989844352007 99924.388196766376 7106.9358852505684 862.01363936066628 152319.93369007111 233692.1454821229 174987.57793480158 166923.05309903622 19060.962858200073 44274.714084118605 152924.87751495838 62754.461535483599 47128.808872014284 75649.913810163736 17167.366128265858 10940.149794816971 118496.15698480606 170829.63661801815 92110.179662376642 16866.12871709466 275.15517318248749 476.40132927894592 989.4318331182003 20228.005911409855 2153.6291383802891 1855.8871177434921 940.58285683393478
leaf_count=218080 34937 64973 415 6311 65098 37029 43220 42580 2094 32724 119812 31644 31753 55965 6749 121684 15144 22372 67644 11833 4520 60655 76746 16700 37662 2557 66175 4839 2564 8009 91161 2848 4847 212609 55092 16897 150422 8220 1714 96811 160920 172208 42234 4287 83754 109168 160075 122035 86358 24031 22980 160443 23056 120507 9323 79 204 1127 20026 711 1444 1168
internal_value=-0.000276819 0.00690316 -0.018408 -0.0159288 -0.0182565 -0.0236108 0.0112739 0.0006975 0.000176092 -0.0254233 -0.0265681 -0.00208026 0.00420442 -0.0309826 0.0084645 -0.0375521 -0.0125408 0.0145094 -0.00480297 -0.00374042 -0.0115474 -0.0325763 0.00653812 -0.0227729 0.0027706 0.0106049 -0.0134131 0.00137542 -0.00595591 0.0155706 0.0069634 -0.03441 0.010094 -0.020595 -0.00750747 -0.00555708 -0.0141405 -0.0218476 0.00465794 0.00525167 -2.1028e-05 -0.0069248 0.0108888 0.0155841 -0.0215328 7.43087e-05 -0.0356377 -0.0389314 -0.00419901 -0.00704723 -0.0220954 -0.0129334 0.0144656 -0.00780446 0.0176425 0.0073758 0.0475714 -0.0258077 0.00684633 0.0199947 0.0349983 -0.0186044
internal_weight=4.04875e+06 2.90025e+06 1.1485e+06 1.01685e+06 888447 458727 1.70171e+06 1.19854e+06 128400 431079 404563 668799 529742 187058 910829 131656 429720 790879 374071 104882 388741 170045 507574 217504 432805 96936.2 274829 294728 326931 637590 493486 144604 153289 161965 247699 94953.2 260837 9676.59 27647.5 225404 239096 238022 403255 48733.5 151726 207402 131520 68765.8 87493.9 113912 13084.2 218421 477383 109278 23517.9 55631.9 751.557 1851.45 25796 5568.03 4009.52 1558.52
internal_count=3279247 1246536 2032711 1692947 1560131 953791 387654 858882 132816 927186 890157 538351 320531 457282 281863 339764 606340 105791 340665 121399 541242 424558 174656 432875 275394 45137 392184 197686 305728 74285 167907 368593 31506 313063 238084 115088 377040 10784 26605 134473 165759 227300 107207 9134 296363 140921 342765 182690 103255 149058 25828 310865 66276 144538 11417 31927 283 2841 23764 3738 2155 1583
cat_boundaries=0 92 187 281 376 471 566 653 748 843 936 1027 1115 1204 1299 1394 1490 1585 1674 1769 1864 1959 2040 2132 2228 2323 2411 2503 2597 2693 2782 2878 2957 3046
cat_threshold=0 2148007936 65536 0 0 16778240 0 0 0 1024 0 0 0 16513 6 134250496 65536 0 0 0 0 0 0 0 0 0 0 0 0 0 0 0 0 0 335806464 0 136315008 0 2360321 0 0 0 536870912 0 0 524288 16 8256 0 0 0 0 0 0 0 0 0 0 0 0 0 0 32 0 0 0 0 0 0 0 0 0 0 0 0 0 0 0 0 0 16384 0 0 0 0 0 0 0 0 0 0 16777216 16384 0 0 0 0 0 0 4194304 0 0 0 0 0 0 0 0 0 0 0 0 0 1024 0 0 0 2147483648 0 0 0 81920 16 0 0 0 8 0 0 0 0 0 0 0 0 0 0 0 0 0 0 0 0 0 0 0 0 0 0 0 4194304 32896 0 0 0 0 0 0 0 16777216 0 0 0 33554432 393216 4864 0 24576 0 0 512 0 33555456 4 8192 268435456 0 0 0 1048576 68 4096 0 0 2097152 0 1 0 0 0 0 0 0 0 0 16384 67108864 4098 262144 0 0 0 0 0 8192 0 0 0 0 0 1048576 0 0 0 32768 0 4 0 0 0 0 0 0 0 0 0 0 0 0 0 0 0 0 0 0 4096 2048 0 0 0 0 1056 0 520 512 64 0 0 4100 0 0 0 0 0 0 16384 32768 0 0 0 0 0 0 2147483648 0 536870912 0 2147483648 0 0 64 0 0 65568 545259520 0 536870912 0 16 0 268435456 0 0 0 0 0 0 0 65536 16384 0 4096 0 0 0 0 0 0 8192 0 0 2048 0 33554432 0 0 0 0 0 0 16384 16 0 0 0 0 0 0 0 0 0 0 0 0 0 0 0 0 0 268435456 0 0 0 0 0 1024 0 0 0 4194304 0 2048 4 0 0 0 0 0 16777216 0 0 0 33554432 0 4864 0 0 0 0 512 0 0 8196 8192 0 0 0 0 1056768 4 4096 0 80 2097152 268435456 8193 0 0 553648128 268435456 65600 0 0 65536 0 0 8388608 0 16777216 0 0 0 0 16777216 0 0 2052 524288 41943040 33 0 4096 1024 0 0 0 0 33554432 0 268435456 0 0 0 0 0 0 0 0 0 0 0 0 0 0 0 0 0 0 0 16384 0 0 0 0 32768 0 64 0 0 0 0 0 2 8388608 0 0 0 134225920 0 64 0 0 0 0 0 0 0 0 0 0 0 0 131072 0 0 8192 0 2097152 0 0 8192 16384 0 0 0 0 0 2048 4194304 16384 0 4096 0 0 0 0 0 0 0 0 16 0 0 0 0 0 0 0 0 0 4 16 0 268435456 0 8 0 0 0 0 0 0 0 0 0 0 0 0 0 0 0 0 0 0 536870912 0 0 512 0 4194304 0 2048 4 0 0 0 8 0 128 16384 0 0 0 131072 256 128 0 512 0 0 0 2181038080 4 0 0 0 0 0 1056768 0 1048576 268435456 576 0 0 256 0 0 0 64 0 32768 524288 134217728 0 0 4 0 0 65536 32768 2147483648 0 1024 0 0 2048 0 0 8388608 0 512 0 0 0 0 16 0 8 0 0 2684354560 0 67108864 67108864 0 0 0 4096 524288 2097152 32768 256 0 0 0 0 0 1048576 0 0 0 0 0 0 0 0 0 0 541065216 0 0 2 0 0 0 0 33554432 0 0 2 0 0 0 0 0 4194432 0 0 0 0 0 1048576 16384 0 0 0 0 268435456 0 4194304 0 0 2 0 0 0 0 0 0 16777216 0 0 2048 0 33554432 0 0 2147484672 0 0 0 4 16 33554432 0 0 0 0 0 0 0 0 0 0 0 0 0 0 0 0 0 0 0 0 0 536870912 0 0 0 0 4227136 0 2048 0 0 0 0 0 0 0 0 0 0 0 0 4416 0 0 0 0 134218240 0 0 0 8192 0 0 0 0 0 4 4096 0 592 2097152 0 8449 16384 0 0 0 0 0 0 4194304 16384 0 4096 0 16777216 0 0 0 0 8192 0 16 0 1024 0 0 0 0 0 32769 0 0 0 0 0 0 8 0 0 0 67108864 0 0 0 0 0 0 0 0 8192 0 0 0 0 0 0 0 0 512 0 64 0 0 0 0 8192 0 0 0 128 0 0 0 0 0 256 0 0 0 0 134218240 0 2181039104 0 8192 128 0 0 32 1048576 0 1052672 0 512 2097152 0 256 0 0 0 0 0 0 0 4259840 16384 0 4096 0 16777216 0 0 0 0 0 0 0 2048 0 2 1048576 0 0 0 0 0 0 0 0 0 0 0 0 0 0 0 0 0 0 0 0 0 0 0 0 0 0 0 0 0 0 0 8192 512 8192 4194368 128 0 4 0 0 0 0 0 0 16384 0 0 0 0 576 128 16384 0 0 134218240 67108864 2147483648 8196 8192 0 0 0 0 1048576 68 0 0 512 2097152 0 0 0 0 0 0 0 0 0 0 0 0 0 8388608 0 0 0 1 32 16 0 0 2 0 0 0 128 0 0 0 0 0 131072 0 0 0 33554432 0 0 1048576 32768 0 0 0 0 16 33554432 0 512 8192 4096 0 0 2147483648 10240 8 16 0 0 0 0 0 0 4194304 0 16777224 0 0 0 0 1073741824 0 0 0 0 8 0 0 134217728 67108864 4194304 134217728 0 0 0 0 0 8192 0 1048576 268435456 0 0 0 268435456 0 0 0 0 1 8 4 0 0 0 0 0 0 1 0 0 0 524288 8388608 0 0 0 1024 0 0 0 0 0 0 524288 0 0 0 0 0 0 0 0 0 0 0 0 0 0 268440064 262144 0 68 0 2147483648 1024 0 8388608 0 32768 4 64 0 0 0 0 16777216 0 0 0 32768 0 167772160 262144 0 0 0 32768 8 0 0 0 0 0 0 0 0 65568 528 0 1052672 0 64 0 294912 524288 134217728 1024 0 2048 0 0 65536 32768 2147483648 0 1024 0 0 0 0 2 8388608 0 512 0 0 0 0 0 0 0 0 0 2147483648 0 67108864 0 0 0 0 1052672 524288 2785280 32768 256 0 0 0 0 0 0 0 0 0 268435456 0 0 0 0 0 0 536870912 0 0 0 0 0 0 0 0 0 0 0 0 0 0 0 0 4194304 0 0 0 0 0 1048576 0 512 16384 0 0 0 0 0 4 4259840 0 0 4096 0 16777216 0 0 0 0 8192 262144 0 0 0 0 0 0 0 0 0 0 65536 0 0 0 0 0 0 0 0 0 0 0 0 0 0 0 0 0 0 4096 0 0 0 0 0 1024 0 512 8192 4194304 0 2048 0 0 0 0 0 0 16777344 0 0 0 0 131072 320 0 16384 0 0 512 0 1024 4 8192 128 0 0 32 0 64 536875008 0 0 2097152 0 256 16384 0 0 0 0 16384 0 4194304 0 0 4096 0 0 0 0 0 0 0 0 0 0 0 0 0 0 1024 0 0 0 16384 16 33554432 0 0 0 0 33554432 0 0 0 0 0 0 0 0 0 0 0 0 0 0 0 0 0 0 8192 512 512 0 0 65536 4 0 8192 0 0 0 16777344 16384 0 0 0 8 4864 0 16384 32768 0 512 0 1024 0 0 0 0 0 131072 1048576 0 4096 0 0 2097152 268435456 256 0 0 0 0 0 268451840 4 65536 1 0 0 0 0 0 0 0 0 0 262144 0 0 8388608 0 0 0 0 0 33554432 0 65540 16 33554432 0 0 0 0 0 0 0 0 0 0 0 0 268435456 0 0 0 0 0 0 0 0 536870912 265216 0 0 8704 0 0 0 0 0 0 0 8 0 16777216 0 0 0 0 393216 0 0 16384 512 0 0 67108864 0 0 2048 0 0 0 131072 8192 64 0 0 0 0 268435456 0 1 0 0 0 0 0 0 0 65536 0 0 0 0 0 0 0 0 0 1 262176 16 2048 8912896 33554432 0 0 1024 0 0 0 0 0 33554432 0 268435456 0 0 0 0 0 0 0 0 0 0 0 0 0 0 0 262144 0 68 0 0 10240 8192 0 0 536903680 0 0 0 0 0 0 16777224 0 128 0 0 0 0 0 0 128 2147483648 512 0 134217728 67108864 0 0 0 0 0 0 0 8704 0 0 268435456 0 0 0 8192 0 4097 8 64 0 294912 0 134217728 1026 0 2048 0 0 0 1073774592 2147483648 0 268436480 0 0 0 0 0 8388608 0 512 0 0 0 0 1073741824 0 8 0 0 2684354560 0 0 0 0 0 0 0 524288 2752512 32768 256 0 0 0 0 0 0 0 0 0 268435456 0 0 0 0 0 0 0 0 0 0 0 0 0 0 0 0 0 2 0 0 0 0 0 128 0 0 0 0 0 1048576 0 512 0 4097 16777224 0 0 0 0 0 1026 0 2048 4 0 0 1073741824 0 0 0 0 0 1024 0 2 0 6291456 0 0 0 0 0 1073741824 0 0 0 2048 67108864 0 0 524288 0 32776 0 1048576 0 268992512 2048 0 0 512 0 4096 0 0 0 0 8 0 0 0 0 0 0 0 8 0 0 0 8388608 0 0 0 0 0 0 0 8 0 0 0 0 0 0 0 0 0 0 0 0 512 0 0 0 0 0 8192 0 0 0 0 0 0 1 0 0 0 0 0 0 0 32768 67108864 0 1 32 0 0 524288 33554432 0 0 0 1024 0 0 16384 0 0 131072 0 0 0 0 0 0 0 0 0 0 0 0 0 0 0 256 272384 0 4 67108864 16512 0 8 8388608 0 0 0 0 0 0 0 0 0 2 0 0 0 0 33554432 0 0 0 2147491848 2147483648 8 0 0 0 0 0 64 0 0 0 512 0 0 0 0 0 0 8192 0 0 0 0 0 0 0 4194304 0 0 0 0 16777216 0 0 0 0 0 0 16 0 1024 2 1048576 0 2147483648 0 1 0 65540 0 33554432 268435456 0 8 0 0 0 0 0 0 0 0 0 268435456 0 0 0 0 2048 0 0 0 0 0 0 512 512 32832 32768 0 0 0 0 0 0 0 0 0 0 0 0 0 0 128 16384 0 0 134217728 67108864 2147483648 0 0 268435456 524288 0 0 545259520 0 1048576 0 512 0 0 256 0 1048576 0 0 16842752 0 0 0 0 0 4 4 0 134217728 32768 0 0 0 0 0 0 0 0 0 2097152 0 128 0 0 0 0 0 0 0 0 536870912 134217728 0 524288 0 32768 0 4096 0 32768 2048 33554688 0 0 0 4096 4 1048576 0 0 0 0 0 0 0 0 4096 0 4194312 0 0 4098 0 0 0 0 33562624 0 0 0 0 0 0 0 0 16384 0 0 0 0 2097152 0 0 0 0 67108864 2 262144 0 0 0 0 0 16777216 0 0 2048 524288 33554432 1048576 0 1024 0 0 0 0 0 0 268435456 0 0 67108864 0 0 0 0 0 0 0 0 0 0 0 0 4096 264192 0 0 0 16384 0 0 0 0 536870912 0 2048 4 0 0 0 0 0 0 16384 0 0 0 0 4608 128 0 0 0 0 0 0 134217728 0 268435520 524288 0 0 0 4 536870912 268435456 16 0 0 0 0 0 0 0 0 0 0 0 0 0 0 0 0 0 0 0 0 0 0 0 1048576 0 0 0 32769 0 0 0 0 0 0 0 0 0 0 0 0 0 0 0 0 0 0 0 0 0 0 0 0 0 0 8192 0 8 0 0 0 0 4 0 0 0 8 0 128 16384 0 0 0 0 512 128 16384 0 0 0 0 1024 4 0 268435456 0 0 0 537919488 0 536870912 0 0 0 268435456 0 1 16384 0 0 0 0 0 0 4194304 0 0 0 0 16777216 0 0 0 0 16777216 0 0 0 524288 2 0 0 0 0 32769 0 65540 0 0 0 0 0 0 0 0 0 0 0 0 0 0 0 0 0 0 256 0 0 0 67108864 128 0 0 512 512 0 132 0 0 0 0 0 8 0 128 0 0 0 0 0 64 2 0 33280 0 0 0 1024 0 0 268435584 0 0 0 536870912 64 537919488 268435456 0 0 0 256 0 0 8 0 16777216 262144 1 134217728 1024 2048 0 0 0 65536 1073741824 0 0 2098176 0 0 1024 0 0 0 2097152 536871936 0 0 0 16 0 0 0 0 0 0 0 0 0 0 0 0 0 0 2621440 0 0 0 256 262144 0 64 0 536871040 0 0 268435456 0 0 0 65536 0 0 536870912 0 0 4096 0 0 0 0 0 0 0 2 0 0 0 67108864 0 128 0 0 1048576 0 0 0 512 0 1048576 0 0 0 0 16 1073741824 0 0 0 4 0 65536 0 67108864 0 2097152 0 0 1024 0 0 0 6291456 0 0 0 0 4 0 0 8388608 0 2048 0 33554432 0 67108864 0 8 16777216 1052672 0 268435460 2048 0 0 256 0 0 0 0 0 0 8 0 0 0 0 65536 0 0 8192 0 0 4098 8388608 0 0 0 0 0 0 0 8 32768 0 0 0 0 0 0 0 0 0 0 0 0 0 0 2097152 0 0 0 0 0 0 0 4259840 16384 0 4096 0 0 0 0 0 0 0 262144 0 0 1024 0 1048576 0 1024 0 0 0 65536 0 0 0 0 8 0 0 0 0 0 0 0 0 0 0 0 0 0 0 0 0 0 0 0 0 0 512 0 4227072 128 2048 4 0 0 0 0 0 0 0 0 0 0 0 4864 0 0 0 0 0 67108864 2147483648 0 8192 192 0 0 131072 536870912 68 536875008 0 16 0 268435456 0 0 0 0 0 268451840 2052 0 0 2058 4 0 0 0 0 0 0 0 0 0 0 0 0 0 0 1024 0 0 0 0 0 0 268443648 524288 0 0 0 0 0 0 0 0 0 0 0 0 0 0 0 0 0 64 0 0 0 8194 8388608 8192 536870912 4 0 0 0 0 0 0 0 128 0 0 0 16384 8 0 0 2147483648 512 0 0 0 0 8192 2048 0 524288 0 0 528 0 524288 0 0 0 0 0 1 0 1048576 8 0 2048 0 16 0 1024 0 2048 0 0 134217728 1073741824 0 0 0 0 0 0 0 33554434 0 2097152 0 0 0 0 0 0 33554432 0 0 0 0 0 0 524288 0 0 0 0 0 131072 0 0 0 268436224 0 4096 0 67108864 536887424 32 10 0 0 0 4 65536 0 0 0 0 0 4096 8388608 0 0 0 0 0 0 0 8 0 0 67108864 0 0 0 0 0 0 0 0 0 512 16384 0 0 0 0 268435456 0 0 0 0 2 0 16777216 0 0 0 0 0 0 16 2048 0 2 1048576 0 2147483648 0 32768 0 16388 0 0 0 524288 0 0 0 0 0 0 0 0 0 0 0 0 0 0 0 2048 0 0 0 0 0 8192 0 8192 32768 4 2048 0 0 0 0 0 0 128 16384 0 0 0 8 256 128 0 0 0 134218240 0 0 0 0 0 0 0 0 8397312 0 1048576 0 0 0 0 0 1 0 0 0 0 0 0 0 0 0 0 0 0 0 0 0 0 0 0 0 0 0 0 0 0 0 0 0 0 0 0 0 0 0 0 0 0 0 0 0 0 0 0 0 0 0 0 0 0 0 0 0 0 0 0 0 0 0 0 4194304 0 0 0 0 0 0 0 0 0 0 0 0 33554432 0 256 0 0 0 0 512 16384 0 0 0 0 0 0 0 0 0 0 0 0 0 0 0 0 0 0 0 0 0 0 0 0 0 0 0 0 0 0 0 0 0 0 0 0 0 0 0 0 0 0 0 0 0 0 0 0 0 0 0 0 0 0 0 0 0 0 0 0 0 0 0 0 0 0 0 0 0 0 0 0 0 0 16384 0 0 0 0 0 0 0 0 0 0 0 1048576 4
is_linear=0
shrinkage=0.05


Tree=32
num_leaves=63
num_cat=37
split_feature=11 8 5 11 5 0 0 7 0 0 0 0 0 8 8 0 0 0 11 3 0 0 5 0 8 0 11 0 5 0 0 0 0 15 15 0 19 0 0 18 17 17 14 0 0 0 0 0 0 0 3 0 15 0 0 14 17 0 0 0 19 11
split_gain=192578 27735 24869.2 18345.9 6397.4 6162.83 5310.14 5059.07 3573.92 3402.49 3348.32 3177.78 3025.31 3002.2 2717.66 2434.71 1938.65 1768.75 1668.17 1546.45 1413.23 1391.52 1372.49 1277.27 1256.14 1066.93 1003.66 974.844 958.093 931.023 908.332 907.521 847.801 788.891 786.077 772.651 767.216 829.304 803.308 729.882 886.677 896.136 1344.74 689.971 687.566 679.412 677.491 675.258 666.522 665.394 664.55 662.089 652.58 642.534 635.387 627.502 855.648 711.246 623.102 618.091 607.338 605.035
threshold=1.0712080597877505 2.928571462631226 1.0000000180025095e-35 0.50131405889987957 1.0000000180025095e-35 0 1 10.500000000000002 2 3 4 5 6 0.5000000149011613 0.5000000149011613 7 8 9 0.28861783444881445 10 11 12 4.5000000000000009 13 1.0000000180025095e-35 14 0.22562374919652942 15 40.500000000000007 16 17 18 19 3.5000000000000004 3.5000000000000004 20 1.0000000180025095e-35 21 22 10.500000000000002 37.500000000000007 23.500000000000004 1.1063045263290407 23 24 25 26 27 28 29 30 31 4.5000000000000009 32 33 1.0127897262573244 10.500000000000002 34 35 36 1.0000000180025095e-35 8.9848489761352557
decision_type=2 2 2 2 2 9 9 2 9 9 9 9 9 2 2 9 9 9 2 1 9 9 2 9 2 9 2 9 2 9 9 9 9 2 2 9 2 9 9 2 2 2 2 9 9 9 9 9 9 9 1 9 2 9 9 2 2 9 9 9 2 2
left_child=2 4 3 6 9 -4 39 22 -7 61 -8 19 -10 30 20 -12 -14 52 25 53 -11 -18 29 -16 -21 -17 -23 -19 51 -3 -5 -25 -15 -28 50 -32 38 -38 -31 40 41 42 54 -22 -33 -30 -37 -34 -20 -29 60 -24 -13 -6 -1 -56 -57 -58 -49 -27 -9 -2
right_child=1 7 5 13 11 8 10 34 12 14 15 17 16 32 23 18 21 27 48 24 43 26 28 31 -26 59 33 49 45 36 35 44 47 -35 -36 46 37 -39 -40 -41 -42 -43 -44 -45 -46 -47 -48 58 -50 -51 -52 -53 -54 -55 55 56 57 -59 -60 -61 -62 -63
leaf_value=-0.021292236824329507 0.0044319649851767909 -0.010791552192210733 0.013311864643233976 -0.03096837502352618 0.044836235795879004 -0.032133184841244132 -0.041141295316639688 0.012243684759604341 -0.022666363783798167 -0.036279795490571608 -0.012164634957066801 0.0034605550219475516 -0.015801233792266677 -0.027066160750706132 0.0013503905768875706 -0.042087384194714118 -0.011495867102810198 0.002913483167403046 -0.032111390135855726 0.024589107532900875 -0.0014272263104037298 0.0072849566763654328 0.012153646396316803 -0.023771657047675688 0.0069150093889838258 -0.019495971648482803 -0.0071771256632872302 0.0006331335515118913 0.04488250458793519 0.008910729962653444 -0.026609217708542909 -0.014728125820195115 -0.020145501139660078 -0.00063903178952403597 0.016282036597234394 -0.00031984911191197825 0.014739650300993412 0.0075192270264378708 0.0037321233809211444 -0.032372773342557164 0.034531830340064573 -0.018458472442565706 0.088034243029531861 -0.016692177481205436 -0.0048410908228938765 0.014033455553901239 -0.017764027867256484 -0.016824279959184351 -0.024307552463272011 -0.0045305074988780209 0.0095214282235384865 0.0086276036170000268 0.0090531364272525266 0.019451311460712061 0.029591930845642329 -0.047608306155625224 -0.024601825006446351 0.091866762549681749 -0.0080304203319968535 -0.03317654155912985 0.018078168873805735 0.030906930189677013
leaf_weight=1769.3741211295128 73782.774217009544 7255.5027431249619 34205.4135389328 15364.308114439249 3272.4608243703842 15812.611424982548 75051.774336487055 116313.97636049986 31205.668409258127 8019.4203982949257 19495.711802899837 149839.55870330334 46104.070303618908 7647.971826583147 68762.876817524433 35066.520374178886 58577.612723946571 165803.0880792141 39120.221518099308 10769.514602184296 9394.1362012028694 22173.475281655788 261965.60063445568 7387.4625541567802 151134.33688390255 9326.992514103651 94155.719498813152 120896.09115791321 3410.7388815879822 122468.94617944956 24951.08404186368 19702.398081183434 15347.46097266674 90468.184602022171 320174.69856059551 5759.3423635065556 58246.606902778149 125659.18712836504 192864.4945204258 1617.0006301701069 1927.237289249897 4777.6442095041275 512.14045989513397 35115.748883336782 163475.78834971786 3798.344388961792 175231.44040694833 23256.600495368242 93586.554480284452 128908.65202727914 105562.62965613604 271398.23600268364 80016.255708873272 10707.323893368244 2487.2932154536247 752.18241399526596 250.52960216999054 261.45493745803833 151293.08779755235 80254.145775407553 72345.682164847851 2223.0084203481674
leaf_count=2524 50314 4307 14378 31553 502 34212 218558 12383 55445 10277 31973 84930 71076 13608 53441 102846 81565 105439 99399 3546 9780 19367 50339 8839 69104 20813 109418 85380 165 41927 48720 20756 24781 96099 35956 7799 18931 45624 73684 2958 2099 6053 306 43761 146066 413 301347 35369 213925 106864 14579 68538 38179 4054 2399 881 327 183 199767 214038 7255 680
internal_value=-0.00021206 0.00677304 -0.0172368 -0.0223752 0.00101219 -0.00696386 -0.0305488 0.0109658 -0.00889856 -0.00428011 -0.0317643 0.00351136 -0.00782553 -0.015228 -0.00659192 -0.0292209 -0.00633801 0.00188776 -0.0305125 0.00946906 -0.016963 -0.00469342 0.0088523 -0.00449143 0.00809015 -0.0346673 -0.00276608 -5.87645e-05 0.0106046 0.00698214 -0.0192274 -0.00659909 -0.0107476 -0.00397337 0.0145676 -0.0183491 0.00724052 0.00980729 0.00574379 -0.000728366 0.00328815 -0.00228175 0.010529 -0.0134714 -0.00590527 0.0287104 -0.017209 -0.0100884 -0.0266123 -0.00203157 0.0127019 0.0103598 0.00540718 0.0254213 0.00333917 0.0149734 -0.0136706 0.0361889 -0.00920299 -0.0317545 0.0144803 0.00520562
internal_weight=4.04849e+06 2.87068e+06 1.17781e+06 785108 1.20921e+06 392703 366257 1.66146e+06 358497 387864 351902 821347 342685 418851 311858 276850 311479 645464 257354 175884 52529.3 265375 1.04707e+06 259329 161904 124648 206797 415608 540573 506495 221306 190566 197545 184624 614397 205942 499239 183906 315333 14354.9 12737.9 10810.6 6032.97 44509.9 183178 7209.08 180991 189897 132707 249805 294222 533364 229856 13979.8 5520.83 3751.46 1264.17 511.985 174550 89581.1 188660 76005.8
internal_count=3279799 1216013 2063786 1582226 841912 481560 919282 374101 467182 343914 901552 497998 432970 662944 292920 682994 377525 420792 651021 77206 63818 306449 303928 229102 72650 337697 224884 297683 119455 184473 389419 175661 273525 205517 70173 357866 180166 64555 115611 17730 14772 12673 6620 53541 166822 578 309146 259917 313324 192244 34217 118877 123109 4556 6314 3790 1391 510 235136 234851 19638 50994
cat_boundaries=0 95 190 253 348 440 535 627 719 796 892 893 988 1080 1176 1260 1350 1440 1535 1627 1719 1811 1907 1999 2088 2180 2259 2354 2443 2538 2626 2627 2722 2815 2909 3004 3085 3176
cat_threshold=0 0 0 0 0 0 0 65536 16384 0 4096 0 0 0 0 0 0 0 0 0 2048 0 0 0 0 0 0 0 0 0 16 0 0 0 0 0 0 0 0 0 0 0 0 0 0 0 0 0 0 0 0 0 0 0 32 0 512 0 541065216 128 2048 4 0 0 0 0 0 128 0 0 0 33554432 0 4416 128 0 0 0 512 0 0 4 8192 268435456 0 0 0 1056768 64 4096 0 16 2097152 268435456 8449 16384 0 0 0 0 0 0 0 16384 0 0 0 0 0 0 0 0 0 0 0 0 1024 0 0 0 0 0 32768 0 65536 16 0 0 0 0 0 0 0 0 0 0 0 0 0 0 0 0 0 0 0 0 0 0 0 0 0 520 512 0 128 0 4096 0 0 0 0 0 16777216 0 0 0 33554432 393216 4608 0 24576 2147483648 0 512 0 2181039104 0 8192 268435456 0 0 0 1048576 68 0 0 0 2097152 268435456 1 0 2148007936 0 0 0 16811008 0 0 0 1024 0 0 0 16513 2 134250496 65536 0 0 0 0 0 0 8388608 0 0 0 0 0 0 0 0 0 0 335806464 0 2097280 0 2360321 0 0 0 537919488 0 2228224 32768 16 8256 0 0 0 0 0 0 0 0 0 0 0 0 0 0 32 16384 0 0 0 0 0 0 4259840 16385 67108864 4096 0 16777216 0 0 0 0 0 262144 16 0 525312 0 0 0 1024 0 32769 0 16388 0 0 0 0 8 0 0 0 0 0 0 0 0 0 0 0 0 0 0 0 0 0 0 0 0 0 0 8704 64 0 0 0 0 0 0 0 0 128 0 0 0 0 0 0 0 16384 0 0 0 0 2147484672 0 8192 128 0 0 32 1048576 0 4096 0 512 0 0 256 0 2148007936 65536 0 0 0 0 0 0 2048 0 0 0 16385 2 32768 0 0 0 0 0 0 0 0 0 1024 0 0 0 16 0 0 0 0 67108864 0 134217728 0 2360320 0 0 0 536870912 0 0 524288 0 64 0 262144 0 64 0 128 0 0 0 0 0 4 67584 0 32 0 0 0 0 0 0 0 0 0 8 0 128 0 0 0 0 0 16384 0 0 0 0 0 0 528 0 524288 0 16777216 16384 0 0 0 0 0 0 4194304 16384 0 4096 0 16777216 0 0 0 0 0 0 0 2048 0 0 0 0 2147483648 0 0 0 16384 16 0 0 0 0 0 0 0 0 0 0 0 0 0 0 0 0 0 0 0 0 0 0 0 1056 0 0 0 4194304 4 2048 4 0 0 0 0 0 0 0 0 0 33554432 0 832 0 0 0 0 134218240 0 0 8192 8192 0 0 0 0 1048576 4 1052672 0 80 2097152 268435456 1 0 1052672 65544 64 0 262144 524288 134217728 1026 0 0 4 0 65536 1073741828 2147483648 0 1024 0 0 0 0 0 0 2097152 512 0 0 0 0 1073741824 0 8 0 0 2684354560 0 0 0 0 8 16777216 0 524288 524288 524288 0 0 0 0 0 0 0 0 0 0 0 0 0 0 0 0 0 536870912 0 0 0 0 0 0 0 0 0 0 0 0 0 0 0 0 128 0 0 0 0 0 1048576 0 512 0 0 16777216 0 0 16777216 0 0 0 0 0 0 67108864 4096 0 16777216 0 0 0 0 8192 0 0 2048 0 33554432 1048577 0 2147483648 1024 0 0 16384 0 0 0 0 0 0 0 0 0 0 0 0 0 0 0 0 0 0 0 2048 0 0 0 16384 32 0 0 0 4194304 32768 0 4 0 0 0 0 2 0 16384 32768 0 8192 0 256 0 0 0 0 671088640 0 0 4 0 64 0 0 65568 0 0 4096 0 2097168 1 1 0 0 0 0 16 1073741824 0 0 2048 0 0 0 32768 67108864 0 270532608 0 0 1024 0 0 0 0 0 0 0 0 0 0 0 8388608 0 0 0 134217728 67108864 67633152 0 0 0 4096 0 268468228 2048 256 0 256 0 0 0 1048576 0 0 8 268435456 0 0 0 0 0 0 8200 0 0 4098 0 0 0 0 0 0 0 2 8 32768 0 0 0 0 0 0 0 65536 0 67108864 0 0 0 0 0 0 0 16785408 0 16 0 1024 33554434 1048576 0 1024 0 32769 0 65540 0 33554432 268435456 0 0 0 0 0 0 0 0 0 0 0 0 0 0 0 0 0 0 0 0 0 0 0 0 512 64 0 0 0 0 0 0 0 0 16777344 0 0 0 0 0 4096 0 0 0 0 0 67108864 1024 0 0 268435584 0 0 0 536879104 64 0 0 512 0 0 8448 1 4 0 0 0 0 0 0 0 0 1024 0 0 0 0 81920 2 2147483648 65536 0 0 0 2048 0 2 0 0 2147483648 0 0 0 0 0 0 268435456 0 0 0 0 0 0 0 0 0 0 0 0 0 0 64 512 0 0 0 1048576 2147483648 8192 2 0 0 4194304 132 2048 0 0 4194304 0 0 0 0 0 32768 0 0 0 576 128 0 0 0 512 0 16384 4 0 0 524288 0 0 0 0 0 0 16777216 0 0 8193 0 0 16777216 0 16779264 0 2049 0 1 0 4 0 0 0 0 0 0 0 0 0 0 0 0 0 4194304 536870912 128 0 0 16 0 0 0 0 2048 67108864 33554432 0 0 1048576 32768 0 0 0 0 0 33554440 0 0 0 0 0 0 536887296 262144 0 8388608 0 0 0 65536 0 0 0 0 0 0 8388608 0 0 0 8192 0 0 0 0 0 0 67108864 0 541081600 0 0 1048576 0 0 0 0 0 8192 0 2097152 0 0 0 0 0 268451840 20 0 2 0 2 0 0 0 0 0 0 16785408 0 0 2048 8388608 33554432 1048576 0 0 0 0 0 65536 0 33554432 268435456 0 0 0 0 0 0 0 0 0 0 0 0 0 0 0 0 262144 0 0 0 0 0 0 268435456 0 0 0 0 4 0 0 0 8 0 16777216 0 0 0 0 131080 512 0 2147483648 33280 0 512 0 33554432 0 0 64 0 0 0 8192 0 0 0 16 0 0 0 1 0 0 8 0 16777216 263168 5 134217728 1024 1024 0 0 0 65664 1073741824 67108864 65536 2097152 0 0 1024 0 0 0 0 536870912 0 0 0 0 0 0 268435456 0 268697600 0 128 0 0 0 0 16777216 0 0 2621440 0 16 8192 0 0 0 0 0 536870912 0 0 268435456 0 0 0 0 0 0 536870912 0 0 4096 0 0 0 0 0 0 0 0 0 0 0 67108864 0 0 0 0 1048576 0 0 0 268435456 0 268451840 0 0 0 0 0 262144 0 0 0 0 0 0 0 0 0 0 0 0 0 0 1024 0 0 0 0 0 0 0 8 0 0 0 0 0 0 0 0 0 268435456 0 0 0 0 10240 0 0 0 536870912 0 0 512 0 536903680 32896 0 0 0 0 0 16777224 0 0 16384 0 0 0 131080 0 128 16384 512 0 536870912 0 2147483648 4 0 64 524288 0 131104 8388608 0 536870912 0 0 16777216 268435456 2097152 0 2048 0 1 0 4 0 0 142606336 0 0 0 1 0 0 0 0 8388608 1 0 0 1024 0 0 0 0 0 0 524288 0 0 0 0 0 0 0 0 0 0 268435456 0 0 0 0 262144 0 68 0 2147483776 0 10 0 0 32768 4 64 4096 0 4194304 0 0 0 0 0 0 0 33570816 0 0 0 8192 0 0 0 0 0 0 1048576 0 0 0 65536 0 0 524288 0 524288 0 0 0 16778240 0 0 0 0 0 0 0 16513 32770 134250496 65536 0 0 0 0 0 2 8388608 0 0 0 0 0 0 16 0 0 0 67371008 0 0 0 2359296 0 0 0 536870912 524288 0 524288 16 64 512 0 0 0 0 0 0 0 512 0 0 4 0 0 0 4194304 0 0 0 0 0 0 0 0 0 0 0 0 0 0 0 0 16384 0 0 0 524288 0 0 0 512 4096 0 0 0 0 8192 0 0 0 0 0 1024 0 0 0 0 4 0 0 134234112 32770 2281701376 65536 1024 0 0 0 0 0 8388608 2097152 0 0 0 0 0 0 0 8 0 262144 2147483648 134217856 0 0 0 0 0 1052672 0 32768 524288 33554432 0 512 0 4096 0 1048576 0 0 0 0 0 0 4 0 0 0 0 0 0 2 0 0 0 0 33554432 0 0 0 8 0 0 0 0 16512 0 0 0 0 0 0 0 0 0 0 16777216 0 2147483648 0 64 0 16811008 524288 0 0 1024 0 0 0 82049 6 134250496 65536 0 0 0 0 0 0 8388608 0 512 0 0 0 0 0 0 8 0 268435456 0 0 0 262144 0 0 0 536875008 0 2097152 524288 16 64 0 0 0 0 0 0 0 0 0 0 0 0 0 0 32 0 0 0 2 0 0 0 0 0 0 0 0 0 0 0 0 0 16384 0 0 0 0 0 1048576 0 0 0 0 16777216 0 4096 65536 0 0 32768 524288 0 0 1024 2048 0 0 134283264 4 0 0 1024 0 0 2048 0 0 0 0 512 0 0 0 0 0 0 0 268435456 0 0 134217856 67108864 67109888 0 0 0 4096 0 2654208 32768 256 8192 0 0 4096 0 0 2147483648 32 0 0 0 0 0 0 0 32 536870912 0 0 0 0 0 0 0 0 0 0 0 0 0 0 0 0 0 0 0 0 0 0 1048576 0 0 0 0 16777216 0 0 0 0 0 16384 0 0 0 0 0 0 16777216 0 0 0 0 0 0 0 0 0 0 0 0 0 0 0 0 0 0 0 8192 0 0 0 0 0 0 0 0 0 0 0 0 0 0 0 268435456 0 0 0 0 0 0 8192 520 8192 4194368 128 2048 4 0 0 0 8 0 16777344 16384 0 0 134217728 8 512 0 2147500032 32768 0 0 0 1024 4 8192 0 0 0 0 1048576 0 536875008 268435456 0 2097152 0 0 1 16384 0 0 0 0 0 0 4194304 16384 67108864 4098 0 16777216 0 0 0 0 16777216 0 0 2048 524288 33554432 0 0 1024 0 0 0 16384 16 33554432 0 0 8 0 0 0 0 0 0 0 0 0 0 0 0 0 0 8192 0 0 0 16384 0 0 0 8192 0 0 2048 0 0 0 0 0 0 0 0 0 0 0 131072 320 128 0 0 0 0 67108864 0 0 0 128 0 0 0 8208 64 0 0 592 0 0 0 0 16777280 16384 524304 0 2 0 2048 4 0 8388608 0 67108864 0 2105344 0 0 0 8388608 33554432 0 0 0 1024 33554432 0 0 0 33554432 0 0 0 0 0 67108864 524288 0 8 0 0 0 0 0 0 0 4096 0 0 0 0 16384 263168 0 0 0 0 0 0 0 0 0 0 0 0 16777216 0 0 0 0 393216 256 0 0 0 0 134217728 0 0 134217728 0 64 0 0 0 0 64 1 0 0 0 0 0 524288 1207959552 0 0 0 0 0 65536 1073741824 67108864 0 268435456 0 0 0 0 2 0 0 512 128 0 0 0 0 0 8388608 524288 0 536870912 0 0 0 0 0 16777216 0 0 2621440 2048 0 0 268435712 0 0 4 0 2147483648 0 2 0 0 0 128 0 4096 0 4194312 0 0 4096 8388608 0 0 0 8192 0 0 0 0 0 0 0 0 0 0 0 0 0 0 0 16 0 0 0 2097152 0 0 0 0 0 0 0 0 0 0 0 0 0 0 0 0 0 0 0 0 0 0 0 0 0 0 0 0 0 0 0 0 0 0 0 0 0 0 0 0 0 0 0 0 0 0 0 0 0 0 0 0 0 0 0 0 0 0 0 0 0 0 0 0 0 0 0 0 0 0 0 0 0 256 0 0 0 0 512 0 0 0 0 0 0 4 4259840 0 0 4096 0 0 0 0 0 0 8192 262144 16 0 8388608 0 0 0 1024 0 1 0 65536 0 0 0 0 8 0 0 0 0 0 0 0 0 0 0 0 0 0 0 262144 0 0 0 0 1024 0 0 0 64 0 0 0 0 0 0 8 0 16777216 0 0 0 0 262144 320 0 16384 0 0 134218240 0 1024 0 8192 0 0 0 131072 1056768 64 0 0 512 2097152 0 256 0 528384 65536 0 0 0 0 134217728 1026 0 4 0 0 0 32768 0 0 1024 0 0 0 0 0 0 0 0 0 0 0 0 0 0 0 0 264192 2684354560 136315008 67108864 67108864 0 0 0 1048576 524288 655360 0 256 8192 268435456 0 0 0 1048576 0 0 0 0 0 0 0 0 0 0 536870912 0 0 4096 0 0 0 0 0 0 0 2 8 0 0 512 0 0 0 0 0 0 0 0 0 512 0 1052672 0 0 0 17072128 524288 0 1024 1024 0 0 0 128 32772 2281701376 65536 0 0 0 0 0 2 8388608 0 0 0 0 0 0 0 0 0 0 268697600 0 2097280 0 1 0 0 0 1052672 524288 524288 0 16 8192 0 0 0 0 0 0 0 0 268435456 0 0 0 0 0 0 536870912 0 0 0 0 0 0 0 0 0 0 0 0 0 0 0 0 0 0 0 0 0 0 131072 0 512 0 0 0 0 0 8192 0 0 0 0 2048 0 20 0 1 8 2 0 0 0 0 0 0 0 262144 0 4 8912896 0 0 0 0 0 33554432 0 0 0 0 8192 268959744 0 0 0 0 0 1048576 0 0 0 0 0 16 0 0 512 262144 0 0 67108864 2147500032 0 8192 8388608 8192 0 0 0 0 0 0 0 0 0 0 0 32768 0 134217728 262144 0 0 2147491840 0 0 0 0 33554432 0 2048 0 0 0 0 512 836 0 0 0 0 0 0 0 0 0 0 0 0 0 0 0 0 0 0 262144 0 4 0 33554434 1048576 0 2147483648 0 32768 0 0 16 0 268435456 524288 0 0 0 0 0 0 0 0 0 0 0 0 0 0 0 0 0 0 0 0 1024 8192 8388608 0 4194304 128 2048 0 0 0 0 0 0 0 0 0 0 33554432 0 4352 0 0 0 0 512 0 2147483648 4 0 0 0 0 0 1048576 4 536870912 0 576 2097152 268435456 8449 0 0 0 0 0 0 0 4194304 0 0 0 0 0 0 0 0 0 0 0 0 0 0 0 0 0 0 0 0 0 16384 0 0 0 0 0 0 0 0 0 0 0 0 0 0 0 0 0 0 0 0 0 0 0 0 0 0 0 0 0 0 0 0 0 0 0 0 0 0 0 0 0 0 0 256 0 0 0 0 134218240 0 0 0 8192 0 0 0 0 0 0 0 0 0 2097152 0 0 0 0 0 0 0 0 0 0 0 0 0 0 0 0 0 0 0 0 0 0 0 0 0 0 0 0 0 0 0 0 0 0 0 0 0 0 0 0 0 0 0 0 0 0 0 0 0 0 0 0 0 0 0 0 512 0 0 128 0 4096 0 0 0 0 0 16777216 0 0 0 33554432 131072 4096 0 16384 2147483648 0 0 0 0 0 0 0 0 0 0 0 64 0 0 0 0 268435456 0 0 0 0 0 0 0 0 0 0 0 0 0 0 0 0 0 0 0 0 0 0 0 0 0 0 0 0 0 0 0 0 0 0 0 0 0 0 0 0 0 0 0 0 0 0 0 0 0 0 0 0 0 0 0 0 8 0 0 0 0 0 0 0 0 0 0 0 0 0 0 0 262144 0 0 0 0 0 0 0 0 0 0 0 0 0 0 0 4 0 0 0 0 0 1 0 1048577 8 0 0 262144 0 0 0 0 2048 4 0 134217728 0 2147483648 0 2097152 0 0 1024 0 0 0 0 0 0 0 0 0 1073741824 0 0 0 0 67108864 0 0 2098176 0 32776 0 0 0 32772 32768 8 0 768 0 4096 0 0 0 0 8 0 0 0 132 0 4096 0 4194312 0 0 0 8388608 0 0 0 0 0 0 0 0 0 0 0 0 4194432 0 0 0 268435456 65600 0 0 0 0 0 8388610 262144 0 8388608 0 0 0 0 32 0 0 0 8388608 32 0 4096 0 0 0 4 0 0 0 0 0 0 33554432 0 0 1048576 0 0 0 0 0 16 0 0 4096 0 0 0 0 0 1024 8 0 0 32832 0 64 0 0 0 0 8 0 8388608 0 0 1073741824 134217728 0 64 0 0 32768 0 0 0 4194304 0 0 0 0 0 131072 8388608 0 8192 268435456
is_linear=0
shrinkage=0.05


Tree=33
num_leaves=63
num_cat=4
split_feature=10 6 5 10 8 5 6 6 5 10 6 12 19 10 6 8 8 2 10 10 7 5 15 8 2 12 6 15 9 14 19 9 8 15 18 2 12 14 14 12 19 10 6 12 12 6 10 12 10 2 5 10 7 15 12 6 14 8 8 10 8 15
split_gain=177096 26894.7 22672.1 16046.8 8480.75 5461.44 3657.35 3179.72 2388.78 1897.26 1841.12 1756.6 1491.47 1476.14 1361.83 1398.78 1361.79 1361.14 1351.8 1341.4 1285.97 1165.32 1012.32 992.067 985.412 966.743 907.843 892.871 785.224 735.786 718.376 657.039 616.405 593.143 582.736 631.894 679.668 871.359 745.676 802.66 576.4 567.23 565.861 563.566 559.42 536.315 526.701 525.673 512.104 496.161 492.358 479.693 465.288 452.669 431.022 443.881 423.367 413.859 410.809 409.189 395.355 378.974
threshold=0.76785713434219371 3.5000000000000004 1.0000000180025095e-35 0.23214285820722583 1.7857142686843874 2.5000000000000004 9.5000000000000018 1.0000000180025095e-35 1.0000000180025095e-35 0.41071428358554846 1.5000000000000002 1.5699999928474428 1.0000000180025095e-35 0.089285716414451613 1.0000000180025095e-35 1.0000000180025095e-35 1.0000000180025095e-35 0 1.0000000180025095e-35 0.33928571641445165 5.5000000000000009 2.5000000000000004 3.5000000000000004 1.0000000180025095e-35 1 0.21500000357627871 1.0000000180025095e-35 3.5000000000000004 1.5039421916007998 1.0057400465011599 1.0000000180025095e-35 13.368405818939211 1.0000000180025095e-35 4.5000000000000009 10.500000000000002 2 0.85499998927116405 0.96916994452476513 0.84679430723190319 1.185000002384186 1.0000000180025095e-35 1.0000000180025095e-35 3.5000000000000004 0.8100000023841859 0.85499998927116405 1.0000000180025095e-35 1.5178571343421938 0.24000000208616259 1.0000000180025095e-35 3 1.5000000000000002 11.232142925262453 3.5000000000000004 4.5000000000000009 2.9650000333786015 12.500000000000002 0.85924345254898082 1.6428571343421938 12.357142925262453 1.0000000180025095e-35 1.6428571343421938 4.5000000000000009
decision_type=2 2 2 2 2 2 2 2 2 2 2 2 2 2 2 2 2 1 2 2 2 2 2 2 1 2 2 2 2 2 2 2 2 2 2 1 2 2 2 2 2 2 2 2 2 2 2 2 2 1 2 2 2 2 2 2 2 2 2 2 2 2
left_child=2 4 3 7 8 10 20 11 14 33 17 34 21 24 15 47 -10 48 54 41 30 44 40 56 29 -14 32 46 -25 -13 50 60 -11 -5 35 36 37 -1 39 -38 -8 -19 -12 -17 51 58 -18 -2 -4 -20 -3 -6 -27 -21 -9 -56 -7 61 -46 -39 -24 -28
right_child=1 6 5 9 12 23 22 18 16 26 42 13 25 -15 -16 43 27 19 49 53 -22 -23 31 28 -26 52 57 -29 -30 -31 -32 -33 -34 -35 -36 -37 38 59 -40 -41 -42 -43 -44 -45 45 -47 -48 -49 -50 -51 -52 -53 -54 -55 55 -57 -58 -59 -60 -61 -62 -63
leaf_value=-0.028650474694075723 0.0057258994479548846 0.002100587598366259 0.0046034813672507007 -0.021369798875637721 0.0047760812849787764 0.030914783284820471 0.010191014955828576 0.011464829807924744 0.016306945408946925 -0.024934689243414854 -0.0030802702322229878 -0.025332458468066511 0.022685092467641416 -0.028723371748650237 -0.0025927635737203127 0.0036315906277457721 -0.0047177306349613134 -0.0071757398977850342 -0.011336622304194915 -0.013416604393714998 0.011125777008160913 0.0056247373790965019 0.026407568728795905 -0.0039522035565297707 -0.038940216916114073 0.0053646339987105038 -0.010992196081054643 0.0017212096316726712 0.014710735588686068 -0.036270789882185704 0.0098924757373649065 0.020714238866318561 -0.013752224018827502 -0.014683285753042868 -0.036685932521455293 -0.023322106590664124 0.10105910237251979 0.11513322686157086 -0.014490280509548426 -0.037541271193580791 0.014661217614986255 -0.022547458740694006 0.012283935118517719 -0.0089502648729371855 -0.0029882419014165013 0.0016113672500158863 0.00046055447100427438 -0.027886632212760595 -0.0082907324928154225 -0.025212904161854288 0.0067065087713084589 0.025994718901136745 0.0093176442046754415 -0.0052057266835245398 -0.013202627938924391 0.11834300641542726 0.0097092360849821407 0.018890503520629428 -0.025815214484797525 0.024558144491515776 0.014342732086861163 -0.0035839018643008453
leaf_weight=316.81187281012535 1282.4380466938019 77593.256834805012 8555.8929336667061 117781.61326035857 39229.551396787167 2529.5300742387772 220462.58488941193 4411.6732078492641 12099.808291196823 13613.229666441679 32608.823396891356 29765.902982324362 10294.239832341671 118915.25585097075 133702.6577808857 9630.2762658596039 141824.75695717335 6790.4343312978745 8643.8033671081066 50147.981451630592 299351.91027712822 262183.54810154438 6949.2216344475746 30010.67180198431 105661.41021823883 169199.21786242723 55294.053659170866 197611.1218457818 6939.2223210334778 31797.529882073402 137464.40505206585 51741.177622795105 130066.68630883098 46166.760595053434 4433.8211416602135 15008.016975849867 291.34007367491722 295.29381316900253 8020.7732294499874 162.84552073478699 107165.92116242647 51649.851065218449 7342.1257928013802 117383.99510699511 69586.325508058071 152361.27596759796 75113.082926928997 12510.289814651012 77004.716549396515 25288.872710257769 230027.77591574192 2857.6198964118958 132917.40909141302 25231.343875616789 4004.8917929530144 65.172460317611694 33868.797965168953 1384.6542295217514 2028.440727353096 215.83569520711899 296773.68438649178 25098.723261773586
leaf_count=373 990 40638 9018 229266 16613 507 28707 5670 6991 21762 37440 72559 2118 300989 119572 7581 128174 11275 15671 72318 65241 94327 1786 29695 317967 84634 76820 142299 4002 83797 50678 2637 197673 85282 10239 36093 99 279 12002 313 11819 103437 6163 126011 45508 82832 46517 14316 104974 57534 79759 500 47224 33191 7838 29 15755 1314 540 170 37525 32035
internal_value=-0.000234065 0.00607076 -0.0175784 -0.0224153 0.00149199 -0.00672191 0.0110161 -0.0300673 -0.00256845 -0.0153942 -0.010129 -0.0317984 0.00487863 -0.0329821 -0.00620682 -0.00963852 -0.000227485 -0.0119268 -0.0172154 -0.015076 0.00859181 0.00325902 0.0136581 0.00532409 -0.0360105 0.0076172 -0.0124181 -0.00071009 -0.000447287 -0.0309821 0.00688753 0.015506 -0.0148117 -0.0194869 -0.0200158 -0.0169755 -0.00673685 0.0365024 -0.010961 0.0513648 0.0116532 -0.0207614 -0.00025666 -0.0079963 0.000927791 -6.60581e-05 -0.00292479 -0.0247614 -0.00700134 -0.0216781 0.00554473 0.00621678 0.00710378 -0.0106682 0.00063863 -0.0110962 0.0111829 -0.00821251 -0.0036348 0.0768859 0.0146188 -0.00867932
internal_weight=4.04873e+06 2.96935e+06 1.07938e+06 746705 1.54182e+06 332679 1.42753e+06 357299 701158 389406 259331 314885 840658 286140 274510 140807 426649 219380 42414.4 133820 744437 528247 683093 73348.2 167225 312411 225457 414549 36949.9 61563.4 445085 355464 143680 163948 28744.7 24310.9 9302.9 827.941 8474.96 454.186 327629 58440.3 39950.9 127014 266063 223976 216938 13792.7 85560.6 33932.7 307621 42087.2 302117 75379.3 8481.74 4070.06 36398.3 81777.4 71614.8 511.13 303723 80392.8
internal_count=3279086 1285537 1993549 1565774 966747 427775 318790 921622 592451 644152 377816 834880 374296 775312 268470 148898 323981 334213 86742 220221 236316 240320 82474 49959 474323 133976 329604 316990 33697 156356 171075 41948 219435 314548 59568 49329 13236 822 12414 412 40526 114712 43603 133592 145993 128880 174691 15306 113992 73205 120397 17113 131858 105509 13537 7867 16262 110169 46048 449 39311 108855
cat_boundaries=0 1 2 3 4
cat_threshold=4 4 4 4
is_linear=0
shrinkage=0.05


Tree=34
num_leaves=63
num_cat=39
split_feature=11 6 5 11 8 0 0 0 0 0 5 0 8 6 0 9 0 0 0 0 11 0 3 0 15 19 0 0 5 0 0 6 0 0 3 8 3 18 0 0 0 0 0 8 0 8 0 0 19 0 0 0 0 0 3 0 15 15 6 0 11 0
split_gain=159041 22492.8 21799.7 16561.8 7280.87 5411.93 4922.6 3390.37 3229.16 3192.57 3004.28 2738.81 2637.94 2164.45 2052.1 2050.32 1778.84 1770.69 1673.45 1390.87 1659.36 1377.07 1358.58 1337.08 1210.49 1057.04 1002.04 974.527 955.159 953.975 948.361 928.004 842.984 825.168 802.629 772.129 762.279 757.818 756.282 744.937 720.811 717.145 665.77 665.441 656.47 817.458 652.623 648.973 647.026 644.244 633.437 610.985 567.574 558.051 550.338 547.48 541.402 537.458 523.215 612.327 521.055 518.309
threshold=1.0712080597877505 3.5000000000000004 1.0000000180025095e-35 0.50131405889987957 1.7857142686843874 0 1 2 3 4 1.0000000180025095e-35 5 0.5000000149011613 1.0000000180025095e-35 6 1.0000000180025095e-35 7 8 9 10 0.28861783444881445 11 12 13 4.5000000000000009 1.0000000180025095e-35 14 15 1.0000000180025095e-35 16 17 1.0000000180025095e-35 18 19 20 1.0000000180025095e-35 21 11.500000000000002 22 23 24 25 26 1.0000000180025095e-35 27 2.0714285373687749 28 29 1.0000000180025095e-35 30 31 32 33 34 35 36 3.5000000000000004 4.5000000000000009 1.0000000180025095e-35 37 0.28861783444881445 38
decision_type=2 2 2 2 2 9 9 9 9 9 2 9 2 2 9 2 9 9 9 9 2 9 1 9 2 2 9 9 2 9 9 2 9 9 1 2 1 2 9 9 9 9 9 2 9 2 9 9 2 9 9 9 9 9 1 9 2 2 2 9 2 9
left_child=2 4 3 5 10 37 -4 22 -8 60 14 -10 31 19 33 21 -13 36 -15 -11 32 -16 25 43 29 26 -3 -17 30 -18 -19 35 -21 -2 46 47 -6 54 -9 -29 -23 -14 -40 -12 -27 -46 -26 -5 55 -50 -43 -20 -33 -52 -1 -25 -24 -30 59 -41 -7 -34
right_child=1 7 6 12 17 9 8 38 11 13 23 16 41 18 15 27 24 28 51 20 -22 40 56 48 34 44 -28 39 57 -31 -32 52 61 -35 -36 -37 -38 -39 42 58 -42 50 -44 -45 45 -47 -48 -49 49 -51 53 -53 -54 -55 -56 -57 -58 -59 -60 -61 -62 -63
leaf_value=0.024634646889556952 0.026888336195697644 0.014528897213189881 0.011522227856190947 -0.0022075434390126298 0.011077557298922999 -0.04304821316811 -0.031066252974854682 0.0089603243207779897 -0.021381255744497507 -0.013866725700833304 0.022919047983551422 -0.014740781699524134 -0.02608944730746178 0.02574936255999264 0.0060596536129757118 -0.024948517480791767 -0.014177052621465234 -0.018538726469460708 0.0042604587362106002 -0.042430805448526773 -0.026110733886233573 -0.0088496890373741584 0.0082539148597014621 0.0018957152300265738 0.020111908448836733 0.011250026011968258 0.0088632690174472572 -0.00013468551062166759 0.0027868454786818455 -0.0047920315982286051 -4.1152132575077085e-05 0.015574404193885069 -0.021187042930203168 0.0019858922134989624 -0.0041691012162223219 -0.01815643695249796 0.0058524241302877244 -0.03669157141848322 0.0072700562402293256 -0.021304458100710452 -0.034202966728817903 -0.019415094740732195 0.0019241385241172471 0.0056912577364124804 0.047599568364283015 0.018249125911499336 0.0027840842319648736 -0.028585675095249608 0.011085167050065285 0.00058572345143044144 -0.01566431289872337 -0.021181292445153724 -0.013578504648450543 -0.0073910225186710728 -0.0017698681141430743 -0.0038482243880519928 0.011912189571983426 0.0067997449092196197 -0.0047872694344612129 -0.0088554721127675918 -0.033680212911816991 -0.033779716312317173
leaf_weight=2329.2361134886742 3741.0134307146072 201032.64682966471 34754.68685734272 2529.419809281826 102758.49005317688 46465.816456347704 14781.030386537313 288638.70273590088 30925.102442711592 13113.266761124134 6418.1395254731178 46887.061157435179 6638.0703704357147 2192.5219076871872 3320.4567087888718 7246.6937462389469 33812.667601794004 7402.6617842316628 2555.7291654646397 28161.552750349045 103025.85394838452 3539.9998636245728 200943.82224613428 55631.880629777908 6305.4578808546066 37073.433188319206 127802.84420990944 39171.482801347971 291764.8934661746 136016.59343001246 106256.41769242287 1712.2369385361671 9351.7163777947426 29447.802806288004 46126.202992528677 119536.6050016284 217978.49171727896 1354.8653218746185 149040.36058855057 11614.421012818813 13937.604051619768 14480.006578296423 95631.423132717609 44252.481380283833 2415.3326499462128 133263.63836848736 39012.731467753649 31884.478371441364 17867.287129402161 79972.03440195322 23632.610155969858 31276.645841240883 58970.751872748137 148929.65766099095 12614.516162186861 163091.12110200524 203618.96748828888 116857.74625343084 71302.796581596136 66387.110128819942 21810.562491297722 73441.178120136261
leaf_count=2435 1880 19650 15107 4328 30751 150126 33459 82840 56844 24353 2607 73333 12522 2406 4005 9569 49723 6107 3796 89556 261364 4117 38239 38090 4884 6659 21784 35840 139674 154585 69759 1996 21315 23836 51470 222364 78615 2686 50386 13965 19503 23941 50702 24184 462 12056 42029 65446 12016 63083 36789 68667 95239 199948 15862 130753 34782 49709 65746 74424 62364 214005
internal_value=-0.0002752 0.00595487 -0.0160564 -0.0210036 0.00158201 -0.0290234 -0.00643223 0.01039 -0.0081957 -0.0304063 -0.00254549 -0.00719787 -0.0141746 -0.0279025 -0.00677677 -0.00855113 -0.00577387 0.00460262 -0.0165177 -0.0297098 -0.0306786 -0.0234774 0.0122517 0.000331674 -0.0041642 0.013991 0.0123276 -0.00696546 0.00280669 -0.00666169 -0.00124754 -0.0179922 -0.0349229 0.00480013 0.000473643 -0.0200564 0.00752676 -0.000884784 0.00722646 -0.00627237 -0.0290758 -0.00994386 0.00518074 0.00787184 0.0171581 0.0187702 0.00519894 -0.0266558 -0.000875467 0.00250431 -0.00936897 -0.0192587 -0.0127556 -0.0085249 0.00236102 -0.00238735 0.0100949 0.00393445 -0.00788254 -0.010713 -0.0400498 -0.0323601
internal_weight=4.04405e+06 2.89942e+06 1.14463e+06 756007 1.45996e+06 347693 388622 1.43946e+06 353867 331395 616942 339086 408314 263118 249709 216521 308161 843019 36024.9 227094 213980 20798.1 906151 367233 261274 501588 328835 195723 522282 169829 113659 214633 110954 33188.8 91444.4 153951 320737 16298.6 533310 188476 17477.6 193680 244672 50670.6 172752 135679 45318.2 34413.9 316562 97839.3 187042 33832.4 60683 172562 14943.8 218723 404563 408623 149304 78001.5 68276.4 82792.9
internal_count=3278735 1215793 2062942 1581508 898233 918935 481434 317560 466327 897952 523618 432868 662573 685462 252885 227169 376024 374615 74869 610593 586240 27625 133632 270733 302691 60611 41434 199544 265249 204308 75866 389373 324876 25716 98383 292138 109366 20983 183928 189975 23620 273200 101088 26791 19177 12518 46913 69774 243942 75099 260678 72463 97235 236737 18297 168843 73021 189383 154135 88389 212490 235320
cat_boundaries=0 95 190 285 348 440 532 627 704 796 890 984 1075 1076 1171 1263 1355 1447 1542 1626 1716 1717 1718 1813 1909 2005 2097 2193 2285 2381 2476 2572 2661 2757 2850 2945 2946 3038 3133 3225
cat_threshold=16384 0 0 0 0 0 0 0 16384 0 0 0 0 0 0 0 0 0 0 0 0 1024 0 0 0 2147483648 0 0 0 65536 16 0 0 0 0 0 0 0 0 0 0 0 0 0 0 0 0 0 0 0 0 0 0 0 32 0 520 0 0 128 0 4096 0 0 0 0 0 16777216 0 0 0 33554432 393216 4864 0 24576 2147483648 0 512 0 2181039104 0 8192 268435456 0 0 0 1048576 68 0 0 0 2097152 0 1 0 0 0 0 0 0 0 4259840 16384 0 4096 0 16777216 0 0 0 0 16777216 0 0 2048 0 2 0 0 0 0 0 0 0 16 0 0 0 0 0 0 0 0 0 0 0 0 0 0 0 0 0 0 0 0 0 0 0 0 0 512 0 4194304 128 2048 4 0 0 0 0 0 128 0 0 0 0 0 4416 128 0 0 0 512 67108864 0 4 8192 268435456 0 0 0 1056768 0 0 0 16 2097152 268435456 8449 16384 0 0 0 0 0 0 4194304 16384 0 0 0 0 0 0 0 0 0 0 0 0 0 0 0 0 2147483648 0 0 0 4 16 0 268435456 0 0 0 0 0 0 0 0 0 0 0 0 0 0 0 0 0 0 0 0 0 1024 0 0 0 4194304 0 2048 0 0 0 0 0 0 0 0 0 0 0 0 4352 0 0 0 0 134218240 0 0 4 8192 0 0 0 0 1048576 4 1048576 0 576 2097152 0 8193 0 2148007936 0 0 0 16811008 0 0 0 1024 0 0 0 16513 6 134250496 65536 0 0 0 0 0 0 8388608 0 512 0 0 0 0 0 0 0 0 335544320 0 2097280 0 2360321 0 0 0 537919488 0 2228224 0 16 8256 0 0 0 0 0 0 0 0 0 0 0 0 0 0 32 0 2148007936 65536 0 0 0 0 0 0 2048 0 0 0 16385 2 32768 0 0 0 0 0 0 0 0 0 1024 0 0 0 0 0 0 0 0 67108864 0 134217728 0 2360320 0 0 0 536870912 0 0 524288 0 64 0 262144 0 64 0 128 0 0 268435456 0 0 4 67584 0 32 0 0 0 0 128 0 0 0 0 8 0 128 0 0 0 0 0 16384 0 0 0 0 0 0 512 0 524288 0 16777216 0 1052672 65544 64 0 262144 524288 134217728 1026 0 0 4 0 65536 1073774592 2147483648 0 1024 0 0 0 0 0 0 2097152 0 0 0 0 0 1073741824 0 8 0 262144 2684354560 0 0 0 0 0 16777216 0 524288 524288 557056 0 0 0 0 0 0 0 0 0 0 0 0 0 0 0 0 0 536870912 0 0 0 0 0 0 0 0 0 0 0 0 0 0 0 0 128 0 0 0 0 0 1048576 0 512 0 0 16777216 16384 0 0 268435456 0 268435456 0 4194304 16387 67108864 4096 0 16777216 0 0 0 0 2097152 0 16 0 525312 0 0 0 0 0 1 0 0 16 0 0 0 8 0 33554432 0 0 0 8 0 0 0 0 0 0 0 0 262144 0 0 0 0 0 0 0 8192 0 0 0 0 0 0 0 0 0 128 0 0 0 0 0 0 0 16384 0 0 0 0 2147484672 0 8192 128 0 0 32 1048576 0 4096 0 512 0 0 256 1 1 0 0 0 0 0 1073741824 0 0 2048 0 0 0 0 67108864 0 270532608 0 0 1024 0 0 0 4194304 0 128 0 0 0 0 0 8388608 0 0 67108864 134217728 0 67633152 0 8 0 4096 0 268468224 2048 256 0 256 0 0 0 1048576 0 0 8 268435456 0 0 0 0 0 0 8200 0 0 4098 0 0 0 0 0 0 0 2 8 32768 16384 0 0 0 0 0 0 4194304 16384 67108864 4096 0 0 0 0 0 0 16777216 0 0 0 0 0 0 0 0 0 1 0 4 16 0 0 0 0 0 0 0 0 0 0 0 0 0 0 0 0 0 0 0 0 0 0 0 0 8192 512 0 4194368 0 2048 4 0 0 0 8 0 16777344 16384 0 0 0 0 768 128 0 32768 0 512 0 1024 4 0 0 0 0 0 1048576 64 4096 0 592 0 0 0 0 0 0 4 65536 0 0 4096 262144 16777216 0 0 0 0 0 262144 0 2048 0 2 1048576 0 0 0 0 0 16384 0 33554432 8192 268435456 0 0 0 0 0 0 0 0 0 0 0 0 0 0 0 8192 0 0 0 0 8192 0 0 0 541065216 32768 0 4 0 0 0 8 0 0 16384 32768 0 0 0 64 0 0 0 0 0 67108864 0 4 0 0 0 0 131072 536879104 0 537919488 0 16 0 268435456 0 0 16777216 268435456 0 16384 0 0 0 67108864 0 0 16777216 0 0 0 0 8192 0 0 2048 0 0 1048577 0 0 1024 32768 0 16384 0 0 0 0 0 0 0 0 0 0 0 0 0 0 0 0 0 0 4096 0 0 0 0 16384 0 0 0 512 4194368 32768 64 0 0 0 0 0 0 8388608 16384 32768 0 8192 0 0 0 0 0 0 536870912 0 0 134217732 0 0 0 0 65568 0 0 536875008 0 2097152 0 268435456 0 0 0 0 64 16384 1 0 0 0 0 4 0 0 0 67108864 0 1 32 0 1024 8388608 8388608 0 0 536871424 1024 33554432 0 0 0 33554432 131072 0 0 0 0 0 0 0 0 0 0 0 0 0 0 0 4096 0 0 0 0 0 263168 0 0 512 64 0 0 0 0 0 0 0 4096 16777216 0 0 0 0 393216 0 0 0 0 0 134217728 0 4194304 0 1048576 64 0 0 0 0 64 0 268435456 773 16384 0 0 0 0 0 0 4259840 16384 0 4096 0 0 0 0 0 0 8192 0 0 2048 0 33554432 0 0 2147483648 0 0 0 16384 16 33554432 0 0 0 0 0 0 0 0 0 0 0 0 0 0 0 0 0 0 0 0 0 0 0 0 512 0 4194304 0 2048 0 0 0 0 0 0 16777216 0 0 0 33554432 0 768 0 0 0 0 134218240 0 1024 0 8192 0 524288 0 0 1048576 0 1052672 0 576 2097152 0 8448 0 0 0 0 0 0 0 4194304 0 0 0 0 0 0 0 0 0 0 0 0 0 0 0 0 0 2147483648 0 0 0 0 16 0 268435456 0 0 0 0 0 0 0 0 0 0 0 0 0 0 0 0 0 0 0 0 0 1024 0 0 0 0 0 0 0 0 0 0 0 0 0 0 0 0 0 0 256 0 0 0 0 512 0 0 0 0 0 0 0 0 0 4 1048576 0 576 0 0 0 0 0 1024 0 0 0 0 4 0 0 81920 32770 2281701376 65536 1024 0 0 0 0 2 8388608 2097152 512 0 0 0 0 0 0 8 0 262144 0 134217856 0 0 0 0 0 1052672 0 32768 32768 33554432 0 0 0 0 0 1048576 0 0 0 0 0 0 132 0 0 0 4194304 0 0 0 0 0 0 0 33554432 0 0 0 8 0 0 0 0 16512 0 0 0 0 0 0 0 0 0 0 16777216 0 0 16777216 0 16842752 0 2065 0 1 0 4 0 0 0 0 0 0 0 0 0 0 0 0 0 0 536870912 0 0 0 20 0 0 0 0 2048 0 33554432 67108864 0 1048576 32768 0 0 0 4 16 33554440 0 0 0 0 0 0 0 0 0 0 0 0 0 65536 0 0 0 0 0 0 8388608 0 0 1073741824 8192 0 0 0 16384 0 0 67108864 0 541081600 0 0 1048576 0 0 0 0 0 8192 0 2097152 0 0 0 0 2048 0 0 0 0 2048 4 0 0 134217728 1073741824 67108864 0 0 0 0 0 0 2 0 2097152 0 128 0 0 0 0 0 0 0 0 536870912 134217728 67108864 524288 0 32768 0 0 0 0 0 33554432 4 512 0 4096 4 1048576 2147483648 0 0 16 0 0 132 0 0 0 8 0 0 0 0 0 0 0 33579008 0 0 0 0 0 0 0 0 0 0 0 0 0 0 65536 16 0 0 0 16777216 0 0 8192 0 0 8 0 16779264 268698624 5 134217728 1024 2 0 0 0 65536 1073741824 67108864 65536 2097152 0 0 1024 0 0 0 0 536870912 0 0 0 16 0 0 268443648 0 268697600 0 128 0 1 0 0 0 0 0 0 0 0 8192 0 0 0 0 0 536870912 0 0 0 0 0 0 0 0 0 536870912 0 0 4096 0 0 0 0 16384 0 0 0 0 0 0 67108864 0 0 0 0 1048576 0 0 0 0 0 0 0 0 0 0 0 0 0 0 0 0 0 0 0 0 0 0 0 0 0 0 0 0 0 0 0 0 0 0 0 0 0 0 0 0 0 0 0 0 0 0 0 0 0 0 0 0 0 0 0 0 0 0 0 0 0 0 0 0 0 0 0 0 0 0 0 0 0 0 0 0 0 0 0 0 0 0 8192 0 0 0 0 1048576 0 4096 167 261 0 0 0 0 0 0 0 0 0 0 4098 0 0 0 0 0 0 16777216 0 16 2048 0 33554434 1048576 0 1024 0 32769 0 81920 0 33554432 0 0 0 0 0 0 524288 0 0 0 0 0 268435456 16 0 0 0 0 0 0 0 0 0 0 0 0 0 128 0 0 0 0 0 8 0 128 16384 0 0 0 0 64 128 0 0 0 0 67108864 0 8192 0 268435584 0 0 0 8192 0 4096 0 16 0 268435456 256 0 0 8 0 2097152 0 4 1073807360 0 0 2 0 0 0 0 0 0 8192 262144 0 2048 0 0 1048576 0 1024 0 32768 0 81920 0 0 268435456 0 0 0 0 0 0 0 0 0 0 0 4 0 0 0 0 2048 0 0 0 0 2048 0 512 0 0 0 2048 0 0 8192 0 8 0 0 0 0 0 0 0 512 0 2147483648 0 0 512 0 33554432 0 2048 0 0 0 0 8192 4 0 268435456 16 0 0 0 1 0 1048576 0 0 2097152 0 2052 65536 0 0 0 0 0 0 0 0 0 8192 0 0 0 0 0 32 0 1024 128 32768 0 4 1073741824 0 0 0 0 0 0 0 0 0 0 16777216 0 0 0 0 8 0 0 0 0 68 0 16384 0 0 0 0 32768 0 0 0 0 8192 0 8 2 0 0 0 1073741824 0 0 256 2 2147483648 2147483648 0 0 0 33554432 0 0 0 0 0 0 8397312 0 8192 0 0 0 0 0 1 0 2148012032 0 0 0 16811008 524288 134217728 0 1024 0 0 0 82049 2 134250496 65536 0 0 0 0 0 0 8388608 0 512 0 0 0 0 0 0 8 0 268435456 0 128 0 0 0 0 0 536870912 0 2097152 524288 16 8256 0 0 0 0 0 0 0 0 0 0 0 0 0 0 32 0 0 0 0 0 0 0 0 0 0 0 0 0 0 0 0 0 16384 0 0 0 0 0 1048576 0 0 0 0 16777216 0 1048576 0 268435456 2097152 0 0 65536 0 67108864 0 0 16777216 0 0 0 0 0 0 0 4 1024 0 0 0 0 0 0 0 0 0 0 0 0 8 0 0 0 0 0 0 0 0 0 0 0 0 0 0 2048 0 0 0 536871040 8224 0 512 0 64 0 0 4 0 0 0 0 0 0 0 0 0 167772160 131072 512 2 0 512 0 536870912 0 1024 0 0 0 524288 0 0 545259520 64 0 0 2097152 0 0 0 1 16384 0 0 0 0 0 0 4194304 16384 0 0 0 0 0 0 0 0 0 0 0 0 0 0 0 0 2147483648 0 0 0 4 16 0 268435456 0 0 0 0 0 0 0 0 0 0 0 0 0 0 0 0 0 0 0 0 0 1024 0 0 0 0 0 0 0 0 0 0 0 0 0 0 0 0 0 0 0 0 0 0 0 0 0 0 0 0 0 0 0 0 0 0 1048576 0 512 0 0 0 0 0 0 0 0 0 8 0 0 0 0 0 0 0 8193 0 0 0 0 33554432 1048576 0 2147483648 0 0 0 65536 0 33554432 0 524288 8 0 0 0 0 0 0 0 0 0 0 0 0 0 512 2048 0 0 0 2147483648 32 0 0 0 32768 32768 64 4096 0 0 0 0 0 0 0 0 0 33554432 0 0 0 16384 0 0 536870912 0 0 8192 0 0 524288 0 0 8389136 4 1576960 0 0 0 0 0 1 0 0 0 0 0 16384 0 1077936128 0 0 4096 0 0 0 0 0 0 1 262144 16 4 1024 33554432 0 0 1024 1152 0 0 0 0 33554432 0 0 0 0 33554432 0 0 0 0 0 0 0 0 0 0 4 0 0 0 0 0 128 0 0 0 0 0 0 0 0 0 0 0 0 0 16777216 0 0 0 0 262144 64 0 2147508224 0 0 512 0 0 134217728 2048 64 0 0 0 1056768 68 0 0 0 0 0 1 0 0 0 0 16777216 0 0 0 0 0 0 0 0 0 0 0 0 0 0 0 0 0 0 0 0 0 0 0 0 65536 0 0 0 0 0 0 33554432 0 0 0 0 0 0 0 0 0 0 0 0 0 0 0 0 0 0 8192 8388608 512 536903744 132 65536 4 0 0 0 16777216 0 128 16384 0 0 134217728 0 64 0 16384 32768 8 0 0 0 8196 0 268435584 0 0 131104 512 64 0 0 0 0 268435456 1 1 0 0 65536 64 0 0 0 0 1026 0 2052 0 0 0 4 0 0 1024 0 0 0 0 0 0 0 0 0 0 0 0 0 0 0 0 262144 2684354560 136314880 0 67372032 0 8 0 4096 524288 655360 32768 256 0 0 0 0 0 1048576 0 0 0 0 0 0 4 0 4096 0 541065216 0 0 2 0 0 0 0 0 0 0 2 8 0 0 0 0 0 0 0 0 0 0 0 0 512 0 0 536870912 0 0 268435456 0 4194304 0 67108864 8388610 0 0 0 0 0 0 8192 32 16 0 8388608 0 0 0 0 1024 0 0 4 0 0 268435456 0 0 0 0 0 0 0 0 0 0 0 0 16 0 0 512 2048 0 0 0 2147483648 1024 8192 0 8192 32768 0 0 0 0 0 0 0 2 0 0 0 0 134217728 0 0 0 2147483648 0 0 536870912 0 0 8192 0 64 0 0 65568 0 0 0 268435456 0 0 0 8192 1 16384 0 0 0 0 0 0 4194304 16384 0 4096 0 16777216 0 0 0 0 8192 262144 0 0 0 0 0 0 0 0 1 0 81920 0 0 0 0 0 0 0 0 0 0 0 0 0 0 0 0 0 0 0 2048 0 0 0 0 1024 0 0 0 541098048 128 0 4096 0 0 0 8 0 0 0 0 0 33554432 0 4160 0 16384 0 0 134217728 0 1024 8192 0 0 0 0 32 1056768 68 0 0 0 2097152 0 1048577 0 0 0 262144 0 0 0 8 0 4 0 134217728 1073774592 2147483648 0 2097152 0 0 1024 0 0 0 2097152 0 0 0 0 0 0 0 0 0 2048 0 0 67108864 2621440 0 0 0 1048576 0 4 0 8 0 268436224 0 4096 0 0 128 0 8 0 0 0 0 0 0 0 8192 0 0 4096 0 0 0 0 0 0 0 0 0 0 0 0 0 4194432 0 0 0 0 0 0 0 0 0 0 2097152 0 0 8448 5 0 0 0 0 0 268451840 20 0 0 67108864 0 0 16777216 0 0 0 0 1 0 16 0 1024 2 1048576 0 1024 1024 32768 0 65536 0 0 268435456 0 8 536870912 0 0 0 0 0 0 0 0 268435456 0 0 0 0 2048 0 0 0 16384 1056 0 0 0 0 0 0 0 0 0 0 0 0 0 0 0 0 0 0 4096 0 0 512 0 0 0 2147483648 8192 0 268435456 0 0 0 536879104 4 0 0 16 0 0 0 0 0 0 0 134217728 0 2050 0 0 0 134217728 1073741824 0 0 0 0 0 0 0 0 0 0 2147483648 0 0 0 0 0 0 0 524288 0 2684354560 0 0 0 0 0 0 0 0 2097152 2048 256 0 268435968 0 4096 0 0 2147483648 8224 2 16 0 0 32768 0 0 0 536870912 0 0 2 8388608 0 0 0 134217728 0 64 128 0 0 0 0 0 4194304 4 0 0 524288 0 0 0 0 0 0 0 2097152 0 8192 0 0 0 0 64 0 0 0 0 0 8388610 262144 0 8388608 0 0 0 1 32 0 0 524288 41943040 0 0 4096 0 0 0 4 0 0 0 0 0 0 33554432 0 0 1048576 0 0 0 0 4 0 0 0 0 2048 0 0 1048576 0 1024 8 0 0 0 0 0 4 0 0 0 0 2 0 0 0 1073741824 134217728 0 64 0 0 32768 0 134217728 0 4194304 0 0 64 0 0 131072 8388608 0 8192 0 16
is_linear=0
shrinkage=0.05


Tree=35
num_leaves=63
num_cat=36
split_feature=10 5 5 10 0 0 0 6 0 0 0 0 5 0 6 0 19 10 0 0 0 0 3 0 0 19 0 3 11 0 0 15 0 17 0 17 15 3 0 10 17 0 0 7 0 0 12 12 14 0 3 15 6 9 0 3 0 0 10 15 0 0
split_gain=146930 21160.2 19721.3 14606.8 6343.81 6156.48 5595.67 4176.59 3721.85 3102.32 3074.7 2472.08 2175.28 2736.28 2043.83 1914.12 1697.89 1623.61 1506.39 1454.32 1412.43 1412.2 1358.59 1546.89 1339.1 1244.29 1296.46 1227.71 1217.76 1143.83 1100.7 1095.6 993.625 980.627 923.409 853.29 843.986 843.814 805.82 790.097 3495.79 787.825 774.565 733.391 721.494 687.082 668.538 1634.97 661.336 850.182 632.782 622.639 612.798 616.339 609.14 604.751 588.598 583.944 581.032 561.893 547.162 521.185
threshold=0.76785713434219371 3.5000000000000004 1.0000000180025095e-35 0.23214285820722583 0 1 2 1.0000000180025095e-35 3 4 5 6 1.0000000180025095e-35 7 1.0000000180025095e-35 8 1.0000000180025095e-35 0.44642856717109686 9 10 11 12 13 14 15 1.0000000180025095e-35 16 17 0.28861783444881445 18 19 3.5000000000000004 20 42.500000000000007 21 37.500000000000007 4.5000000000000009 22 23 2.9464285373687749 42.500000000000007 24 25 1.5000000000000002 26 27 5.4749999046325692 5.3250000476837167 0.8725721836090089 28 29 4.5000000000000009 1.0000000180025095e-35 1.0000000180025095e-35 30 31 32 33 0.053571430966258056 4.5000000000000009 34 35
decision_type=2 2 2 2 9 9 9 2 9 9 9 9 2 9 2 9 2 2 9 9 9 9 1 9 9 2 9 1 2 9 9 2 9 2 9 2 2 1 9 2 2 9 9 2 9 9 2 2 2 9 1 2 2 2 9 1 9 9 2 2 9 9
left_child=2 4 3 6 36 -4 33 12 25 -7 58 -11 13 -6 19 -13 20 30 -18 -12 -9 -16 23 -17 -24 26 39 43 32 -15 -5 37 48 46 -33 -28 55 -10 -22 40 -3 -19 -35 -27 -23 -32 47 -1 49 -21 60 -47 53 -43 -26 -2 -20 -34 -8 -25 -38 -39
right_child=1 8 5 17 7 9 10 16 31 11 14 15 -14 29 21 22 18 41 56 28 38 44 24 59 54 27 35 -29 -30 -31 45 34 57 42 -36 -37 50 61 -40 -41 -42 52 -44 -45 -46 51 -48 -49 -50 -51 -52 -53 -54 -55 -56 -57 -58 -59 -60 -61 -62 -63
leaf_value=0.005724995586011976 0.008584972136230681 0.014556993736017898 0.013466832387734938 0.0054881763726621 -0.02555904838197904 0.0057831080732280845 -0.043807374901255254 0.0035251120030165744 0.0091849535138039031 -0.029842398563940133 -0.013611973651096619 -0.020950919625175347 -0.0014694783860053325 -0.017107519386777657 0.020951013218453569 0.01933917186419631 0.010661998565130905 0.0047522648858732133 -0.016647041864462014 0.22144841898241069 0.00077883068969918058 0.0052928261454769018 -0.019767908493629485 -0.0082601695709353939 -0.013540669173759651 0.033524424427005414 0.010022103820610251 0.011728425690229628 -0.02634291338871135 -0.0049030485573367914 -0.0051432874071212515 0.011124179979076753 -0.041500398352330381 -0.049313996950975519 0.00607817961855969 0.0038536401464784272 0.026309741349124224 0.0058279590114583626 -0.004152188255032498 0.012890843967750074 0.12959412546641294 -0.026268340184712066 0.0077366573983993969 0.017497257042096131 -0.021248824304624728 -0.020805728541431 -0.024683421536946151 0.12080442895643523 -0.020511559034046743 -0.027996221087552998 0.0079227071850973187 -0.014146542603473235 -0.0079385674778570271 -0.012827017976396533 -0.0056903456976840948 0.0037152091856340989 0.0026554830461568285 -0.032989541937743692 -0.034481644372915947 0.0025805661863840096 0.011911366978106588 0.0011744035292327844
leaf_weight=12286.18779578805 91497.835572123528 4052.6261141300201 35394.315216064453 5037.7869733870029 22480.067886888981 33211.072566866875 36445.739099293947 163423.89149731398 84604.297077298164 15443.340730369091 13976.507417559624 30436.529349625111 185256.04264891148 22762.233268737793 2384.2501724362373 7979.8189795315266 74960.500259935856 7592.452101290226 4030.7960519194603 54.972222179174423 140692.50055634975 2810.972708016634 28704.580979883671 32757.983581662178 33796.992892622948 7613.197252869606 192596.72419440746 149208.28321123123 100147.29807850718 122573.58476489782 9567.2010580003262 203166.85867065191 29345.109306514263 1646.4304691553116 163916.84394979477 79085.06496322155 9574.0949044823647 114453.39780837297 201524.4758399725 227364.3912498951 788.97294592857361 9273.3896380960941 930.83645743131638 114298.93664181232 28952.410427063704 124492.67783454061 1712.0433443188667 316.59377831220627 10012.755304664373 73.776450574398041 78472.012201488018 48886.260550051928 68550.05823802948 106183.17861634493 92099.763376057148 210432.09369647503 175103.10055375099 67984.576389968395 30831.667798787355 18820.25335329771 21437.880133926868 126878.51133143902
leaf_count=14057 32124 977 13924 7293 23540 25739 122708 88105 22330 35533 26719 56641 143899 23671 2703 7928 37217 8711 3799 65 85646 4115 49588 46542 51292 1137 34633 21515 261413 124102 15790 48438 95804 3525 60565 14500 2368 33497 156248 18236 192 15520 1351 10162 64989 249021 2474 255 22788 176 31364 92012 93051 162517 116817 93199 116341 205219 93765 23778 7661 49970
internal_value=-0.000266837 0.00537635 -0.0163771 -0.0210124 0.00124992 -0.00622916 -0.0285408 -0.000711428 0.00966073 -0.00860656 -0.0300074 -0.0104445 -0.00520479 -0.00932829 -0.0275015 -0.00921858 0.00137676 -0.0142708 0.00471115 -0.0292572 -0.000298834 -0.016116 -0.00755027 -0.00113321 -0.0100221 0.0120415 0.0105721 0.0147729 -0.0303083 -0.00681554 -0.0175722 0.00699802 -0.0340063 -0.00047811 0.00887142 0.0082262 0.00655491 0.00488833 -0.00212498 0.0133159 0.0333031 -0.0110317 -0.0288702 0.0184966 -0.018899 -0.0182065 0.00463332 0.0086159 -0.0190449 0.0935355 0.0103158 -0.018927 -0.0116826 -0.0139066 -0.00779867 0.00519137 0.00222024 -0.0355596 -0.0395277 -0.00430369 0.0163635 0.00338154
internal_weight=4.04039e+06 2.99225e+06 1.04814e+06 719495 1.52422e+06 328645 339912 1.11281e+06 1.46803e+06 293250 323020 260039 353072 167816 255743 244596 759735 379583 254094 221595 505641 34147.6 214159 59558.1 154601 775008 503888 271120 207618 145336 187984 693020 107471 16892.1 367084 271682 411414 325936 342217 232206 4841.6 191599 2577.27 121912 31763.4 182946 14314.8 12602.8 10141.5 128.749 109484 173379 184007 115457 125897 301930 179134 97329.7 67277.4 51578.2 31012 241332
internal_count=3279259 1285436 1993823 1566041 969284 427782 922126 802568 316152 413858 900464 388119 315212 171313 683991 352586 487356 643915 157357 612184 329999 71807 295945 78248 217697 101352 68538 32814 585465 147773 364116 214800 324052 21662 109003 49133 166716 105797 241894 19405 1169 279799 4876 11299 69104 356823 16786 14312 23029 241 41393 341033 271088 178037 168109 125323 120140 301023 216473 70320 10029 83467
cat_boundaries=0 95 190 285 380 474 566 629 724 816 912 1004 1094 1190 1191 1287 1368 1460 1461 1555 1647 1742 1837 1838 1934 2030 2111 2206 2296 2391 2392 2484 2485 2577 2665 2755 2851
cat_threshold=16384 0 0 0 0 0 0 4194304 16384 0 4096 0 16777216 0 0 0 0 0 0 16 0 1024 33554432 0 0 0 0 1 0 16388 16 33554432 0 0 8 0 0 0 0 0 0 0 0 0 0 0 0 0 0 0 0 0 0 0 0 0 512 0 4194368 0 2048 4 0 0 0 8 0 128 0 0 0 0 0 768 0 0 0 0 0 0 1024 0 8192 0 0 0 0 1056768 0 4096 0 592 0 0 256 16384 0 0 0 0 0 0 65536 16384 0 4096 0 16777216 0 0 0 0 0 0 16 2048 0 2 1048576 0 2147483648 0 0 0 65536 16 0 0 0 0 0 0 0 0 0 0 0 0 0 0 0 0 0 0 0 0 0 0 0 0 0 0 0 4194304 128 2048 4 0 0 0 0 0 128 0 0 0 0 0 4416 128 0 0 0 512 0 1024 4 8192 128 0 0 0 1056768 64 0 0 0 2097152 0 8193 16384 0 0 0 0 0 0 0 16384 0 4096 0 0 0 0 0 0 0 0 0 0 1024 0 0 0 2147483648 0 0 0 65540 16 0 0 0 0 0 0 0 0 0 0 0 0 0 0 0 0 0 0 0 0 0 0 0 32 0 520 0 4194304 128 0 4096 0 0 0 0 0 16777216 0 0 0 0 393216 4608 0 24576 0 0 512 0 2147484672 0 8192 268435456 0 0 0 1048576 68 0 0 0 2097152 268435456 1 0 0 0 0 0 0 0 0 0 0 0 0 0 0 0 0 0 0 0 0 0 0 0 0 0 0 0 0 0 0 16 0 0 0 0 0 0 0 0 0 0 0 0 0 0 0 0 0 0 0 0 0 0 0 1024 0 0 0 4194304 4 2048 0 0 0 0 0 0 0 0 0 0 33554432 0 4352 0 0 0 0 512 0 0 4 8192 268435456 0 0 0 1048576 4 0 0 64 2097152 268435456 8193 0 0 0 0 0 0 0 4194304 0 0 0 0 0 0 0 0 0 16777216 0 0 0 0 0 0 0 0 0 0 0 16384 0 0 0 268435456 0 0 0 0 0 0 0 0 0 0 0 0 0 0 0 0 0 0 0 0 1056 8192 0 0 536903744 4 0 4096 0 0 0 0 0 0 16384 32768 0 33554432 0 0 0 16384 0 0 134217728 67108864 0 8192 0 268435520 524288 0 32 545259520 4 538447872 0 16 0 268435456 0 2148007936 65536 0 0 0 4 0 0 2048 0 0 0 16385 2 32768 0 0 0 0 1024 0 0 0 0 1024 0 0 0 16 0 0 0 0 67108864 0 134217728 0 2360320 0 0 0 536870912 0 0 524288 0 64 0 262144 0 0 0 0 0 0 268435456 0 0 4 67584 0 32 0 0 0 0 128 0 0 0 0 8 0 128 0 0 0 0 0 16384 0 0 0 0 0 0 0 0 524288 0 16777216 0 2148007936 0 0 0 17073152 0 0 0 1024 0 0 0 16513 6 134250496 65536 0 0 0 0 0 0 0 0 512 0 0 0 0 0 0 0 0 335544320 2147483648 128 0 2360321 0 0 0 537919488 0 131072 524288 16 8256 0 0 0 0 0 0 0 0 0 0 0 0 0 0 32 0 0 0 0 0 1024 0 0 0 0 4 0 0 134217728 1073741824 0 65536 0 0 0 2048 0 2 0 0 2147483648 0 0 0 0 0 0 0 0 0 0 134217728 0 0 0 0 0 4096 0 32768 0 0 64 268435968 0 4096 0 1048576 2147483648 32 0 0 0 0 132 0 0 0 4194304 0 0 0 0 0 0 0 33554432 0 4096 0 0 0 0 512 0 16384 8196 0 0 524288 0 0 16 0 0 0 16777216 0 0 8193 0 1052672 65544 64 0 0 0 134217728 1026 0 0 4 0 65536 1073774592 2147483648 0 1024 0 0 0 0 0 8388608 2097152 0 0 0 0 0 0 0 8 0 262144 536870912 2097152 0 0 0 8 16777216 0 524288 2621440 32768 0 0 0 0 0 0 0 0 0 0 0 0 0 0 0 0 0 536870912 0 0 0 0 0 0 0 0 0 0 2 0 0 0 0 0 128 0 0 0 0 0 1048576 0 512 0 0 16777216 0 0 0 0 0 0 0 0 0 0 0 0 0 0 0 0 0 0 0 0 0 0 0 0 0 0 0 0 0 0 0 0 0 0 0 0 0 0 0 0 0 0 0 0 0 0 0 0 268435456 0 0 0 0 0 0 8192 8 8704 536903680 0 65536 0 0 0 0 16777216 0 16777216 16384 32768 0 134217728 8 64 128 2147500032 32768 8 512 0 0 134217728 0 268435456 0 0 0 0 68 537919488 0 0 2097152 268435456 8193 1 0 0 0 0 0 0 0 0 0 67108864 2 0 16777216 0 0 0 0 8193 0 0 2048 0 0 1 0 0 1024 32768 0 0 0 0 0 0 0 0 33554432 0 0 0 0 0 0 0 0 0 0 0 4096 2048 0 0 0 16384 1024 0 0 512 64 32768 0 0 0 0 0 0 0 8388608 16384 32768 0 33562624 0 256 0 0 2147483648 0 0 0 33554432 134217728 0 64 0 0 65536 0 0 536875008 268435456 2097152 0 0 16777216 0 0 0 4 0 0 67108864 2 0 0 0 0 0 0 16785408 0 0 2048 0 2 1048576 0 2147484672 0 0 0 65536 0 0 268435456 0 0 0 0 0 0 0 0 0 0 0 0 0 0 0 0 8192 0 0 67108864 536870912 32 0 0 0 0 0 0 0 0 8192 0 0 0 0 0 0 0 0 131072 4160 130 0 512 0 512 67108864 0 4 0 128 0 0 0 536870912 68 1048576 0 0 0 0 0 268435456 0 4259840 0 0 0 262144 16777216 0 0 0 0 16785408 262144 0 2048 0 2 1048576 0 0 0 0 0 16384 0 33554432 0 0 0 0 0 0 0 0 0 0 0 0 0 0 0 0 0 0 0 0 0 2147483648 0 0 0 0 536903680 0 0 4 0 0 0 0 0 0 16384 32768 0 134217728 0 320 0 2147483648 0 0 0 67108864 0 4 0 0 0 0 131104 8192 0 536870912 0 16 0 0 0 1 7 0 0 0 0 0 268435456 0 0 0 8 8388608 0 0 0 0 0 0 0 0 0 0 8388608 33554432 0 0 0 0 32768 0 4 0 33554432 8192 524288 0 0 0 0 0 0 0 0 0 0 0 16 0 4 512 10240 0 64 0 2147483648 10240 0 0 8704 0 32768 64 0 0 4194304 0 8 0 16777216 0 0 0 134217728 131072 512 0 8192 0 0 536870912 0 0 0 0 0 0 0 0 0 0 0 0 0 0 0 0 1 1 1 0 0 0 0 524304 1073741824 1 0 0 0 0 0 0 0 0 270532608 0 0 0 0 0 0 4194304 0 0 0 0 0 1073741824 0 8388608 0 2048 67108864 134217728 67108864 67633152 1048576 0 0 4096 0 268468228 2048 256 4 0 0 0 0 1048576 0 0 8 268435456 0 0 0 0 0 0 8200 0 0 0 0 0 0 0 0 0 0 0 8 0 0 0 0 536870912 0 0 0 0 0 0 0 0 0 0 0 0 0 0 0 0 0 0 0 0 0 0 0 0 0 0 0 0 0 0 0 0 0 0 0 0 0 0 0 0 0 0 0 0 0 0 0 0 0 0 0 0 0 0 1024 0 0 0 0 0 0 0 0 0 0 0 0 0 0 0 0 0 0 256 0 0 0 0 512 0 0 0 0 0 0 0 0 0 0 0 0 64 772 0 0 0 0 0 0 0 0 0 2056 0 0 0 65536 0 0 0 0 0 0 0 0 0 0 0 0 128 0 0 0 0 0 0 268959744 0 536870912 0 0 524288 0 32768 0 0 0 2097152 526336 0 0 0 0 0 0 0 0 8192 2 16 0 0 32768 0 4096 0 0 0 0 4098 0 0 32768 0 134225920 0 64 130 8 0 0 0 0 0 0 0 268435456 0 0 1048576 0 4 524288 0 0 2097152 268435456 0 0 0 0 0 0 0 4194304 16384 0 4096 262144 0 0 0 0 0 1 262144 0 0 1024 0 0 0 0 0 0 0 81924 0 33554432 0 0 8 0 0 0 0 0 0 0 0 0 0 0 0 0 0 0 0 0 0 0 1024 0 0 0 64 0 2048 4 0 0 0 8 0 16777216 0 0 0 33554432 262144 4096 0 16384 512 0 0 0 1024 0 8192 0 0 0 0 537919488 68 4096 0 16 0 0 16777216 268435456 64 0 0 0 1 0 8388608 262144 0 0 0 0 0 0 0 0 0 524288 33554432 1048608 0 4096 128 0 0 16384 0 0 0 0 0 0 0 0 0 0 0 0 0 0 0 0 0 0 0 0 0 0 0 0 0 8 0 0 32768 0 64 4 0 0 0 16777216 2 0 0 0 1073741824 134217728 0 64 0 0 32768 0 536870912 0 4194304 4 0 0 0 0 131104 8388608 0 8192 0 16 0 0 8192 16384 0 0 0 0 0 0 4194304 16384 0 4096 0 0 0 0 0 0 0 0 0 2052 0 33554432 1048576 0 2147483648 0 1 0 16388 0 0 268435456 0 8 0 0 0 0 0 0 0 0 0 268435456 0 0 0 0 0 0 0 0 0 0 0 0 0 0 128 0 0 0 0 0 0 0 128 16384 0 0 0 0 64 128 0 0 0 134217728 67108864 2147483648 8192 0 128 524288 0 0 8192 0 537919488 0 528 0 0 256 4 0 0 0 0 2097152 268451840 16 65536 1 0 0 262144 0 0 0 0 0 0 262144 0 0 8912896 0 0 0 0 0 33587200 0 0 0 0 0 268435456 0 0 0 0 0 0 0 0 0 0 268435456 0 0 0 0 2048 0 0 0 128 1024 0 0 8704 0 0 0 0 0 0 0 0 0 0 0 0 0 0 0 0 0 16384 0 0 134217728 0 2147483648 8192 2048 268435520 524288 0 32 8388608 0 0 0 0 2097152 268435456 0 1 0 0 0 0 0 0 0 4259840 16384 0 4096 0 0 0 0 0 0 0 0 16 0 1024 0 0 0 0 0 32769 0 81920 0 0 0 0 8 0 0 0 0 0 0 0 0 0 0 0 0 0 4096 0 0 0 0 0 0 0 0 8192 4194304 0 0 0 0 0 0 0 0 16777344 16384 0 0 0 131072 256 0 16384 0 0 134218240 67108864 2147483648 0 8192 0 0 0 0 0 64 4096 268435456 528 0 268435456 0 1 0 0 0 0 0 0 0 0 16384 0 4096 0 0 0 0 0 0 0 0 0 0 0 0 0 0 0 0 0 0 4 0 0 0 0 0 0 0 0 0 0 0 0 0 0 0 0 0 0 0 0 0 0 0 0 32 0 8 0 4194304 0 0 0 0 0 0 0 0 0 0 0 0 0 0 0 0 0 0 0 512 0 1024 0 0 0 0 0 0 0 0 0 0 8388610 0 0 0 0 0 0 0 32 16 0 0 0 0 0 0 1024 0 0 0 0 0 268443648 268435456 0 0 0 0 0 0 0 0 0 0 0 0 0 0 512 10240 4096 64 0 0 9216 8194 0 8192 0 32768 0 0 0 4194304 0 16777224 0 0 0 0 0 0 0 0 0 0 0 0 671088640 0 0 0 0 64 524288 0 65536 545260032 0 0 268435456 0 0 0 8192 16384 0 0 0 0 0 4 65536 0 67108864 2 0 16777216 0 0 0 0 16785408 32 16 2048 8388608 41943040 1 0 1024 0 32768 0 0 0 0 0 0 0 0 0 0 0 0 0 0 0 0 0 0 0 0 4096 262144 0 0 0 0 0 0 8 0 536903680 0 0 0 0 0 0 0 0 0 0 0 0 0 8 64 0 2147483648 2147483648 0 0 0 0 0 2048 64 0 0 131072 8396800 0 536870912 0 0 0 0 0 0 0 0 0 0 0 0 0 0 0 0 0 0 0 0 0 0 0 0 0 4096 0 0 0 0 0 0 0 0 0 0 0 0 0 0 0 0 0 0 0 0 0 0 0 0 0 0 0 0 0 0 0 0 0 0 0 0 0 0 0 0 0 0 0 0 0 0 0 0 0 0 0 0 0 0 0 0 0 0 0 0 0 0 0 0 0 0 0 0 8192 7 0 0 16777216 0 16779264 16384 2049 0 0 0 2048 0 0 0 0 67108864 0 0 0 0 1024 0 0 32 0 0 128 0 0 16 0 0 0 0 0 0 33554432 0 0 0 32768 0 0 0 0 16 33554440 0 268436224 0 0 0 0 16384 262144 0 0 0 0 0 65536 0 0 0 0 0 4098 0 0 0 0 0 0 0 0 0 32768 0 67108864 0 4210688 0 0 0 0 0 0 0 0 8192 0 2097664 261 1 1048576 0 0 0 0 0 0 2 0 4 4 0 134217728 1073741824 2147483648 0 268435456 0 0 1024 0 0 0 2097152 0 128 0 0 0 0 0 8388608 0 0 536870912 134217728 0 0 0 0 0 4096 0 2097152 2048 33554432 0 256 0 4096 0 1048576 0 0 8 0 0 0 0 0 0 0 0 0 0 2 8388608 0 0 0 33562624 0 0 0 8 0 0 0 0 16384 0 0 0 0 0 0 0 0 8192 0 16777216 1 0 8 0 16779264 268436480 1 134217728 1024 2 0 0 0 65536 1073741824 0 0 2097152 0 0 0 0 0 0 0 536870912 0 0 0 0 0 0 268443648 0 262144 0 128 0 0 0 0 0 0 0 2621440 0 0 8192 0 0 0 64 0 536871040 0 0 0 8192 536870912 0 0 0 0 536870912 0 0 4096 0 0 0 0 0 0 0 0 0 0 0 67108864 0 0 0 0 1048576 0 0 0 528 16384 0 0 0 0 0 0 4194304 16384 0 0 0 0 0 0 0 0 0 0 0 0 0 0 0 0 0 0 0 0 0 16 0 0 0 8 0 0 0 0 0 0 0 0 0 0 0 0 0 0 0 0 0 0 0 0 0 0 0 0 0 0 0 0 0 0 0 0 128 0 0 0 0 0 256 0 0 0 0 0 0 0 0 8192 0 0 0 0 0 0 4096 0 0 0 268435456 0 0 0 0 16384 67108864 0 0 16777216 0 0 0 0 0 0 0 2048 0 33554432 0 0 0 128 0 0 0 0 0 131072 0 0 0 0 0 0 0 0 0 0 0 0 0 0 0 512 0 0 4 67108864 536871040 0 0 0 0 64 0 0 4 0 0 0 16777224 0 16777344 16384 0 0 0 131072 576 0 0 512 8 0 0 1024 0 0 128 0 0 0 536870912 0 536875008 0 512 0 0 0 1
is_linear=0
shrinkage=0.05


Tree=36
num_leaves=63
num_cat=41
split_feature=10 10 0 6 0 10 6 6 6 0 0 11 0 10 0 0 7 19 0 6 0 0 0 3 3 0 15 0 0 3 0 15 0 15 0 0 15 0 0 11 0 0 3 0 0 0 19 3 19 0 0 15 0 0 3 0 0 0 3 3 19 0
split_gain=133465 19323.8 18074.9 11560.8 6180.99 7494.21 4439.17 3907.02 3097.45 2739.8 2266.45 1769.43 1738.25 1662.61 1529.75 1480.46 1325.68 1295.56 1738.78 1292.06 1193.57 1184.35 1062.27 950.255 914.854 866.18 853.781 813.448 812.026 801.118 1205.53 778.939 765.671 760.792 696.483 694.218 663.893 645.142 639.089 615.484 614.902 606.397 760.731 591.726 571.154 553.122 549.525 544.986 537.76 601.208 531.806 526.89 505.069 504.91 492.725 487.189 498.753 481.339 469.922 465.226 556.622 464.423
threshold=0.76785713434219371 2.6607142686843877 0 1.0000000180025095e-35 1 0.30357143282890325 3.5000000000000004 8.5000000000000018 1.5000000000000002 2 3 0.33565936982631689 4 0.12500000372529033 5 6 1.5000000000000002 1.0000000180025095e-35 7 5.5000000000000009 8 9 10 11 12 13 3.5000000000000004 14 15 16 17 4.5000000000000009 18 4.5000000000000009 19 20 4.5000000000000009 21 22 16.665846824646 23 24 25 26 27 28 1.0000000180025095e-35 29 1.0000000180025095e-35 30 31 3.5000000000000004 32 33 34 35 36 37 38 39 1.0000000180025095e-35 40
decision_type=2 2 9 2 9 2 2 2 2 9 9 2 9 2 9 9 2 2 9 2 9 9 9 1 1 9 2 9 9 1 9 2 9 2 9 9 2 9 9 2 9 9 1 9 9 9 2 1 2 9 9 2 9 9 1 9 9 9 1 1 2 9
left_child=2 8 13 4 23 9 10 17 12 47 -5 15 29 -1 -12 -11 25 20 24 26 51 -16 -7 37 -19 -14 48 -17 -13 30 -2 40 -27 34 59 -21 43 -4 -22 -35 -23 42 50 -24 -20 -30 61 -6 53 -50 -29 54 -18 -10 -3 -8 -57 -28 -33 60 -9 -34
right_child=1 7 3 6 5 22 55 33 19 11 14 28 16 -15 21 27 52 18 44 35 38 31 36 -25 -26 32 57 41 45 -31 -32 58 46 39 -36 -37 -38 -39 -40 -41 -42 -43 -44 -45 -46 -47 -48 -49 49 -51 -52 -53 -54 -55 -56 56 -58 -59 -60 -61 -62 -63
leaf_value=-0.039377083771023086 0.087212547611238672 0.0104104497375686 0.058985660258866882 -0.020685207461953226 0.0040769976946575378 -0.021147961873184629 0.025573552400230688 0.010233580934485995 0.0047226156018143192 -0.038926039950572894 0.010208676959755043 -0.0052475962429555977 -0.018408491080045386 -0.027384104476207101 -0.014379676009769478 -0.013695962671262435 -0.015187764887861922 0.020410852434363465 -0.0043055645057526511 0.019379790945536681 -0.0079678764431474793 -0.013435834680819936 -0.019538114153874124 -0.0015592372618360426 0.010877348032492762 -0.012063902467198503 0.0090919517877363805 0.062511329106820779 -0.027439319027137827 0.0030504185506462396 0.013355308949438663 0.0045981574412161776 -0.010855624673754474 0.012301928571825445 0.0048695125205690292 0.0068910969380295232 -0.0075506368186992736 0.012971594513532329 0.0036767782784805692 0.019778747271888778 -0.0050538119261172845 -0.030370416414368287 -0.024550586811228202 -0.011916437966361463 0.0068713370917569856 -0.020414440741777336 -0.00089790363753497005 -0.012478103959934577 0.01423373020054567 0.0014629814594841846 -0.0046616698817588094 0.010072158171030047 0.00041997635568828077 -0.0031894338254589687 0.0040836570683208387 0.016488997762500568 0.0032865174163526074 0.003146327220827869 -0.0044140673159383985 0.0084320959476788318 0.015208208245391984 -0.0043182364625681631
leaf_weight=66668.680975228548 662.97148078680038 41364.140641331673 832.68995079398155 28176.164698779583 7019.0117435753345 32649.523425877094 5432.3660187721252 166211.91113841534 24151.308547258377 31643.37728920579 14250.422295510769 7317.9665211439133 11647.576020598412 51009.241503745317 40639.723781436682 11126.477950423956 5310.6108215451241 34873.746619224548 11983.292785227299 14348.376478016376 12140.861444234848 30052.28543227911 30470.209202975035 25712.917080849409 90828.464596867561 30968.466550052166 41705.95998519659 320.0630010664463 38991.739946633577 96853.210167825222 3157.5352196097374 27269.03975880146 31881.485897481441 254888.80949532986 61416.22979080677 49682.670376062393 73516.460381984711 8237.0584618747234 390746.19482332468 30856.87261390686 80586.249412745237 67525.609177619219 17065.629884183407 157018.27055981755 246368.59368175268 102119.03505542874 106681.87555885315 17020.35512393713 10884.507347404957 59858.504810333252 2738.5942252278328 120349.60418760777 200914.05792766809 121908.65584564209 120347.02303558588 13044.837154746056 15862.59712511301 185300.80376327038 30781.127811223269 155379.31495392323 84981.76042842865 183980.77939593792
leaf_count=223878 168 11543 456 54723 10357 58517 2611 16898 14256 101996 10583 13350 12842 126274 69321 23998 5468 7071 5132 4782 5701 48642 53700 27847 22271 32437 21182 545 97753 61072 1885 33706 31623 31764 13420 24120 107875 7107 126819 1233 107092 199228 44175 247790 72644 231106 94368 28013 6355 40219 6403 32965 155098 86744 37912 4911 12842 115155 40756 19843 7194 164000
internal_value=-0.000244965 0.00509237 -0.0157276 -0.0133608 -0.0171393 -0.0183338 -0.00502313 0.00831957 0.000106918 -0.0238522 -0.00732338 -0.0252483 -0.00212003 -0.0341756 -0.0056383 -0.0294982 -0.00318738 0.00637577 0.00870034 0.00305398 0.00507237 -0.00671755 -0.0126425 0.00335059 0.0135237 -0.00499733 0.00209603 -0.0264713 -0.0215157 0.00393776 0.026366 -0.00487088 -0.00455481 0.0110764 0.00983513 0.00969372 -0.0115773 0.0172564 0.00332568 0.0131093 -0.00733226 -0.0280913 -0.0204327 -0.0131568 0.00635277 -0.0223574 -0.00383349 -0.00764466 -0.000148019 0.00343011 0.00254823 0.0075669 1.73363e-05 -0.00188106 0.00570289 0.0118407 0.00924794 0.0042392 -0.000180547 0.0105849 0.0119161 -0.00528447
internal_weight=4.03773e+06 3.00264e+06 1.0351e+06 917420 631325 596542 286095 1.82274e+06 1.1799e+06 302888 251755 278848 672059 117678 223579 130420 571385 1.069e+06 384054 507841 684948 209328 293654 34782.7 125702 365160 443810 98776.4 148429 100674 3820.51 168689 353513 753735 467989 64031 261005 9069.75 402887 285746 110639 87649.9 20124.3 187488 258352 141111 322544 24039.4 216803 70743 3058.66 282061 206225 146060 161711 34339.8 28907.4 227007 58050.2 406573 251194 215862
internal_count=3279739 1284184 1995555 1645403 1260216 1224806 385187 412410 871774 756924 364823 718554 558961 350152 310100 376345 495836 322058 107118 312813 214940 299517 467882 35410 29342 335270 283911 274349 342209 63125 2053 230196 322428 90352 57355 28902 409365 7563 132520 32997 155734 250351 51123 301490 77776 328859 289991 38370 147574 46574 6948 82420 160566 101000 49455 20364 17753 136337 74462 43935 24092 195623
cat_boundaries=0 92 187 282 371 467 561 649 745 837 929 1024 1025 1026 1118 1210 1306 1307 1400 1495 1590 1685 1775 1865 1955 2046 2047 2136 2224 2313 2314 2407 2495 2587 2680 2681 2771 2866 2960 2961 2962 3057
cat_threshold=0 2148007936 65536 0 0 16778240 0 0 0 1024 0 0 0 16513 6 134250496 65536 0 0 0 0 0 0 0 0 0 0 0 0 0 0 0 0 0 335806464 0 136315008 0 2360320 0 0 0 536870912 0 0 524288 16 8256 0 0 0 0 0 0 0 0 0 0 0 0 0 0 32 536870912 0 0 0 0 0 0 0 0 0 0 0 0 0 0 0 0 16384 0 0 0 0 0 0 0 0 0 0 16777216 16384 0 0 0 0 0 0 4194304 0 0 0 0 0 0 0 0 0 0 262144 0 0 1024 0 0 0 0 0 32768 0 65536 16 0 0 0 8 0 0 0 0 0 0 0 0 0 0 0 0 0 0 0 0 0 0 0 0 0 0 512 4194304 128 0 0 0 0 0 0 0 16777216 0 0 0 33554432 393216 4864 0 16384 0 0 512 0 33555456 0 8192 268435456 0 0 0 1048576 68 536875008 0 0 2097152 268435456 1 0 0 0 0 0 0 0 0 16384 67108864 2 0 16777216 0 0 0 0 8192 0 0 2048 0 33554432 1048577 0 2147483648 0 0 0 16384 0 0 0 0 0 0 0 0 0 0 0 0 0 0 0 0 0 0 4096 2048 0 0 0 0 32 0 8 0 64 32768 0 4100 0 0 0 0 0 0 16384 32768 0 8192 0 0 0 8192 0 0 536870912 67108864 2147483648 4 0 0 0 0 65568 8388608 0 0 0 16 0 0 8192 0 4096 8 64 0 294912 0 134217728 0 0 2048 4 0 65536 32768 2147483648 0 1024 0 0 0 0 0 8388608 2097152 512 0 0 0 0 1073741824 0 8 0 0 2684354560 0 0 67108865 0 0 16777216 1048576 524288 2752512 32768 0 0 0 0 0 0 0 0 0 0 0 0 0 0 0 0 0 0 0 0 0 0 0 0 0 0 0 0 2 0 0 0 0 0 128 0 0 0 0 0 1048576 0 512 16384 0 0 0 0 0 0 4259840 16384 0 4096 0 0 0 0 0 0 0 0 0 0 1024 0 0 0 0 0 1 0 0 16 33554432 0 0 8 0 0 0 67108864 0 0 0 0 0 0 0 0 0 0 0 0 0 0 0 0 0 512 512 0 0 0 4 0 8192 0 0 0 0 0 0 0 0 0 768 0 16384 0 0 134218240 0 2147484672 0 8192 128 0 0 0 1048576 64 4096 0 512 2097152 268435456 256 1 16384 0 0 0 0 0 0 65536 16384 0 4096 0 0 0 0 0 0 0 0 0 2048 0 0 0 0 0 0 0 0 65536 16 0 0 0 0 0 0 0 0 0 0 0 0 0 0 0 0 0 0 0 0 0 0 0 1056 0 512 0 541065280 128 2048 4 0 0 0 0 0 0 0 0 0 0 131072 64 0 16384 0 0 512 67108864 1024 4 8192 268435520 0 0 32 1048576 4 4096 0 0 2097152 268435456 0 0 8 0 16779264 262144 5 134217728 1024 2048 0 0 0 65536 0 2147483648 0 2097152 0 0 1024 0 0 0 2097152 536871936 0 0 0 16 0 0 0 0 0 0 0 0 0 0 0 16777216 1048576 0 2621440 0 0 0 0 262144 0 64 0 128 0 0 268435456 0 0 0 65536 0 0 0 0 0 4096 0 0 0 0 0 8 0 128 0 0 0 67108864 0 0 0 0 1048576 0 0 0 512 0 0 0 0 0 16384 0 0 0 0 0 0 0 0 0 0 0 0 0 0 0 0 0 0 0 0 0 0 0 0 0 0 8192 0 0 0 0 0 0 0 0 0 0 0 0 0 0 0 0 0 0 0 67108864 0 0 8192 520 0 4194368 128 2048 4 0 0 0 8 0 16777344 16384 0 0 0 0 768 0 16384 32768 8 0 0 1024 4 0 0 0 0 0 1048576 0 536875008 0 0 2097152 0 1 1 16384 0 0 0 0 0 4 4194304 16384 0 4098 0 16777216 0 0 0 0 16777216 0 16 2048 0 33554432 0 0 2147483648 0 0 0 16388 16 33554432 268435456 0 8 0 0 0 0 0 0 0 0 0 0 0 0 0 0 0 0 0 0 536887296 0 0 0 0 0 0 0 0 0 0 0 0 0 0 0 0 0 0 0 256 128 0 512 0 0 67108864 2147483648 0 0 128 0 0 0 8192 4 1048576 0 592 0 1048577 16777216 0 0 0 524304 0 1026 0 0 0 0 0 1073741824 0 0 268435456 0 0 0 0 0 0 4194304 0 0 0 0 0 0 0 8388608 0 2048 0 33554432 0 524288 0 8 0 4096 0 268468228 2048 264 0 256 0 0 0 0 0 0 8 268435456 0 0 0 65536 0 0 8 0 0 4096 0 0 0 0 0 0 0 0 8 32768 0 0 0 4194304 0 0 0 0 0 0 0 0 0 0 2097152 0 0 0 0 0 294912 524288 134217728 1024 0 4 4 0 65536 32768 0 0 1024 0 0 2048 0 2 8388608 0 512 0 0 0 0 0 0 8 0 0 0 0 67108864 67108864 0 0 0 4096 524288 2097152 32768 256 0 512 0 0 0 1048576 0 0 0 0 0 0 4 0 0 0 4194304 0 0 2 0 0 0 0 0 0 0 0 0 0 0 0 0 4194432 0 0 0 524288 0 1048576 0 0 0 0 0 0 0 8192 261 768 0 0 8 0 0 1024 0 0 1024 0 2052 0 0 134283264 1073774592 0 65536 0 0 0 0 0 2 0 0 0 0 0 0 0 0 0 0 0 0 0 134217728 0 0 0 0 0 1052672 0 2129920 524288 33554432 0 268435456 0 4096 0 1048576 0 0 0 0 0 4194304 4 0 0 0 4194304 0 0 4098 8388608 0 0 0 0 0 0 0 8 0 0 0 0 16384 4 0 0 0 0 1048576 0 0 0 0 16777216 0 0 16777216 268435456 65600 0 0 0 0 0 8392704 262144 0 8388608 0 0 0 16777216 0 0 4 0 8388608 0 0 4096 1024 0 0 4 0 0 0 268435456 0 0 33554432 0 0 0 0 0 0 0 0 0 0 0 0 0 0 0 0 2147500032 0 0 512 0 32768 0 64 0 0 0 0 16777216 2 8388608 0 0 1073741824 134217728 0 64 0 0 2147483648 0 134217728 0 0 0 0 0 0 0 131072 0 0 8192 0 2097152 0 0 0 0 0 0 2048 65536 0 0 4096 0 0 0 0 0 0 1 32 16 0 8912896 0 0 0 1024 0 0 0 4 0 33554432 0 0 0 0 0 0 0 0 0 0 0 0 0 0 0 0 0 0 0 0 0 0 11264 8192 0 0 536903680 0 0 0 0 0 0 16777224 0 0 0 0 0 0 8 64 128 2147483648 512 0 0 0 0 134217728 2048 64 0 0 0 536879616 0 0 268435456 0 0 0 0 1 4 0 0 0 0 0 0 0 0 0 0 4096 0 0 0 0 0 0 0 0 0 0 0 0 0 0 0 0 0 0 0 0 0 0 0 0 0 0 0 0 0 0 0 0 0 0 0 0 0 0 0 0 0 0 0 0 0 0 0 0 0 0 0 0 0 0 0 0 0 0 0 0 0 0 0 0 0 0 0 134218240 0 0 0 8192 0 0 0 0 0 0 0 0 0 2097152 0 0 16777216 0 16777216 0 0 1073741824 0 0 0 0 0 0 0 2147483648 0 268435456 0 0 1024 0 0 0 2097152 4096 128 0 0 0 0 0 8388608 524288 0 2684354560 0 0 524288 0 32768 16777216 0 0 0 2048 0 0 512 0 0 0 0 2147483648 32 2 0 0 0 128 64 0 0 8 0 0 0 0 0 0 0 8192 0 0 0 0 0 0 0 0 4194432 0 1048576 0 0 0 0 16 0 8192 0 2097152 0 0 8192 0 0 0 0 0 0 0 4194304 0 67108864 2 0 0 0 0 0 0 16777216 0 0 2048 0 0 0 0 2147483648 0 32768 0 4 16 33554432 0 0 0 0 0 0 0 0 0 0 0 0 0 0 0 0 0 0 0 0 0 536870912 0 0 0 8192 4194304 0 2048 0 0 0 0 8 0 0 16384 0 0 0 0 4416 0 0 0 0 512 0 0 0 8192 0 0 0 0 9437184 4 4096 0 592 2097152 268435456 8193 0 0 0 0 0 0 0 0 0 0 0 0 0 0 0 0 0 0 32 0 4 0 0 0 0 2147483648 0 32768 0 4 0 0 268435456 524288 0 0 0 0 0 0 0 0 0 0 0 0 0 0 268435456 0 0 0 67108864 0 1024 0 0 0 4194304 128 2048 0 0 0 0 0 0 0 0 0 0 33554432 0 256 2 0 0 0 671089152 0 0 8196 0 268435584 0 0 0 9437184 0 1048576 0 64 2097152 0 8193 0 0 0 0 0 0 0 0 0 0 0 0 0 0 0 0 0 0 0 0 0 0 0 0 0 0 0 0 0 0 0 0 0 0 0 0 0 0 0 0 0 0 0 0 0 0 0 0 0 0 0 0 0 0 0 0 0 512 0 0 0 0 0 0 0 0 0 0 0 0 0 0 0 768 0 0 0 0 0 0 0 0 0 0 0 0 0 0 0 4096 0 0 0 0 0 0 0 0 1 8 4 0 0 134217728 0 0 0 1 0 0 0 0 8388608 0 0 0 1024 0 0 0 0 0 0 524288 0 0 0 0 0 0 0 0 0 0 268435456 0 0 0 268435456 262144 0 68 0 0 1024 8192 8388608 0 32768 0 64 0 0 0 0 16777216 0 0 0 32768 0 134217728 262144 0 0 8192 32768 8 0 0 0 0 1048576 0 0 0 196640 528 0 524288 1 0 0 0 16842752 0 2049 1073741824 1 0 4 0 0 0 0 67108864 0 2097152 0 0 1024 0 0 32 0 536870912 128 0 0 16 0 0 0 0 0 67108864 0 67108864 0 1048576 32768 0 0 0 0 0 0 4 0 0 0 0 1048576 0 262144 0 0 0 0 0 0 0 0 8192 0 0 2 8388608 0 0 1073741824 0 0 0 0 8192 0 0 67108864 0 536870912 134217728 0 1048576 0 0 0 0 0 8192 0 0 536870912 0 0 0 0 65536 0 0 0 0 0 0 0 0 0 1 32 16 0 8912896 2 32 0 0 128 0 0 0 0 33554432 0 0 0 0 0 0 0 1048576 32768 0 0 0 4 16 0 0 512 8192 4096 0 1048576 0 11264 8 0 0 0 0 0 0 0 4194304 0 8 0 0 0 0 0 0 0 0 0 2147483648 32768 0 0 0 4194304 134217728 0 64 0 0 0 8192 0 0 268435456 6 0 1 16777224 64 0 0 0 0 2 0 0 0 0 0 0 2147483648 0 2097152 0 0 0 0 0 0 2097152 2147483648 0 0 0 0 1073741824 0 0 524288 2048 2214592512 0 0 524288 0 32776 0 1048576 0 269123584 0 0 0 0 0 4096 0 0 2147483648 0 8 0 0 0 0 0 4 0 8200 0 0 0 8388608 0 0 0 0 0 0 2 0 0 0 0 0 0 0 0 0 0 0 0 16 512 0 0 0 0 0 0 2048 65536 1 8 0 262144 0 0 0 0 0 8193 32 0 0 8388608 8388608 0 0 0 1024 0 0 0 0 0 0 268959744 0 0 0 0 0 0 0 0 0 0 268435456 16 0 0 268435968 270336 0 68 0 2147483648 1024 0 0 0 0 32768 64 0 0 0 0 0 0 0 0 0 0 33554432 262144 0 0 0 0 0 0 0 0 0 1048576 0 0 0 131072 8389120 0 1052672 0 64 0 294912 524288 0 1024 0 2048 0 0 65536 0 2147483648 0 1024 0 0 0 0 2 8388608 0 4096 0 0 0 0 1073741824 0 0 0 2048 2147483648 0 67108864 1 0 8 0 1052672 524288 2785280 32768 0 0 0 0 0 0 0 0 0 0 268435456 0 0 4 0 0 0 0 0 0 0 0 0 0 0 0 0 0 0 0 0 0 0 0 0 0 0 0 0 0 1048576 0 512 261 0 0 0 0 0 0 0 0 0 0 0 0 0 0 0 0 0 0 0 0 0 0 0 0 0 0 0 0 0 0 0 0 0 0 0 0 0 0 0 0 0 0 0 0 0 0 256 0 0 0 0 0 0 0 0 8192 8389128 8192 541065216 132 65536 4 0 0 0 16777224 0 16777216 16384 0 0 134217728 0 4928 0 0 32768 8 512 0 0 0 0 0 0 0 131072 1049088 4 536875008 0 0 2097152 0 0 0 0 0 0 0 65536 0 0 0 0 0 0 0 0 0 0 0 0 0 8388608 0 0 0 0 0 0 0 0 0 0 0 0 0 0 0 0 0 1048576 0 0 0 0 0 0 0 0 0 8192 0 0 0 0 0 0 0 0 0 0 0 0 0 0 0 0 0 0 0 0 0 0 0 0 0 0 0 0 0 0 0 0 0 0 0 0 0 8192 1 1048576 0 0 0 0 0 134217728 2 0 4 0 0 142606336 1073741824 2147483648 0 270532608 0 0 0 0 0 0 2097152 0 128 0 0 0 1073741824 0 0 0 0 536870912 134217728 0 0 0 0 0 4096 0 2097152 2048 33554432 0 0 0 4096 0 1048576 0 0 0 268435456 0 0 0 0 0 0 4194304 0 0 2 8388608 0 0 0 33562624 0 0 0 8 0 0 0 0 16384 0 0 0 0 0 0 0 0 8192 0 2097152 16384 0 16777216 0 0 0 0 0 0 67108872 4096 0 0 8388608 1073741824 0 0 16785408 0 0 0 0 2 0 0 2147483648 0 0 0 65536 16 0 0 0 0 0 0 0 0 0 0 0 0 0 0 0 0 0 268435712 8192 0 0 0 128 1024 0 0 0 4194304 0 0 4 0 0 0 0 0 0 0 0 0 0 0 0 130 0 0 0 512 67108864 1024 4 8192 0 0 0 0 536870912 4 1052672 0 0 2097152 12 0 0 0 0 0 0 0 4194304 0 67108864 4096 0 16777216 0 0 0 0 0 0 0 4 0 33554434 1048576 0 2147483648 1024 0 0 4 0 0 268435456 524288 0 0 0 0 0 0 0 0 0 0 0 0 0 0 512 0 0 0 0 2147483648 1024 0 0 8192 32832 0 2048 0 0 0 0 0 0 128 16384 0 0 0 8 768 128 0 512 0 134217728 0 0 0 0 0 0 0 0 536871424 0 1048576 0 0 0 0 65536 0 0 65536 0 8 0 0 0 0 0 0 0 16777217 0 16 2048 8388608 0 0 0 0 0 0 0 16384 0 0 0 0 0 0 0 0 0 0 0 0 0 0 0 0 0 0 0 2048 0 0 0 0 8224 8192 0 512 0 32772 0 0 0 4194304 0 0 0 0 0 32768 0 0 0 64 0 0 0 0 536871424 0 0 8196 8192 0 0 0 0 9437184 4 524288 0 16 0 268435456 8193 0 0 0 0 0 262144 0 4194304 0 0 4100 0 16777216 0 0 0 0 8192 0 16 0 1024 33554432 1048576 0 0 0 1 0 16384 16 0 268435456 0 0 0 0 0 0 0 0 0 0 0 268435456 0 0 0 268435456 2048 0 0 0 0 1024 0 0 0 4194304 32768 0 0 0 0 0 0 0 0 0 0 0 0 0 4864 0 0 0 0 134218240 0 0 8196 8192 0 524288 0 0 0 0 4096 0 0 2097152 268435456 167 836 1 0 536870912 0 65536 0 0 134217728 0 0 0 4 0 0 0 0 0 0 0 0 4 0 0 0 0 0 0 0 0 0 0 0 8 0 0 0 33554432 0 0 0 0 0 0 0 0 0 264 0 256 0 0 0 0 0 8192 8192 276824080 0 32768 32768 65536 4096 0 0 0 0 0 0 16384 32768 1073741824 134217728 0 0 0 0 32768 8 0 0 536870912 0 0 1048576 0 0 65536 8388608 0 524288 0 0 0 0 1
is_linear=0
shrinkage=0.05


Tree=37
num_leaves=63
num_cat=7
split_feature=10 8 5 10 10 7 5 6 6 6 1 10 11 5 8 12 11 10 3 5 6 5 1 7 12 8 6 3 5 14 12 14 10 1 16 17 17 14 16 3 11 9 6 14 8 6 17 14 8 8 16 17 16 20 12 12 12 17 14 3 12 5
split_gain=122218 19738.9 17415.1 11670.5 4068.56 3754.85 3622.68 2647.05 2277.17 2222.01 1874.9 1663.37 1646.6 1313.34 1249.23 1070.15 986.491 962.953 919.555 855.217 804.818 800.699 778.061 769.993 751.04 722.394 689.575 677.634 645.895 637.06 621.823 674.396 606.963 602.192 592.18 583.776 1209.75 605.759 562.247 557.703 530.782 515.418 511.867 508.601 500.787 489.888 477.055 466.85 462.903 450.403 445.197 434.143 431.378 427.517 408.877 430.131 1245.73 828.913 408.415 447.788 402.94 422.469
threshold=0.69642856717109691 2.5000000000000004 1.0000000180025095e-35 0.19642857462167743 1.0000000180025095e-35 7.5000000000000009 2.5000000000000004 1.5000000000000002 1.0000000180025095e-35 1.5000000000000002 0 0.37500000000000006 0.61665850877761852 6.5000000000000009 1.0000000180025095e-35 1.4650000333786013 0.28861783444881445 1.3392856717109682 1 1.0000000180025095e-35 1.0000000180025095e-35 39.500000000000007 2 20.500000000000004 0.24000000208616259 1.0000000180025095e-35 1.0000000180025095e-35 3 1.0000000180025095e-35 1.0057400465011599 0.73500001430511486 1.0477163791656496 1.2321428656578066 4 1.0000000180025095e-35 16.500000000000004 11.500000000000002 1.1063045263290407 1.0000000180025095e-35 5 1.158985495567322 1.0000000180025095e-35 5.5000000000000009 0.96592161059379589 0.35714286565780645 31.500000000000004 43.500000000000007 1.0011169314384463 1.0000000180025095e-35 0.92857143282890331 1.0000000180025095e-35 43.500000000000007 1.0000000180025095e-35 1.0000000180025095e-35 5.4900000095367441 5.3250000476837167 5.4500000476837167 38.500000000000007 0.91506269574165355 6 0.73500001430511486 1.0000000180025095e-35
decision_type=2 2 2 2 2 2 2 2 2 2 1 2 2 2 2 2 2 2 1 2 2 2 1 2 2 2 2 1 2 2 2 2 2 1 2 2 2 2 2 1 2 2 2 2 2 2 2 2 2 2 2 2 2 2 2 2 2 2 2 1 2 2
left_child=2 6 3 7 33 18 8 10 14 12 15 34 22 48 19 27 30 38 21 24 25 51 39 -7 -2 29 41 35 47 -17 31 46 -16 -4 -5 36 37 -1 -10 -6 -11 -13 -9 -30 -15 52 -12 -20 -8 50 -14 -3 -19 -53 55 -31 -57 -58 -35 -60 -34 -62
right_child=1 5 4 11 9 23 13 42 17 40 16 26 49 44 32 20 -18 45 28 -21 -22 -23 -24 -25 -26 -27 -28 -29 43 54 -32 -33 60 58 -36 -37 -38 -39 -40 -41 -42 -43 -44 -45 -46 -47 -48 -49 -50 -51 -52 53 -54 -55 -56 56 57 -59 59 -61 61 -63
leaf_value=-0.013487450183797493 0.01112255833153325 0.0086733909996253838 -0.012937305254847452 -0.020216638638555683 0.010483149171751098 0.0091203160549584404 0.014990321071740845 -0.0055566078992374665 -0.0040543878824940505 -0.00032492114750395213 0.00019318197459862796 -0.022830921496133728 -0.010465146074983413 0.020926838620167889 -0.0065224835717871965 -0.024681176772225002 -0.028005163723541161 0.00055612336539513586 0.0039336976034875376 0.0064894060809898863 -0.010784052550264767 0.031903626099506519 -0.021024159930927606 0.012238993306908766 -0.026951527801322303 -0.017757453820039248 -0.0076381046729566415 -0.016433083617900187 0.0087670280811037553 -0.032298628219067767 -0.036841771682312098 -0.05066080552554586 0.0059237103413103537 0.02330717064704179 -0.013507955890751515 -0.007176052953565046 0.1100010187387996 0.11395566223806433 0.0010027509149499645 -0.012712061623746315 0.01512840081350033 -0.012631282790490299 0.032996839011459105 0.0047662495968176025 0.0088545553217701592 0.063175671146788889 -0.048979968956337105 -0.0029973760715270663 0.0023337496028513712 0.00077196801227582287 -0.0037622094623990954 0.005067820369677188 0.0047008407388800626 -0.011053939352389174 -0.043436434937232149 0.079821185057817601 -0.046776127308053236 0.055106672519502624 0.012424134285287013 0.0019642255541309785 -0.005960819430437532 -0.00033697527717747308
leaf_weight=697.72990292310715 1436.8238061666489 245751.05937027931 3361.9500749111176 115821.92578569055 2824.128210246563 557504.2517670989 7437.4403570890427 8270.5890346169472 162686.82390350103 35587.29994186759 3065.6250486075878 13767.059269070625 73094.04276406765 10590.956072330475 176215.59116744995 44155.618524968624 74421.475899368525 205984.21614903212 58204.346521496773 2909.8224023580551 8661.1084679961205 3478.670515537262 41173.287400722504 306853.98798716068 13142.521420180798 18466.90215036273 72940.435322672129 7241.2023449838161 93683.489945709705 26614.540364742279 83181.289168715477 1219.4587068557739 13905.088202297688 4479.1376710534096 45942.039205998182 1614.7465606033802 399.10333997011185 107.62329876422882 83002.571528673172 30855.51566529274 6584.8048283457756 123467.59071782231 960.96794760227203 522413.41199856997 45477.991428136826 325.68301439285278 587.80577430129051 41701.520681202412 252130.10449182987 16041.093841046095 37471.295863449574 50187.828253090382 90298.484786272049 4479.1472939252853 8205.3932466208935 336.59072369337082 1078.1681489944458 245.0067033469677 21322.844871997833 19689.876428157091 63836.350386977196 70025.667329192162
leaf_count=789 1129 75523 6717 252423 3746 96394 3584 14114 160696 38192 6079 24409 105717 2410 199199 120927 216026 132664 26778 2426 17366 225 88645 21219 16354 49160 105905 11701 25793 76807 286653 3519 8386 1503 94699 2475 226 29 71075 51382 3738 205433 745 166367 16378 81 1484 19890 144711 18336 49269 15786 50190 1509 27654 366 1942 421 12613 13210 56500 49495
internal_value=-0.000227113 0.00461132 -0.0158674 -0.0203596 -0.00570786 0.00780294 -0.000402692 -0.0278871 -0.00204489 -0.00834857 -0.0287547 -0.0145 -0.0105333 0.0041954 -0.00524334 -0.0239424 -0.0322411 -3.09017e-05 0.00574816 -0.0182597 -0.0254004 0.00805283 -0.0164122 0.0102275 -0.0231993 -0.0266778 -0.0115665 -0.00834874 0.00476981 -0.0287207 -0.0358248 -0.0184649 -0.0045407 0.00746122 -0.0183113 0.0124303 0.0388187 0.0035434 -0.00234591 -0.0107645 0.00208798 -0.0136545 -0.00154335 0.00537461 0.0111349 0.00188669 -0.00771836 0.00104061 0.0026964 -0.00705755 -0.00819348 0.00777692 0.00181931 0.00374688 -0.0336102 -0.0307586 -0.00606348 -0.0279109 0.00896959 0.00740592 -0.00217737 -0.00301888
internal_weight=4.03762e+06 3.08366e+06 953955 661470 292485 1.88426e+06 1.19941e+06 289531 883770 243631 280299 371939 201459 315636 341472 117824 162476 542298 1.0199e+06 17489.2 107763 303897 74852.9 864358 14579.3 99102.2 210175 10060.4 716003 80635.3 88054.2 4872.89 323983 48853.8 161764 2819.2 1204.46 805.353 245689 33679.6 42172.1 137235 9231.56 616097 56068.9 296608 3653.43 99905.9 259568 126606 110565 300418 296283 54667 36479.7 28274.3 1659.77 1323.17 45491.9 41012.7 147767 133862
internal_count=3279182 1364762 1914420 1521352 393068 449484 915278 838483 748195 359025 823624 682869 317095 167083 333489 309863 513761 414706 331871 19909 294643 93043 143773 117613 17483 277277 335747 15220 238828 228117 297735 11082 313580 34043 347122 3519 1044 818 231771 55128 41930 229842 14859 192160 18788 182935 7563 46668 148295 173322 154986 92818 182854 17295 107190 79536 2729 2363 27326 25823 114381 105995
cat_boundaries=0 1 2 3 4 5 6 7
cat_threshold=116 5 116 772 10 4 391
is_linear=0
shrinkage=0.05


Tree=38
num_leaves=63
num_cat=39
split_feature=10 5 5 10 8 0 0 0 0 0 0 0 6 0 0 0 0 6 3 0 8 0 0 0 8 0 6 0 0 0 3 5 18 7 0 14 0 0 16 0 0 10 0 3 0 0 14 16 7 0 16 0 0 17 3 0 16 0 5 0 0 0
split_gain=110786 16960.1 16795.4 12027.2 5667.77 5316.79 5081.22 3160.5 2717.97 2499.01 2101.1 1969.1 1845.09 1745.21 1577.04 1409.21 1339.36 1329.99 1300.72 1443.09 1212.19 1225.32 1210.57 1179.49 1146.5 1105.47 1026.29 1000.44 968.311 916.716 909.993 885.711 834.029 816.395 815.26 814.446 783.426 760.746 724.731 680.015 678.803 643.292 631.02 607.745 723.195 597.387 586.168 580.89 552.531 544.971 522.586 514.67 496.509 467.468 467.113 657.994 453.308 439.611 538.267 602.914 427.293 426.919
threshold=0.73214286565780651 3.5000000000000004 1.0000000180025095e-35 0.23214285820722583 1.5000000000000002 0 1 2 3 4 5 6 1.0000000180025095e-35 7 8 9 10 1.0000000180025095e-35 11 12 1.0000000180025095e-35 13 14 15 1.0000000180025095e-35 16 1.0000000180025095e-35 17 18 19 20 1.0000000180025095e-35 11.500000000000002 5.5000000000000009 21 0.85924345254898082 22 23 1.0000000180025095e-35 24 25 0.053571430966258056 26 27 28 29 1.0127897262573244 1.0000000180025095e-35 2.5000000000000004 30 1.0000000180025095e-35 31 32 52.500000000000007 33 34 1.0000000180025095e-35 35 1.0000000180025095e-35 36 37 38
decision_type=2 2 2 2 2 9 9 9 9 9 9 9 2 9 9 9 9 2 1 9 2 9 9 9 2 9 2 9 9 9 1 2 2 2 9 2 9 9 2 9 9 2 9 1 9 9 2 2 2 9 2 9 9 2 1 9 2 9 2 9 9 9
left_child=2 4 3 5 11 32 -4 41 30 -8 -11 34 22 -6 -12 -5 -14 20 19 -16 21 -13 -9 -17 37 -20 28 -25 -15 -29 35 -23 43 54 -2 -3 -26 53 49 -18 -22 -7 -28 44 -1 -27 -46 -32 -44 -31 -19 -39 -42 -24 55 -10 -21 -30 59 -59 -41 -38
right_child=1 8 6 15 13 7 9 12 33 10 14 17 16 26 18 23 39 50 25 56 40 31 24 27 36 45 42 29 57 38 47 -33 -34 -35 -36 -37 61 51 -40 60 52 -43 48 -45 46 -47 -48 -49 -50 -51 -52 -53 -54 -55 -56 -57 -58 58 -60 -61 -62 -63
leaf_value=-0.0036420285715675969 0.015807852715449315 0.021521240919318559 0.01256177325633397 0.0049375025511606586 0.0061137018560930107 -0.042347088036881801 -0.02834909798792818 -0.011617580128194615 0.010869108967473902 -0.019116087564351479 0.005835757861363409 0.010953760746262371 0.021450643592255562 -0.017839715404418359 0.020654694424217353 -0.0028645499258198445 -0.029366646204035275 -0.0036184126486511581 -0.01764696222803018 -0.0067995405137439742 -0.020655333336936345 -0.035626281705023743 -0.020049267735640364 -0.025749870452025089 0.010896753369665562 0.00096831883160449969 -0.015137254044194234 -0.020671470399338865 0.0035822171823435898 -0.019602941244273579 0.0074269077782808451 0.0035942287282565905 -0.037119793577690345 0.0081602353378118098 0.0018925977784707106 0.011581191971839634 -0.028778288709485979 -0.038345108104452935 -0.0082969487625508057 -0.022438737727516263 -0.00043829811980884557 -0.032393415983961893 0.0011853607253351469 -0.0036945104202020817 0.054284334129749159 -0.008413786444612258 0.011667509112192043 0.01123633586100882 0.0045286473749884216 -0.012823903412647246 0.00088593525448947465 -0.030283914785691486 -0.0069778272106850578 0.094111737162126494 0.0035906689982408988 0.003900645630940996 0.0033488314054888157 -0.016215270815672044 0.00037614225642205074 -0.0031059816736246594 -0.0074500902897652981 -0.020562280787192116
leaf_weight=2512.0389614999294 12216.395407557487 21988.296656608582 35633.910888910294 10691.674421340227 331050.48241895437 34730.81819114089 13665.041683286428 12073.444807738066 63004.862518966198 28891.42016890645 30203.621370136738 2300.9852275848389 2440.3395656943321 9065.3550363183022 7395.8566539287567 24238.159488081932 8126.7151773571968 187412.56672549248 29006.38423165679 30015.143958240747 7939.4454852342606 8926.2114305496216 12457.98044103384 18051.252986043692 1676.6333735585213 20710.581897735596 4883.11698782444 39958.182733625174 38203.180181562901 37210.854730546474 281305.57553482056 1716.2507544755936 1375.66434019804 278488.33433657885 75741.455468058586 328161.62521070242 25788.417454063892 26713.091175556183 72694.872828781605 7090.7527024745941 35835.906735122204 30476.215981662273 239875.81362241507 10575.241919368505 1557.9367151856422 93953.31564822793 1673.6599953174591 155329.71644961834 254902.38355636597 147821.28869599104 98097.134969592094 81431.787664562464 152954.86606472731 90.32211896777153 299729.0193810463 73345.434324204922 17372.700305223465 12561.54465597868 58335.631160914898 29063.952710866928 14508.450269669294 41960.866925060749
leaf_count=3372 5813 1145 13385 13241 122488 128928 33685 24842 16348 56863 22684 2455 2765 7494 7332 35677 21398 168837 52275 44157 9443 12071 30684 39001 3877 23166 3809 81618 24109 72438 44389 1450 2951 57447 58549 33230 78560 92515 120133 17159 34214 99597 135843 13699 1307 134257 1900 21495 111408 260433 76088 254791 162026 177 113375 29695 22387 10238 36659 24319 29145 114615
internal_value=-0.000189196 0.00448374 -0.0148701 -0.0193185 0.000834695 -0.0263724 -0.00518695 -0.0279451 0.00827795 -0.00751909 -0.00641283 -0.00306681 -0.0252324 0.00316114 -0.00480698 -0.0129367 -0.0141105 -0.0042913 -0.00642696 0.000128751 -0.00731516 -0.0221367 -0.027003 -0.0134985 -0.0279779 -0.00892658 0.00165003 -0.0143148 -0.00201879 -0.0136205 0.0103055 -0.0292739 0.000267841 0.00604531 0.00382685 0.012205 -0.0228599 -0.0309243 -0.0125266 -0.0170314 -0.00634001 -0.0376892 0.00273112 0.00341974 0.0164963 -0.00671925 0.0321135 0.00878188 0.00290771 -0.014189 -0.00207078 -0.0322785 -0.0057366 -0.0192122 0.00469482 0.0071212 -0.00307843 -0.00097937 -0.0027229 -0.00706668 -0.0123788 -0.0236934
internal_weight=4.03721e+06 3.06244e+06 974775 667927 1.56108e+06 317260 306848 299566 1.50135e+06 271214 257549 583141 234359 977941 228658 350666 32166.3 495183 198454 54783.7 209674 12943.4 202193 339975 190119 143670 646891 315736 147230 297685 786785 10642.5 17694.5 714568 87957.9 350150 69425.9 120693 257727 29725.9 196730 65207 499661 16318.9 5743.64 114664 3231.6 436635 494778 185032 285510 108145 188791 12548.3 436079 136350 47387.8 138164 99961.1 41625.5 21599.2 67749.3
internal_count=3279451 1324437 1955014 1544823 1007313 922282 410191 899053 317124 396806 363121 530946 670528 476367 306258 622541 70467 466584 283574 73876 221659 15976 600061 609300 575219 209698 353879 573623 102819 534622 100259 13521 23229 216865 64362 34375 197052 378167 453004 67702 205683 228525 251060 20278 6579 157423 3207 65884 247251 332871 244925 347306 196240 30861 159418 46043 66544 95325 71216 34557 46304 193175
cat_boundaries=0 95 190 282 377 440 532 627 723 819 913 1008 1009 1088 1184 1276 1372 1453 1545 1637 1724 1725 1815 1907 2002 2091 2186 2276 2277 2372 2463 2539 2623 2717 2718 2810 2905 3000 3081 3170
cat_threshold=16384 0 0 0 0 0 0 0 16384 0 4096 0 0 0 0 0 0 0 0 0 0 1024 33554432 0 0 2147483648 0 0 0 65536 16 0 0 0 0 0 0 0 0 0 0 0 0 0 0 0 0 0 0 0 0 0 0 0 32 0 0 0 0 128 0 4096 0 0 0 0 0 16777216 0 0 0 33554432 393216 4864 0 24576 0 0 512 0 2181039104 0 8192 268435456 0 0 0 1048576 68 0 0 0 2097152 268435456 1 0 0 0 0 0 0 0 4259840 0 0 4096 0 16777216 0 0 0 0 0 0 0 2048 0 33554432 1048576 0 2147483648 0 0 0 65536 16 0 0 0 0 0 0 0 0 0 0 0 0 0 0 0 0 0 0 0 0 0 0 0 0 0 0 0 4194304 128 2048 0 0 0 0 0 0 128 0 0 0 0 0 4352 0 0 0 0 512 67108864 1024 4 8192 268435584 0 0 0 1056768 68 0 0 80 2097152 0 8193 0 2148007936 0 0 0 0 4 0 0 2048 0 0 0 16385 2 32768 0 2097152 0 0 1024 0 0 0 0 1024 0 0 0 16 0 0 0 0 67108864 0 134217728 0 2360320 0 0 0 536870912 0 0 524288 16 64 0 0 0 0 0 0 0 0 268435456 0 0 4 65536 0 32 0 0 0 0 0 0 0 0 0 8 0 0 0 0 0 67108864 0 16384 0 0 0 0 0 0 528 0 524288 0 16777216 0 0 0 0 0 0 0 0 0 0 0 0 0 8388608 0 0 0 0 0 0 0 0 0 0 0 2147483648 0 0 0 0 16 0 0 524288 0 0 0 0 0 0 0 0 0 0 0 0 0 0 0 0 0 0 0 0 1024 0 0 0 4194304 4 2048 0 0 0 0 0 0 0 0 0 0 33554432 0 4352 0 0 0 0 134218240 0 0 4 0 0 524288 0 0 1048576 4 536870912 0 64 2097152 268435456 8193 0 2148007936 0 0 0 17073152 0 0 0 1024 0 0 0 16513 6 134250496 65536 0 0 0 0 0 0 8388608 0 512 0 0 0 0 0 0 0 0 335544320 0 2097280 0 2360321 0 0 0 537919488 0 131072 0 16 8256 0 0 0 0 0 0 0 0 0 0 0 0 0 0 32 0 1052672 65544 64 0 0 0 134217728 1026 0 0 4 0 65536 1073741824 2147483648 0 1024 0 0 0 0 0 0 2097152 0 0 0 0 0 1073741824 0 8 0 262144 2684354560 0 0 0 0 8 16777216 0 524288 2621440 557056 0 0 0 0 0 0 0 0 0 0 0 0 0 0 0 0 0 536870912 0 0 0 0 0 0 0 0 0 0 2 0 0 0 0 0 128 0 0 0 0 0 1048576 0 512 0 0 16777216 16384 0 0 0 0 268697600 0 4194304 16384 0 4096 0 16777216 0 0 0 0 8192 262144 16 0 8913920 0 0 0 0 0 1 0 81924 16 0 0 0 8 0 0 0 0 0 0 0 0 0 0 0 0 0 4096 0 0 0 0 0 0 0 0 0 0 0 0 0 0 0 0 8 0 128 0 0 0 0 0 0 0 0 0 0 134217728 0 2147484672 0 10240 128 0 0 0 1048576 0 4096 0 512 0 0 256 16384 0 0 0 0 0 0 4194304 16384 67108864 4096 0 16777216 0 0 0 0 16777216 0 0 0 0 0 0 0 1024 0 0 0 4 16 33554432 0 0 8 0 0 0 0 0 0 0 0 0 0 0 0 0 0 0 0 0 0 0 0 8192 520 0 4194368 0 2048 4 0 0 0 8 0 128 16384 0 0 0 0 256 0 16384 32768 0 0 0 0 0 0 0 0 0 0 1048576 64 4096 0 592 0 0 0 1 0 0 0 0 0 0 0 0 16384 0 0 0 0 0 0 0 0 0 0 0 0 0 2 0 0 0 0 0 0 16384 0 33554432 0 268435456 0 0 0 0 0 0 0 0 0 0 0 0 0 0 0 0 0 0 0 0 1056 8192 512 8192 536870976 0 0 4 0 0 0 0 0 0 16384 32768 0 33554432 8 64 128 0 0 0 134217728 0 2147483648 8192 0 64 0 0 131104 8388608 0 538447872 0 0 0 268435456 0 1 0 0 0 0 0 0 0 4259840 0 0 4096 0 0 0 0 0 0 8192 262144 16 0 8388608 0 0 0 0 0 1 0 65536 0 0 0 0 8 0 0 0 0 0 0 0 0 0 0 0 0 0 0 0 0 0 0 0 0 0 0 0 4194368 0 2048 4 0 0 0 8 0 16777344 0 0 0 0 0 256 0 2147500032 0 0 512 0 1024 0 8192 0 0 0 0 1056768 68 536875008 0 528 0 268435456 0 0 0 0 0 0 0 65536 0 0 0 262144 16777216 0 0 0 0 16785408 0 0 2048 0 2 1048576 0 0 0 0 0 16388 0 33554432 8192 268435456 0 0 0 0 0 0 0 0 0 0 0 0 0 0 0 262144 0 0 0 2147483648 8192 0 0 0 541065216 32768 0 4 0 0 0 8 0 0 0 0 0 0 0 64 128 0 0 0 0 67108864 0 4 0 0 0 0 131104 8396800 0 0 268435456 16 0 0 8192 7 16384 0 0 0 64 268435456 4 0 0 8 8388608 0 0 8388608 0 0 0 16777216 0 0 0 8388608 0 0 0 0 1024 0 0 4 0 0 268443648 524288 0 0 0 0 0 0 0 0 0 0 0 16 0 0 512 10240 0 64 0 2147483648 8192 0 0 512 0 32768 64 0 0 4194304 0 8 0 16777216 0 0 0 134217728 131072 512 0 8192 0 0 536870912 0 0 0 0 2097152 16384 0 0 0 0 0 0 0 0 0 67108864 0 1 32 0 0 0 0 0 0 0 1024 33554432 0 0 0 0 131072 0 0 67108864 0 0 0 0 0 0 0 0 0 0 0 0 256 0 0 0 67108864 536887296 263168 8 512 512 64 0 0 0 0 0 0 0 0 16777216 0 0 0 0 393216 0 0 2147508232 0 0 0 0 33554432 0 0 64 0 0 0 8704 0 0 268435456 0 0 0 0 1 0 0 0 0 0 16384 0 0 0 67108864 2 0 0 8388608 0 0 0 1 0 0 0 0 0 1 0 0 1024 32768 0 16384 0 0 0 0 0 0 33554432 0 0 0 0 0 0 0 0 0 0 0 4096 2048 0 0 0 16384 2048 0 520 512 4227072 32768 64 0 0 0 0 0 0 8388608 16384 32768 0 8192 0 0 0 0 2147483648 0 536870912 0 0 0 0 0 0 0 32 8388608 0 536875008 0 2097152 0 0 0 0 0 268435456 4 0 0 67108864 2 262144 0 0 0 0 0 16777217 0 0 0 1024 0 0 0 1024 0 32768 0 16384 0 33554432 0 0 0 0 0 0 0 0 0 0 0 0 0 0 0 0 4096 262144 0 0 0 0 1024 0 8 8704 536903680 0 0 0 0 0 0 0 0 0 16384 0 0 0 131072 0 0 0 0 0 134217728 67108864 0 0 2048 192 0 0 131104 8388608 0 0 0 0 0 0 256 1 1 1 0 0 16777216 0 524288 1073741824 1 0 0 0 0 0 32768 0 0 270532608 0 0 0 0 0 0 4194304 0 0 0 0 0 0 0 8388608 0 2048 67108864 134217728 67108864 67633152 1048576 32768 0 4096 0 32772 2048 264 4 0 0 0 0 0 0 0 8 268435456 0 0 0 0 0 0 8 0 0 0 0 0 0 0 0 0 0 0 8 32768 0 0 0 536870912 0 2148007936 0 0 0 16778240 0 0 0 0 0 0 0 16513 6 134250496 65536 0 0 0 0 0 2 8388608 0 0 0 0 0 0 16 0 0 0 268435456 0 0 67108864 69468160 0 0 0 536875008 524288 524288 0 16 64 0 0 0 0 0 0 0 0 0 0 0 4 0 0 32 0 0 0 0 0 0 0 0 33554432 0 0 0 0 0 0 0 0 16384 0 0 0 0 0 0 0 512 0 0 16777216 0 1048576 16777216 0 65536 0 0 0 0 0 4 4 0 134217728 32768 0 0 0 0 0 0 0 2 0 2097152 0 128 0 0 0 0 0 0 524288 0 536870912 134217728 0 0 0 32768 0 0 0 32768 0 33554432 0 268435968 0 4096 0 1048576 0 0 0 0 0 0 132 0 0 0 4194304 0 0 4096 8388608 0 0 0 33562624 0 0 0 0 0 0 512 0 16384 4 0 0 0 0 0 16 0 0 0 16777216 0 4097 65536 0 0 294912 524288 134217728 0 1024 0 0 0 65536 32768 0 0 1024 0 0 0 0 0 0 0 512 0 0 0 0 0 0 8 0 264192 0 134217856 0 1025 0 0 0 0 0 2129920 557056 256 8192 0 0 4096 0 0 0 0 0 0 0 0 0 0 0 0 541065216 0 0 0 0 0 0 0 0 0 0 0 0 0 0 0 0 4194432 0 0 0 524288 0 1048576 772 16384 0 0 0 0 0 0 0 0 0 4096 0 0 0 0 0 0 0 0 0 0 0 0 0 0 0 0 0 0 0 0 0 0 0 0 0 0 0 0 0 0 0 0 0 0 0 0 0 0 0 0 0 0 0 0 0 0 0 0 0 0 0 0 0 0 0 0 0 0 0 0 0 0 0 0 0 0 0 0 0 0 0 8192 0 0 0 0 1048576 0 4096 0 0 0 0 0 0 2049 4194304 0 2 0 0 0 0 0 0 0 8192 0 0 2048 8388608 0 1048576 0 0 0 0 0 4 0 0 268443648 0 0 0 0 0 0 0 0 0 0 0 0 0 0 0 0 8192 0 0 0 2147483648 9216 2 8388608 8192 536870912 0 0 0 0 0 0 16777224 0 0 0 0 0 0 0 64 0 2147483648 512 0 0 67108864 0 8192 2048 64 0 0 65536 8192 0 0 268435456 16 0 0 553648128 268435456 64 0 0 0 0 0 0 262144 16777216 0 0 0 0 16777216 32 0 2052 524288 0 1048576 0 4096 128 0 0 0 0 0 0 0 0 0 0 0 0 0 8 0 0 0 4 0 0 0 0 0 0 0 1048576 0 0 8 0 0 64 0 0 4 0 8192 0 0 2 0 0 0 1073741824 134217728 0 64 0 0 32768 0 0 0 0 4 0 64 0 0 65536 0 0 8192 0 16 0 0 8192 0 4096 8 0 0 17040384 524288 0 1024 1024 0 0 0 128 4 2281701376 65536 1024 0 0 0 0 0 8388608 2097152 512 0 0 0 0 0 0 8388608 0 268697600 2684354560 2097280 0 1 0 0 16777216 1048576 0 131072 32768 0 8192 0 0 0 0 0 0 0 0 0 0 0 0 0 0 0 0 0 0 0 0 0 0 0 0 0 0 0 0 0 0 0 0 0 0 0 0 0 0 1048576 0 512 0 0 0 0 0 1024 0 0 0 0 2052 0 0 134283264 1073741824 0 65536 0 0 0 0 0 2 0 2097152 0 0 0 0 0 0 0 0 0 0 536870912 134217728 0 0 0 0 0 1052672 0 32768 32768 0 0 268435456 0 4096 0 1048576 0 0 0 0 0 4194304 132 0 0 0 4194304 0 0 2 0 0 0 0 33554432 0 256 0 0 0 0 0 0 16384 4 0 0 0 0 1048576 0 0 0 0 16777216 0 0 8192 0 0 536870912 0 0 0 16 0 0 2048 4 0 0 134217728 32768 67108864 0 268435456 0 0 0 0 0 0 2097152 0 128 0 0 16 1073741824 0 0 0 0 0 167772160 67108864 0 0 8 0 4096 0 32768 2048 264 0 0 0 4096 4 1048576 0 0 0 0 0 0 0 0 0 0 8 0 0 2 0 0 0 0 33579008 0 0 0 8 0 0 0 0 536870912 0 0 0 0 0 0 0 0 8192 645 0 0 0 0 0 0 0 0 0 0 0 0 0 0 0 0 0 0 0 0 0 0 33554432 0 0 2147483648 0 0 0 0 0 0 0 0 0 0 0 0 0 0 0 0 0 0 0 0 0 0 0 0 0 0 0 0 0 0 0 0 0 128 0 4096 0 0 0 0 0 16777216 0 0 0 33554432 131072 4096 0 0 0 0 0 0 0 0 0 0 0 0 0 0 64 0 0 0 2097152 268435456 1 16384 0 0 0 0 268435456 4 0 0 0 2 0 0 0 0 0 0 8192 262176 0 0 525312 0 0 0 4096 0 32769 0 0 0 0 8192 0 0 0 0 0 0 0 0 0 0 0 0 0 0 0 4096 262144 0 0 0 0 0 2 8 0 32768 4 0 4096 0 0 0 16777216 0 0 0 0 0 0 393216 512 0 16384 512 0 536870912 0 0 0 0 0 524288 0 0 536871440 0 0 268435456 0 0 16777224 64 0 0 0 0 1026 0 2052 4 0 0 1073741824 2147483648 0 2097152 0 0 4 0 0 0 2097152 2147483648 0 0 0 0 0 0 0 524288 67108864 2214592512 2097152 0 524288 0 8 0 1048576 0 131076 0 0 0 512 0 0 0 0 2147483648 0 8 512 0 0 0 0 0 0 8 0 0 4098 0 0 0 0 0 0 0 0 8 0 0 65544 0 16779264 268436480 1 134217728 1024 2 0 0 0 65536 0 0 65536 0 0 0 0 0 0 0 0 536870912 0 0 0 0 0 0 268443648 0 262144 0 0 0 0 0 0 0 0 0 0 0 8 8192 256 262144 0 64 0 536871040 0 0 0 8192 0 0 0 0 0 536870912 0 0 4096 128 0 0 0 16384 0 0 128 0 512 0 0 0 0 0 2048 1048576 0 0 0 0 0 16384 4 0 1 0 0 262144 0 0 0 0 0 0 0 0 0 0 33554432 0 0 0 0 0 0 0 0 33554432 0 0 0 0 0 0 0 0 8 0 0 0 268435456 0 0 8192 0 0 0 0 0 536870912 264192 0 512 8704 0 0 67584 4 0 8192 0 0 0 0 0 0 0 0 0 512 0 0 33280 0 512 67108864 33554432 134217728 0 0 0 0 131104 512 0 1048576 0 16 0 268435456 5 16384 0 0 0 0 0 0 4194304 16384 0 4096 0 16777216 0 0 0 0 0 262176 0 0 0 0 1048576 0 0 0 32768 0 65536 0 33554432 268435456 0 8 0 0 0 0 0 0 0 0 0 4 0 0 0 0 0 0 0 0 0 8192 0 0 0 0 128 0 4100 0 0 0 0 0 128 0 0 0 0 131072 576 0 0 0 0 536870912 67108864 1024 8192 8192 0 0 0 0 8704 0 4096 0 16777728 1 0 0 268435456 0 16384 0 65536 0 0 0 0 0 0 0 0 0 0 0 16 0 8913920 33554432 0 0 0 1024 32769 0 0 0 0 0 0 0 0 33554432 0 0 0 0 0 0 0 0 0 0 0 0 0 0 0 0 536887296 262144 0 8388608 8704 0 0 65536 0 0 0 0 0 0 16777216 0 0 0 0 131080 0 0 2147491840 512 0 0 0 536871936 0 8192 64 0 0 0 0 0 0 268435456 0 0 0 256 0 0 0 0 2048 0 0 0 0 0 0 0 0 0 1073741824 67108864 0 270532608 0 0 3072 0 0 0 0 2147483648 0 0 0 0 0 0 0 0 0 0 0 0 0 0 0 0 4096 0 0 0 256 0 0 0 0 0 67108864 2147483648 8224 0 0 0 0 32768 0 4096 0 8 0 0 0 0 0 32768 0 134217728 0 4672 128 0 0 0 0 0 0 8192 1048576 268435456 524288 0 65536 0 4 0 0 0 0 268435456 8193 1 1048576 65536 64 16777216 32768 0 0 3 0 0 4 0 65536 1073774592 67108864 0 0 0 0 0 0 0 0 4194304 0 0 0 0 0 0 0 8 0 2048 67108864 0 67108864 0 0 8 0 0 524288 2654208 2048 256 0 4096 0 0 0 0 128 0 0 0 0 0 0 0 0 0 536879104 0 0 4096 0 0 0 0 0 0 0 0 0 32768 0 0 0 128 0 4096 8 64 0 16811008 524288 1073741824 1024 1024 2048 0 0 128 4 2281701376 65536 1024 0 0 0 0 2 8388608 0 0 0 0 0 0 0 0 0 0 268697600 2147483648 2097280 0 1 0 0 0 1048576 0 2621440 0 0 8192 0 0 0 0 0 0 0 0 0 0 0 0 0 0 0 536870912 0 0 0 0 0 0 0 0 0 0 0 0 0 8 0 0 0 0 0 0 0 0 0 0 512
is_linear=0
shrinkage=0.05


Tree=39
num_leaves=63
num_cat=37
split_feature=10 6 5 10 10 0 0 0 0 0 0 0 0 10 15 0 6 5 0 0 3 0 10 0 15 0 15 0 0 0 0 15 3 10 0 6 0 0 18 17 12 12 17 0 0 6 15 0 12 0 0 15 10 0 3 0 0 0 0 0 0 0
split_gain=101553 16548.9 14908.4 10001.7 5882.3 4624.4 4236.7 2876.22 2712.83 2109.79 1992.33 1925.61 1556.96 1498.87 1414.99 1385.43 1368.94 1326.58 1745.84 1104.15 1008.4 969.541 912.283 908.346 898.285 885.718 845.566 784.443 773.761 755.777 735.464 730.119 698.965 697.731 683.869 667.182 705.527 660.517 651.545 640.863 852.982 1348.06 891.703 612.94 605.008 595.084 591.157 589.953 1299.62 588.334 584.604 558.023 549.699 537.051 507.929 538.815 504.449 503.571 501.796 497.628 490.383 474.253
threshold=0.66071426868438732 3.5000000000000004 1.0000000180025095e-35 0.19642857462167743 1.5892856717109682 0 1 2 3 4 5 6 7 0.37500000000000006 3.5000000000000004 8 1.0000000180025095e-35 1.0000000180025095e-35 9 10 11 12 0.053571430966258056 13 4.5000000000000009 14 3.5000000000000004 15 16 17 18 3.5000000000000004 19 4.1250000000000009 20 1.0000000180025095e-35 21 22 10.500000000000002 37.500000000000007 5.4749999046325692 5.3250000476837167 24.500000000000004 23 24 1.0000000180025095e-35 3.5000000000000004 25 1.985000014305115 26 27 4.5000000000000009 0.053571430966258056 28 29 30 31 32 33 34 35 36
decision_type=2 2 2 2 2 9 9 9 9 9 9 9 9 2 2 9 2 2 9 9 1 9 2 9 2 9 2 9 9 9 9 2 1 2 9 2 9 9 2 2 2 2 2 9 9 2 2 9 2 9 9 2 2 9 1 9 9 9 9 9 9 9
left_child=2 4 3 5 14 38 -4 52 -8 -9 20 -10 32 27 23 -13 22 18 45 -17 33 -15 29 -2 53 -18 37 -5 -25 -11 -16 -19 43 -3 -20 36 -36 -22 39 40 41 42 61 -6 -23 -14 -12 48 -44 -32 -24 -29 -7 -21 57 -56 -48 -51 -30 -46 -27 -1
right_child=1 10 6 13 12 7 8 9 11 16 46 15 17 21 30 19 25 31 34 24 26 44 50 28 -26 60 -28 51 58 -31 49 -33 -34 -35 35 -37 -38 -39 -40 -41 -42 -43 47 -45 59 -47 56 -49 -50 54 -52 -53 -54 -55 55 -57 -58 -59 -60 -61 -62 -63
leaf_value=-0.0054152954819827433 0.0021286863343092451 0.027519655092049233 0.012301145126124282 0.0050528251750625777 0.019022634342345829 -0.042194603780912103 0.0061153612517997223 -0.008922403567517178 -0.027384213079191689 -0.04092237782356406 0.0034611021752704949 0.0027509047479542994 -0.025804126707200094 0.0074535906742525916 0.0065616602215813006 -0.0012987835956047315 0.014528422798226498 0.0011849286556081908 0.0051256390990678143 -0.022677402059414556 0.0079058036298603283 -0.02350729715792953 -3.2348654324023948e-05 -0.0013918050866151201 -0.0063964784473908775 0.0023915063165629935 0.0099565028750161922 -0.019778543004209746 -0.019817515947288662 -0.029477334589356492 -0.013526973717821715 0.0049927945813372301 0.0042744511565581912 0.011679749552070552 -0.017131563211980196 0.00066975613981611688 -0.0028033468806476797 0.003268717110065484 -0.02894447086665642 0.033845216140421831 -0.04464781242977138 0.10088911429277075 0.10250292757920987 0.0077688543084863879 -0.017999505118860653 -0.0059195854657133964 -0.0064198167587186106 -0.03758048588684184 -0.030077567311689493 0.0098937247944079678 -0.025527219059877693 -0.013097052197559484 -0.032197524101199276 -0.012865136362483889 0.0024249489742090222 -0.0046561592024471354 0.0072150915488317056 0.00023775936616059819 -0.0068316269980911448 -0.0097108927555943844 -0.02136394952827543 0.022894844812512732
leaf_weight=2375.2112381756306 38968.457512617111 7203.9342077374458 30155.594444453716 3826.7823632359505 13979.387056112289 32585.967897072434 31532.240818202496 18163.323996007442 14200.150306373835 19335.515743508935 239118.51654976606 24706.182725787163 9895.2348037362099 7078.8128698170185 32801.808185398579 30650.33130466938 2210.1303909122944 292470.43269526958 36061.9634988904 17209.536558687687 285053.92748385668 9774.667340785265 2321.1078156232834 73087.601414084435 50321.647225797176 2455.4010114371777 386136.75847762823 109557.71663761139 7661.2311197817326 59238.593795925379 9576.3909848928452 221010.11057078838 210985.86337131262 198961.60400557518 13774.948591291904 50385.311202049255 22840.648624241352 105178.97090154886 1510.3806238174438 1752.2734948992729 925.86788564920425 357.44731855392456 273.27866780757904 90293.747965991497 20623.010019391775 6071.0724274516106 6956.5673834085464 1872.7750001847744 571.16384723782539 15480.536358594894 83079.169449627399 43720.16160851717 23788.843739673495 74579.386919260025 35621.959229290485 109224.60441303253 265670.68428331614 105219.24593961239 252824.73594218493 150249.07949367166 19185.789622038603 3911.0263922810555
leaf_count=3400 31665 1793 12016 5847 2098 125912 21555 33139 35325 72458 87085 25668 9075 8579 24265 40009 2907 137652 21435 35608 35270 18419 5855 67195 80011 4229 57561 248487 10045 191544 10881 94590 76771 20966 11251 30209 16983 28982 3110 1887 1437 252 202 29661 36818 4037 4278 2525 783 12101 253993 92908 82014 124170 29212 103115 86401 97193 268141 246100 48087 3640
internal_value=-0.000235226 0.00399498 -0.0151033 -0.0193878 0.000540188 -0.026483 -0.00537388 -0.0279535 -0.0075657 -0.0252106 0.00780572 -0.00960397 0.00304486 -0.0137106 -0.003022 -0.00832404 -0.0267852 0.00165077 -0.00268184 -0.00990792 0.00912338 -0.0106949 -0.0284146 -0.00509489 -0.0117645 -0.0155944 0.00829757 -0.017314 -0.00593865 -0.0323027 -0.000514102 0.00282389 0.00593006 0.0122326 -0.000662845 -0.00306249 -0.00819913 0.00665626 0.00200932 0.00589435 0.00113313 0.00566123 0.00188058 0.00927927 -0.0114059 -0.0182318 0.00527556 -0.0220531 0.012678 -0.00135791 -0.0248373 -0.0178716 -0.0379693 -0.0147087 -0.000918561 -0.00291466 0.0068672 0.00147692 -0.0072143 -0.0107123 -0.0186688 0.0122259
internal_weight=4.03661e+06 3.14252e+06 894099 620743 1.64824e+06 275913 273355 262364 243199 205989 1.49428e+06 211667 967769 344830 680467 197467 187826 652510 139029 172761 982535 187726 163974 372542 142111 23851.3 776370 157105 333574 78574.1 307925 513481 315259 206166 123063 87000.9 36615.6 390233 13549.4 12039 10286.8 9360.9 9003.46 104273 180647 15966.3 511746 2717.22 844.443 275123 85400.3 153278 56374.8 91788.9 265546 144847 272627 120700 260486 170872 21641.2 6286.24
internal_count=3278805 1409911 1868894 1494532 1087575 837374 374362 820138 362346 612212 322336 340791 433762 657158 653813 305466 579073 325232 92990 279798 144572 309916 523850 377046 239789 55223 121813 347242 345381 264002 276767 232242 108530 22759 79878 58443 28234 64252 17236 14126 12239 10802 10550 31759 301337 13112 177764 3510 985 252502 259848 341395 207926 159778 241621 132327 90679 109294 278186 282918 52316 7040
cat_boundaries=0 95 190 282 376 468 563 644 736 832 927 1010 1011 1106 1201 1297 1392 1483 1571 1666 1667 1762 1857 1952 2040 2132 2227 2319 2410 2502 2503 2597 2688 2784 2876 2957 3047 3142
cat_threshold=16384 0 0 0 0 0 0 0 16384 67108864 0 0 0 0 0 0 0 0 0 0 0 1024 33554432 0 0 0 0 0 0 65540 16 0 0 0 0 0 0 0 0 0 0 0 0 0 0 0 0 0 0 0 0 0 0 0 32 0 520 0 0 128 0 4096 0 0 0 0 0 16777216 0 0 0 0 393216 4608 0 24576 0 0 512 0 2181039104 0 8192 268435456 0 0 65536 1048576 4 0 0 0 2097152 268435456 1 0 0 0 0 0 0 0 4259840 16384 0 4096 0 16777216 0 0 0 0 0 0 16 2048 1024 0 1048576 0 2147483648 0 0 0 16384 0 33554432 0 0 0 0 0 0 0 0 0 0 0 0 0 0 0 0 0 0 0 0 0 0 0 0 0 8192 4194304 0 2048 0 0 0 0 0 0 0 0 0 0 0 0 256 128 0 0 0 134218240 67108864 1024 4 8192 128 0 0 0 8192 64 524288 0 16 2097152 0 8193 0 2148007936 0 0 0 0 1 0 0 2048 0 0 0 16385 2 32768 0 0 0 0 1024 0 0 0 0 1024 0 0 0 16 0 0 268435456 0 67108864 0 134217728 0 2359296 0 0 0 536870912 0 0 524288 0 64 0 262144 0 64 0 128 0 0 0 0 0 4 67584 0 32 0 0 0 0 0 0 0 0 0 8 0 0 0 0 0 67108864 0 16384 0 0 0 0 0 0 512 0 524288 0 16777216 0 0 0 0 0 0 0 0 0 0 0 0 0 0 0 0 0 16777216 0 0 0 0 2 0 0 0 0 0 0 65536 16 0 0 268435456 0 0 0 0 0 0 0 0 0 0 0 0 0 0 0 0 0 0 0 0 1056 0 0 0 536870912 32900 0 4 0 0 0 8 0 128 16384 32768 0 0 8 4160 0 0 512 0 0 0 0 8192 0 268435520 0 0 32 546308096 4 537923584 0 0 0 268435456 0 0 0 268435456 0 16384 0 0 0 0 4096 262144 16777216 0 0 0 0 8193 0 0 0 0 0 1048576 0 2147483648 1024 32768 0 16384 0 0 0 0 0 0 0 0 0 0 0 0 0 0 0 0 0 0 0 0 0 0 0 16384 0 0 0 512 4194304 32768 64 0 0 0 0 0 0 8388608 16384 32768 0 167780352 0 256 0 0 2147483648 0 0 0 0 4 0 64 0 0 0 0 64 536875008 0 2097168 16384 0 16777216 0 0 0 0 4194304 16384 0 0 0 0 0 0 0 0 2097152 0 0 3072 0 0 0 0 2147483648 0 0 0 65540 16 33554432 0 0 0 0 0 0 0 0 0 0 0 0 0 16 0 0 268435456 0 0 0 0 128 1024 0 0 0 4194304 0 2048 0 0 0 0 0 0 0 0 0 0 0 0 4352 0 0 0 0 512 0 0 4 8192 0 0 0 0 1048576 4 4096 0 576 2097152 0 8449 0 2148007936 0 0 0 17040384 0 0 0 1024 0 0 0 16513 6 134250496 65536 0 0 0 0 0 0 8388608 0 512 0 0 0 0 0 0 0 0 335544320 0 2097280 0 2360321 0 0 0 537919488 0 131072 0 16 8256 0 0 0 0 0 0 0 0 0 0 0 0 0 0 32 0 0 0 0 0 0 0 0 0 0 0 0 0 0 0 0 0 128 16384 0 0 0 0 16384 0 0 16384 0 4096 0 16777216 0 0 0 0 16777216 0 16 4 0 0 0 0 0 0 1 0 4 16 33554432 0 0 0 0 33554432 0 0 0 0 0 0 0 0 0 0 0 0 0 0 0 0 536870912 0 8192 520 0 4194304 0 2048 4 0 0 0 8 0 16777344 0 0 0 0 0 256 128 0 32768 0 0 0 1024 0 0 0 0 0 0 1056768 0 4096 0 576 16384 0 0 0 64 0 4 0 0 0 8388608 0 0 0 0 0 0 8192 262176 0 0 0 33554432 0 0 0 1024 32768 0 0 0 0 8192 524288 8 0 0 0 0 0 0 0 0 0 0 0 0 0 4096 2048 0 0 0 2147483648 0 8192 512 512 32768 0 0 0 0 0 0 0 0 16777216 0 0 0 33554432 131072 512 0 0 0 0 536870912 0 2147483648 0 0 0 524288 0 131072 528 0 0 268435456 0 0 0 0 1 0 0 536870912 0 0 0 0 0 0 2048 0 0 0 134217728 0 0 0 2097153 0 0 0 0 2 0 0 2147483648 128 0 0 0 0 0 0 524288 0 0 134217728 67108864 0 0 0 0 0 0 0 0 33554432 0 268436224 0 0 4 0 2147483648 8192 0 16 0 0 32900 0 4096 0 0 0 0 4096 0 0 0 0 33562624 0 0 0 0 0 0 512 0 0 4 0 1048576 0 0 65536 16 0 0 0 0 0 0 8192 0 0 0 0 2097152 268435456 0 0 0 8 2 262144 0 142606336 0 0 0 0 0 0 0 524288 8388608 0 0 5120 0 0 0 0 0 0 268435456 0 0 0 0 0 0 0 0 0 0 0 0 0 0 0 512 270336 4096 68 0 0 8192 2 8 0 64 0 64 4096 0 4194304 0 16777216 0 0 0 0 0 134217728 262144 0 0 2147500032 0 8 0 0 0 0 2048 4 16384 0 0 0 0 0 0 4259840 16384 0 4096 0 0 0 0 0 0 8192 0 16 0 8388608 0 0 0 1024 0 32769 0 81920 0 0 0 0 8 0 0 0 0 0 0 0 0 0 0 0 0 0 0 0 0 0 0 0 1024 0 0 512 0 0 2048 4 0 0 0 0 0 16777216 0 0 0 0 0 256 0 16384 0 0 512 0 0 0 8192 0 0 0 0 1056768 68 4096 0 528 0 268435456 256 16384 0 0 0 0 0 0 4194304 0 0 4096 0 0 0 0 0 0 8192 0 0 0 0 0 0 0 0 0 0 0 0 16 0 0 0 0 0 0 0 0 0 0 0 0 0 0 0 0 0 0 0 0 0 0 128 0 0 512 8192 4227136 0 0 4 0 0 0 0 0 128 16384 0 0 0 0 768 0 0 0 0 512 0 1024 0 8192 268435648 0 0 131104 1048576 4 536875008 0 512 2097152 268435456 256 0 0 536870912 0 0 268435456 2052 65536 0 0 8388608 0 0 0 0 0 0 0 262176 0 2048 0 2 0 0 0 128 0 0 0 0 0 8192 268435456 0 0 0 0 0 0 0 0 0 0 0 0 0 0 0 10240 0 0 0 2147483648 8192 0 0 0 536903680 0 0 4 0 0 0 8 0 128 0 0 0 0 0 64 0 0 0 0 134217728 67108864 0 8192 0 0 524288 0 131072 8192 0 0 268435456 0 0 0 8192 1 0 0 0 0 0 0 0 4194304 0 0 4096 0 0 0 0 0 0 8193 262144 16 0 8389632 0 0 0 0 0 0 0 81920 0 33554432 0 0 8 0 0 0 0 0 0 0 0 0 0 0 0 0 0 0 0 0 0 0 1024 0 0 8192 0 0 0 4 0 0 0 16777224 0 0 0 0 0 33554432 0 4096 0 16384 0 0 0 0 1024 0 8192 64 0 0 131072 9445376 68 0 0 16 2097152 0 1 0 0 0 0 0 268435456 4 65536 0 0 0 0 0 0 0 0 0 16777217 0 0 0 524288 33554432 1048576 0 0 0 32769 0 81920 0 0 0 0 8 0 0 0 0 0 0 0 0 0 0 0 0 0 0 10240 0 0 0 0 0 8192 8 512 536870912 0 65536 0 0 0 0 0 0 16777216 0 0 0 0 131072 4160 0 0 512 0 134217728 67108864 33554432 0 2048 0 0 0 0 512 64 0 268435456 0 0 65544 0 16779264 1024 4 134217728 1024 0 0 0 0 65536 1073741824 0 65536 2098176 0 0 0 0 0 0 2097152 536870912 0 0 0 0 0 0 0 0 262144 0 128 0 1024 0 0 16777216 0 0 2621440 0 0 8192 256 0 0 0 0 536870912 0 0 268435456 0 0 0 0 0 0 536870912 0 0 4096 0 0 0 0 0 0 0 130 0 0 0 0 0 0 0 2048 1048576 0 0 0 536870912 0 0 0 0 0 0 0 65536 16384 0 4096 0 0 0 0 0 0 0 262144 0 0 524288 0 9437184 0 0 0 33554432 0 65536 0 0 0 0 8 0 0 0 0 0 0 0 0 0 2097152 0 0 0 0 2048 0 0 0 0 0 0 512 0 4194304 0 2048 4 0 0 0 0 0 0 0 0 0 33554432 0 768 0 0 0 0 0 0 2147484672 8192 8192 192 0 0 0 1048576 4 1052672 0 528 0 0 256 261 0 0 0 268435456 65536 0 5 4194304 1 2 0 0 0 0 0 0 0 0 262144 0 0 8389632 0 32 0 1024 0 33587200 0 0 0 0 0 0 8 0 0 0 0 0 0 0 0 0 0 0 0 0 0 262144 0 0 0 16384 262144 0 0 8704 0 0 0 0 0 0 0 0 0 0 0 0 0 0 262152 0 2 16384 512 0 0 0 2181038080 0 10240 128 0 0 0 0 64 0 0 0 0 0 256 0 0 0 0 0 0 0 0 0 8 8388608 0 0 0 0 0 0 0 0 0 2048 0 8388608 1048576 0 0 0 0 0 16384 0 0 268443648 268435456 2048 0 0 0 0 0 0 0 0 0 0 0 0 0 0 0 0 0 0 0 32 2 0 0 536903680 0 65536 0 0 4202496 0 0 0 0 16384 32768 0 0 0 4672 0 0 0 0 0 0 0 8192 1048576 268435456 524288 0 0 536870912 4 524288 0 0 0 268435456 1 0 0 0 0 0 0 0 0 0 0 0 0 0 0 0 0 0 0 0 0 0 0 0 0 0 0 0 0 0 0 16 0 0 0 0 0 0 0 0 0 0 0 0 0 0 0 0 0 0 0 0 0 0 128 1024 0 0 0 4194304 0 2048 0 0 0 0 0 0 0 0 0 0 0 0 256 0 0 0 0 512 0 0 4 0 0 0 0 0 1048576 0 0 0 64 2097152 0 8192 0 0 0 0 0 0 0 0 0 0 0 0 0 0 0 0 0 0 0 0 0 0 0 0 0 0 0 0 0 0 0 0 0 0 0 0 0 0 0 0 0 0 0 0 0 0 0 0 0 0 0 0 0 0 0 0 0 0 0 0 0 0 0 0 0 0 0 0 0 0 0 0 0 256 0 0 0 0 0 0 0 0 0 0 0 0 0 1048576 0 0 0 0 0 16811008 524288 0 0 1024 0 0 0 16512 2 134217728 65536 0 0 0 2048 0 2 8388608 0 512 0 0 0 0 16 0 0 0 0 0 0 67108864 67633152 0 0 0 536875008 524288 2097152 557056 256 64 0 0 0 0 0 0 0 0 0 0 0 4 0 0 32 0 0 0 0 0 0 0 0 33554432 0 0 0 0 0 0 0 0 0 0 0 0 524288 0 1048576 0 0 0 0 16777216 0 0 0 0 0 0 0 0 0 0 0 0 0 0 0 0 0 0 0 0 0 0 33554432 0 0 0 0 0 0 0 0 0 0 0 0 0 0 0 0 0 0 0 0 0 0 0 0 0 0 0 0 0 0 0 32 0 0 0 0 128 0 0 0 0 0 0 0 0 0 0 0 0 393216 0 0 0 0 0 0 0 1024 0 0 0 0 0 65536 1048576 4 0 0 0 0 0 1 0 1048576 0 64 0 1024 524288 0 1024 0 0 0 0 134283264 1073774592 0 65536 1024 0 0 0 0 0 0 0 0 0 0 0 0 0 0 8 0 0 2147483648 134217728 0 0 0 0 0 1052672 0 0 32768 33554432 64 768 0 4096 0 1048576 128 0 0 0 0 0 4 0 0 0 4194304 0 0 4098 0 0 0 0 0 0 0 0 8 0 0 0 0 16384 0 0 0 0 0 1048576 0 0 0 0 16777216 0 0 536870912 0 0 0 2048 4259840 0 0 0 0 0 0 0 0 0 0 262176 16 2048 8912896 0 0 0 0 128 0 0 0 0 0 8192 268435456 0 0 0 0 0 0 0 0 0 0 0 0 0 0 4096 8192 0 0 0 0 11264 0 0 0 536870976 0 0 4 0 0 0 16777216 0 0 0 0 0 0 0 0 128 2147483656 512 0 0 67108864 0 0 2048 0 0 0 0 545267712 0 0 268435456 0 1052673 0 64 0 32768 524288 134217728 1026 0 0 4 0 65536 0 2147483648 0 1024 0 0 0 0 0 0 6291456 0 0 0 0 0 1073741824 0 8 0 262144 2684354560 0 0 0 0 8 0 0 524288 2654208 557056 0 0 0 0 0 0 0 0 0 0 0 0 0 0 0 0 0 536870920 0 0 0 0 0 0 0 0 0 0 0 0 0 0 0 0 0 0 0 0 0 0 1048576 0 512 0 0 16777216 135 16384 0 65536 0 0 268451840 2048 1077936128 1 0 0 0 0 0 0 0 0 0 32 0 0 8389632 0 0 0 1024 0 32768 0 0 16 33554432 268435456 0 0 0 0 0 0 0 0 0 0 0 0 0 0 0 0 0 0 0 0 536870912 0 0 0 512 536870912 0 0 0 0 0 0 0 0 128 0 0 0 0 262152 0 0 0 32768 0 0 67108864 33554432 134217728 0 268435456 524288 0 131104 0 64 0 0 0 0 268435456 0 0 0 0 2048 0 0 0 0 0 0 0 0 134217728 0 67108864 0 8193 0 0 0 0 8388608 0 4194304 536870912 128 0 0 0 0 0 131072 0 0 0 0 0 0 0 32768 0 0 0 0 0 0 4 0 0 0 0 0 0 0 10 8388624 0 536870912 0 65536 4096 0 8200 0 0 0 0 0 0 1073741824 8192 0 0 0 0 2147516416 8 67108864 0 0 134217728 0 1048576 0 0 65536 16 0 0 268435456 0 0 0 0 64 268435456 0 4194304 0 0 0 0 0 0 0 0 0 0 0 0 2048 1024 33554432 0 0 0 0 1 0 16384 0 0 8192 0 0 0 0 0 0 0 0 0 0 0 268435456 0 0 0 0 262144 0 0 0 0 32 0 0 0 32832 32896 0 0 0 0 0 0 0 0 0 0 0 0 393216 0 0 2147500032 512 0 671089152 67108864 0 0 0 0 0 0 0 8397312 0 537395200 0 0 0 0 8192 1 0 0 0 0 0 1024 0 134217728 1024 0 2052 0 0 134283264 32768 2281701376 65536 1024 0 0 0 0 0 8388608 0 0 0 0 0 0 0 0 0 0 262144 536870912 128 0 0 0 0 0 4096 524288 2097152 557056 0 64 0 0 4096 0 1048576 0 0 0 0 0 0 0 0 0 0 4194304 0 0 2 8388608 0 0 0 0 0 0 0 8 0 0 0 0 16512 0 0 0 0 0 1048576 0 0 0 0 16777216 0 1 16842752 0 0 0 0 134217728 0 0 2048 0 0 134217729 32772 2147483648 0 1024 0 0 0 0 33554432 0 0 0 0 0 0 0 0 0 8 0 264192 67108864 134217856 0 0 0 0 0 0 0 0 0 0 8192 268435968 0 4096 0 1048576 0 0 8 0 0 4194304 0 0 0 0 541065216 0 0 2 0 0 0 0 0 0 4096 0 0 0 0 0 0 4210816 0 0 0 0 64 0 0 4194304 0 2 2 0 0 0 0 0 0 16777216 0 16 0 0 8388608 0 0 0 0 0 0 0 0 33554432 131072 524288 0 0 0 0 0 0 0 0 0 0 0 0 33554432 0 512 0 4096 4 0 0 3072 8194 8388608 8192 0 0 0 0 0 4194304 0 16777216 2 0 0 0 0 16384 0 0 128 2147483648 512 0 536870912 0 0 0 0 0 0 0 32 8388624 0 1048576 0 0 0 0 0 0 0 0 0 0 0 0 0 0 0 0 0 0 0 0 0 0 33554432 0 0 0 0 0 0 0 0 0 0 0 0 0 0 0 0 0 0 0 0 0 0 0 0 0 0 0 0 0 0 0 32 0 512 0 0 128 0 4096 0 0 0 0 0 0 0 0 0 0 393216 0 0 16384 0 0 0 0 33554432 0 8192 0 0 0 65536 0 0 0 0 0 0 0 1
is_linear=0
shrinkage=0.05


Tree=40
num_leaves=63
num_cat=40
split_feature=10 8 0 6 0 8 6 0 7 6 0 3 0 0 10 0 0 0 15 0 0 11 0 19 0 0 3 0 0 19 19 0 0 3 0 0 0 3 0 17 17 0 10 0 0 6 8 0 3 0 10 0 14 0 0 0 17 0 0 14 0 3
split_gain=92651.3 14230.9 14203.2 8467.45 5226.94 5372.72 3036.28 3000.07 2575.91 2067.04 1989.98 1789.73 1604.42 1412.23 1400.02 1335.3 1076.55 1071.99 1039.99 977.96 913.465 819.054 817.953 804.826 1177.99 1015.7 859.817 768.339 766.018 759.843 757.112 1124.84 774.255 719.733 882.286 697.837 695.323 664.123 654.224 632.555 726.626 617.952 614.984 602.688 587.452 576.838 547.108 599.621 543.451 535.976 531.328 530.772 520.069 558.799 508.569 507.652 470.95 690.214 565.368 461.031 578.485 448.267
threshold=0.69642856717109691 2.5000000000000004 0 1.0000000180025095e-35 1 0.21428572386503222 2.5000000000000004 2 6.5000000000000009 1.0000000180025095e-35 3 4 5 6 0.12500000372529033 7 8 9 4.5000000000000009 10 11 9.9437570571899432 12 1.0000000180025095e-35 13 14 15 16 17 1.0000000180025095e-35 1.0000000180025095e-35 18 19 20 21 22 23 24 25 23.500000000000004 5.5000000000000009 26 0.12500000372529033 27 28 25.500000000000004 1.0000000180025095e-35 29 30 31 1.0000000180025095e-35 32 0.95841991901397716 33 34 35 37.500000000000007 36 37 0.95388087630271923 38 39
decision_type=2 2 9 2 9 2 2 9 2 2 9 1 9 9 2 9 9 9 2 9 9 2 9 2 9 9 1 9 9 2 2 9 9 1 9 9 9 1 9 2 2 9 2 9 9 2 2 9 1 9 2 9 2 9 9 9 2 9 9 2 9 1
left_child=2 7 14 4 33 10 12 11 19 16 42 51 -5 48 -1 -7 -9 -14 29 -3 50 -13 -17 25 26 45 -25 -19 -18 36 31 -10 -32 34 39 -8 -11 43 -31 40 -4 -30 59 -22 -24 -21 47 -43 -12 -20 -15 -2 53 -50 -39 -29 58 -58 -27 60 -6 -57
right_child=1 8 3 6 5 15 35 9 30 18 13 21 17 20 -16 22 28 27 49 23 37 -23 44 24 -26 56 -28 55 41 38 32 -33 -34 -35 -36 -37 -38 54 -40 -41 -42 46 -44 -45 -46 -47 -48 -49 52 -51 -52 -53 -54 -55 -56 61 57 -59 -60 -61 -62 -63
leaf_value=-0.037055887699740879 0.03136646682155006 -0.0085821619784768391 -0.00029415047578487116 -0.018971738023433219 0.041042884825153982 -0.019741309038700867 -0.016285704911947634 -0.018072644653652135 0.0091116359845974087 0.0019632825226008157 0.0028251764792758347 0.003203003525748645 -0.013399205658713838 -0.034563899123578559 -0.025157962395861124 -0.015349144869830578 0.00051463465027637141 -0.0096083478635274906 0.0074808709972184959 0.0060320419526552656 0.0096069523844662195 0.022635479887843452 0.0020774302665866732 0.019948208729368019 0.0050122428598904246 0.0063370384526366596 0.0088599609173563351 0.010360243351189255 -0.0018512435182789389 0.0091732083206858342 0.013890698421673767 0.0047889560901741464 0.0087427002256270647 -0.002450926480711811 0.0041698974147946688 0.008009013840365722 -0.0041380977491140497 -0.012302913646287928 8.0077502754697058e-05 0.0052347614613155414 0.063172436639179971 0.00059688097567615157 -0.023627815823916837 -0.014154337048049232 -0.0091574494294217636 0.02140150030274908 -0.0064554586959274232 -0.030562440502856933 0.091433240493986559 0.0015811024704258062 -0.023362126293347007 0.011261953770213112 -0.016421498155808921 0.0023948719240608749 -0.021580133647336758 0.0026863926257723577 -0.0083466061282542053 0.0014445567442180061 0.0015271487957554362 -0.036960621108800551 -0.024619882115280226 -0.0047074499391372678
leaf_weight=56975.426516190171 7514.4444850683212 13637.998469293118 595.74583604931831 24922.157682240009 370.49937871098518 42236.486612915993 3140.075382322073 14332.073345035315 361420.44060581923 59456.581760525703 7942.4048430919647 206366.43159484863 33715.876071333885 15060.301904693246 43680.035984158516 54901.534544765949 71282.516914486885 37215.940277040005 49509.905678331852 222790.37291395664 3160.7127234339714 5568.7827761769295 12573.410971164703 23667.559642136097 226888.58020758629 101423.11647582054 67147.550642549992 8658.4575008451939 85805.891216397285 24580.815099358559 101680.77896428108 258027.34668552876 260193.04819464684 22495.122128725052 9833.7055251002312 48289.628633052111 217503.21300244331 17353.882768690586 101134.93959915638 1360.2512668669224 1855.9541869461536 2276.6355574131012 19842.919205725193 16998.481433242559 156359.44214296341 6276.8699707984924 169084.13431632519 4827.6756443679333 197.37792390584946 173012.98792171478 35631.202914297581 5893.5148010253906 13384.788083851337 1190.4289121925831 103416.38506774604 30450.070778250694 22066.093168735504 97457.438757956028 153678.59781527519 28003.263044685125 2921.4049346745014 62693.770907849073
leaf_count=216329 1733 7659 397 52864 759 95956 3985 17197 42972 38634 12602 111741 62442 52778 118511 108946 60670 62523 26408 67069 6072 1168 16885 6338 75826 32547 19819 7071 76470 16578 11426 49082 38662 26242 10340 35591 178325 34755 80614 1189 609 2610 50182 40327 270026 674 174159 6824 148 119314 95612 2732 25027 2029 265772 39949 7923 33884 55828 101133 9800 86931
internal_value=-0.000202744 0.00391093 -0.014168 -0.0119835 -0.0153559 -0.0166067 -0.00429809 -0.000363459 0.00658338 -0.00156764 -0.0216396 0.00483483 -0.007114 -0.0195214 -0.0318895 -0.0115858 -0.00465862 -0.00540174 0.000150918 0.00470541 -0.0209195 0.00371343 -0.0100456 0.00490213 0.0069392 0.00383017 0.0117516 -0.00346131 -0.0040811 -0.00136503 0.00837278 0.00731127 0.0101898 0.00304501 0.0121003 0.00652407 -0.00282836 -0.018844 0.00185877 0.032494 0.0477505 -0.00533147 -0.0305078 -0.0104259 -0.00832118 0.00645291 -0.00702618 -0.0206194 -0.00772256 0.00289417 -0.0266849 0.0225444 -0.0133916 0.0157343 -0.0202482 -0.00121341 0.00222624 -0.000363637 0.00343977 -0.0348799 -0.0171797 -0.00229027
internal_weight=4.03193e+06 3.11451e+06 917427 816772 567686 531545 249086 1.19815e+06 1.91636e+06 972807 265474 225343 197656 214336 100655 266071 347609 172734 625198 935034 191621 211935 223834 921396 317704 603692 90815.1 139018 333277 402676 981322 619448 361874 36140.8 13645.7 51429.7 276960 140929 125716 3811.95 2451.7 261994 51138.1 20159.2 168933 229067 176188 7104.31 22715 222523 50691.5 13408 14772.6 1387.81 120770 101802 374625 119524 255102 31295.2 3291.9 93143.8
internal_count=3278668 1364886 1913782 1578942 1227586 1188809 351356 915177 449709 797803 696996 117374 311780 535122 334840 491813 337930 258916 459873 307567 495316 112909 395857 299908 101983 197925 26157 196474 320733 314151 142142 92054 50088 38777 12535 39576 216959 346926 97192 2195 1006 260063 161874 46399 286911 67743 183593 9434 39806 145722 148390 4465 27204 2177 300527 133951 130182 41807 88375 111692 10559 126880
cat_boundaries=0 92 187 282 372 373 462 557 646 738 819 906 995 1076 1172 1264 1265 1357 1445 1540 1630 1631 1721 1813 1903 1904 2000 2096 2184 2279 2367 2368 2463 2556 2651 2743 2837 2931 3026 3099 3100
cat_threshold=0 2148007936 0 0 0 16811008 0 0 0 1024 0 0 0 16513 6 134250496 65536 0 0 0 0 0 0 0 0 0 0 0 0 0 0 0 0 0 335806464 0 136314880 0 2360321 0 0 0 536870912 0 0 524288 16 8256 0 0 0 0 0 0 0 0 0 0 0 0 0 0 32 536870912 0 0 0 0 0 0 0 0 0 0 0 0 0 0 0 0 16384 0 0 0 0 0 0 0 0 0 0 16777216 16384 0 0 0 0 0 0 65536 0 0 4096 0 0 0 0 0 0 0 0 0 0 1024 0 0 0 0 0 32768 0 65536 16 0 0 0 0 0 0 0 0 0 0 0 0 0 0 0 0 0 0 0 0 0 0 0 0 0 0 0 4194304 32896 0 0 0 0 0 0 0 16777216 0 0 0 33554432 393216 4864 0 16384 0 0 512 0 1024 0 8192 268435520 0 0 32 1048576 68 536875008 0 0 2097152 268435456 1 16384 0 0 0 0 0 0 4194304 16384 0 4096 0 16777216 0 0 0 0 8192 0 16 2048 0 0 1048576 0 0 0 32768 0 81924 16 0 0 0 0 0 0 0 0 0 0 0 0 0 0 0 0 0 0 0 0 0 0 0 0 0 0 0 0 0 0 4 0 0 0 0 0 128 0 0 0 0 0 768 0 0 0 0 134218240 0 1024 0 8192 128 0 0 0 1056768 0 4096 0 592 2097152 268435456 256 0 4096 65544 0 16777216 262144 0 0 1024 2048 0 0 0 65536 32768 2147483648 0 2097152 0 0 0 0 0 0 0 1024 0 0 0 16 0 0 268443648 0 0 2147483648 128 0 0 0 0 0 1048576 0 2621440 32768 0 0 0 0 0 0 0 0 0 0 268435456 8192 0 4 65536 0 0 0 0 0 4096 128 0 0 0 0 8 0 128 0 0 0 67108864 0 0 0 0 128 0 0 0 0 0 524288 4 0 4097 0 64 0 262144 524288 134217728 0 0 2048 4 0 65536 32768 2147483648 0 1024 0 0 0 0 0 8388608 2097152 512 0 0 0 0 0 0 8 0 0 2684354560 128 67108864 0 0 8 16777216 1048576 524288 2752512 32768 256 0 0 0 0 0 0 0 0 0 0 0 0 0 0 0 0 0 0 0 0 0 0 0 0 0 0 0 0 0 0 0 0 0 128 0 0 0 0 0 1048576 0 512 0 0 0 0 0 16384 0 0 16384 67108864 0 0 16777216 8388608 0 0 0 1 32 0 2048 0 41943040 1 0 2147483648 0 0 0 4 0 33554432 0 0 8 0 33554432 0 0 0 0 0 0 0 0 0 0 0 4096 0 0 0 0 0 32 0 520 512 0 0 0 4100 0 0 0 0 0 0 16384 0 0 0 0 0 0 8192 2147483648 0 0 0 2147483648 134217732 0 0 0 0 131072 8388608 0 0 0 0 0 0 8192 0 1052673 65544 64 0 262144 524288 134217728 1026 0 0 0 0 65536 0 0 0 1024 0 0 0 0 0 8388608 0 512 0 0 0 0 0 0 8 0 2048 2147483648 128 67108864 0 0 0 0 1052672 524288 2785280 32768 256 0 0 0 0 0 0 0 0 0 0 0 0 0 0 0 0 0 0 0 0 0 0 0 0 0 0 0 0 0 0 0 0 0 128 0 0 0 0 0 1048576 0 512 0 0 0 0 0 1024 0 134217728 0 0 2052 0 0 134283264 1073741824 0 65536 0 0 0 0 0 2 8388608 2097152 0 0 0 0 0 0 0 0 0 0 0 134217728 0 0 0 0 0 4096 0 0 557056 33554432 64 268435968 0 4096 0 1048576 0 0 0 0 0 4194304 132 0 0 0 4194304 0 0 2 8388608 0 0 0 0 0 0 0 0 0 0 0 0 16384 4 0 0 0 0 1048576 0 0 0 0 18874368 0 1048576 16842760 0 0 0 0 0 1027 0 0 0 0 0 1073741824 0 0 2097152 0 0 0 0 0 0 4194304 0 0 0 0 0 1073741824 0 8388608 0 2048 67108864 0 0 67633152 0 0 0 4096 0 32772 2048 8 0 256 0 0 0 0 128 0 8 268435456 0 0 0 65536 0 0 8 0 0 4096 0 0 0 0 0 0 0 2 8 32768 0 0 0 4194304 0 0 16777216 0 2048 0 0 0 1 0 4 0 0 142606336 0 0 0 8193 0 0 0 8388608 8388608 1 4194304 0 1152 0 0 0 0 0 0 0 0 67108864 0 0 0 0 0 0 0 0 0 16 0 4 0 0 4096 4 0 0 0 2 0 0 0 4 64 4096 0 8192 0 0 0 0 0 0 1073741824 33570816 0 0 0 8192 2147483648 0 0 0 4194304 0 1048576 0 0 0 65536 0 1048577 0 0 2048 268435456 524289 134217728 0 2 2048 0 0 0 0 0 0 1024 0 0 1024 0 0 8388608 2097152 536870912 0 0 0 0 0 0 0 0 0 536870912 0 67108864 67108864 0 0 16777216 4096 524288 163840 0 256 0 256 0 0 64 0 536871040 0 0 0 0 0 0 2048 0 0 0 0 0 0 0 0 0 0 0 0 0 0 0 0 0 0 0 0 0 0 0 524288 0 1048576 16 512 0 0 0 0 0 0 0 0 1 0 2052 4 0 0 1073774592 2147483648 0 2097152 0 0 1028 0 0 0 6291456 0 0 0 0 0 1073741824 0 0 0 0 603979776 0 0 67633152 0 8 16777216 0 0 0 2064 0 0 0 0 0 0 1048576 0 0 8 0 0 0 0 0 0 0 8200 0 0 4098 8388608 0 0 0 0 0 0 2 0 32768 0 0 0 541065216 0 0 0 0 0 0 0 0 0 2 0 0 0 0 0 0 0 0 0 0 0 0 0 0 0 0 0 0 0 0 0 0 0 0 0 0 0 0 0 0 0 0 0 0 0 0 0 0 268435456 0 0 0 0 0 0 8192 8389128 8192 541065280 128 0 4 0 0 0 8 0 16777344 16384 0 0 134217728 8 832 0 16384 32768 8 0 0 1024 4 0 0 0 0 0 1048576 0 536870912 0 0 2097152 0 8193 1 16384 0 0 0 0 0 0 4194304 16384 67108864 4096 0 16777216 0 0 0 0 16777216 32 0 2052 0 33554432 0 0 2147484672 0 1 0 16388 16 0 0 268435456 0 0 0 0 0 0 0 0 0 0 0 0 0 0 0 8192 0 0 0 536871040 1024 0 0 0 0 0 0 0 0 0 0 0 0 0 0 0 0 0 0 256 130 0 512 0 512 0 0 0 0 0 0 0 0 8396800 0 0 0 592 768 1 0 0 0 16779264 16384 2064 1073741824 0 0 4 0 0 134217728 0 67108864 0 268435456 0 0 1024 0 0 32 0 536870912 128 0 0 16 0 0 0 0 0 0 33554432 0 0 1048576 32768 0 0 0 268435456 0 0 4 0 0 0 0 1048576 16384 0 0 0 0 0 0 0 0 0 8192 0 0 0 8388608 0 0 0 8192 0 256 0 0 0 0 67108864 0 536870912 0 0 1048576 0 0 0 0 0 8192 0 2097152 0 0 0 0 0 278528 4 65536 1 67108864 0 0 0 0 0 0 0 0 262144 0 0 8913920 33554432 0 0 1024 1024 0 0 0 0 33554432 0 0 8 0 0 0 0 0 8 0 0 0 268435456 0 0 0 0 0 0 0 0 536870912 262144 0 512 8192 64 0 65536 0 0 8192 0 8 0 0 0 0 0 0 131072 0 0 0 512 0 0 0 2147483648 134217728 0 0 0 0 131104 512 16384 0 0 0 0 0 0 0 16384 0 4098 0 0 0 0 0 0 16777216 0 0 2052 0 33554434 0 0 2147484672 0 1 0 16388 16 33554432 268443648 0 0 0 0 0 0 0 0 0 0 0 0 0 0 0 512 0 0 0 0 0 0 0 512 0 0 0 0 0 0 0 0 0 0 0 0 0 0 0 0 4416 0 0 512 0 134218240 0 0 0 0 0 0 0 0 0 4 1052672 0 80 0 0 256 0 0 0 0 0 0 4 0 0 0 2 0 0 0 0 0 0 0 0 0 0 8388608 0 0 0 0 0 0 0 0 0 0 8192 0 0 0 0 0 0 0 0 0 0 0 0 0 0 0 0 0 0 0 0 0 0 8192 512 0 4227136 0 0 4 0 0 0 0 0 128 16384 32768 0 0 0 768 0 0 0 0 536870912 0 0 8196 0 268435456 0 0 0 1049088 64 536870912 773 0 0 0 0 0 0 0 65536 0 0 0 0 0 0 0 0 0 0 0 0 0 1024 0 0 0 0 0 0 0 65536 0 0 0 0 0 0 0 0 0 0 0 0 0 0 0 0 0 0 0 0 0 0 0 0 0 0 0 0 0 0 0 0 0 0 0 0 0 0 0 0 0 0 0 768 0 0 0 0 512 0 0 0 0 0 0 0 0 1048576 0 4096 0 0 65536 64 0 262144 0 134217728 1024 0 2048 0 0 65536 32768 2214592512 0 268436480 0 0 0 0 0 8388608 6291456 512 0 0 0 0 0 0 8388608 0 2048 2147483648 128 0 0 0 0 16777216 0 0 2129920 34816 0 0 0 0 0 64 0 0 0 0 0 0 0 0 0 0 0 0 0 0 0 0 0 0 0 33554432 0 0 2 0 32768 0 0 0 128 0 0 0 0 0 0 0 0 0 0 2097152 0 0 16777216 0 0 0 0 65536 0 67108864 0 0 0 8388608 0 0 0 16777216 0 0 0 524288 2 0 0 2147483648 0 1 0 0 0 33554432 0 0 8 0 0 0 0 0 0 0 0 0 0 0 0 0 256 8192 0 0 67108864 536871040 1056 0 0 0 4194304 0 0 0 0 0 0 16777224 0 0 0 0 0 33554432 0 4160 130 0 512 0 0 67108864 0 8192 0 268435456 0 0 0 0 4 1048576 5 0 0 16777216 0 0 0 0 0 0 0 0 0 0 0 0 0 0 0 0 0 0 0 0 0 0 0 0 0 0 0 0 0 0 0 0 0 0 0 0 0 0 0 0 0 0 0 0 0 268435456 0 0 0 0 0 0 8192 8389128 8704 4227072 4 67584 0 0 0 0 16777224 0 16777216 16384 32768 0 33554432 8 64 0 16384 32768 8 0 0 0 134217728 0 268435456 0 0 131072 512 4 536870912 0 0 0 0 1 1 0 1 0 0 0 268435456 0 0 0 0 2 262144 0 0 0 0 0 16777216 0 0 0 0 0 1 0 0 0 33554433 0 0 0 0 131072 0 0 0 0 0 0 0 0 0 0 0 0 0 0 8192 0 264192 0 0 0 0 2048 0 8 512 536870912 0 0 0 0 0 0 0 0 16777216 16384 0 0 0 8 0 0 2147508224 32768 0 0 67108864 33554432 0 2048 64 0 0 0 0 64 537919488 268435456 0 0 0 0 1 0 0 553648128 268435456 65600 0 0 0 0 0 8388608 0 0 0 0 0 0 16785408 0 0 0 524288 0 1048576 0 0 0 0 0 16384 0 0 131072 268435456 0 0 0 0 0 1048576 32768 0 0 0 268435456 0 0 4 0 2048 0 0 0 0 3072 0 0 0 32768 0 64 0 0 0 0 0 0 0 0 0 0 134234112 0 0 0 2147483648 0 0 536870912 67108864 541065216 0 2048 0 0 0 0 536879104 0 0 0 0 0 0 4 4194304 16384 0 2 0 16777216 0 0 0 0 16785409 262144 0 2048 0 0 1048576 0 0 0 0 0 16384 0 0 0 0 8 0 0 0 0 0 0 0 0 0 0 0 0 0 0 0 0 0 0 0 32 8192 0 8192 536870912 0 2048 4 0 0 0 0 0 128 0 32768 0 0 8 0 0 0 0 0 0 67108864 0 8196 0 128 0 0 131072 8396800 0 0 268435456 16 0 0 8192 0 1048576 0 0 2097216 0 1 0 0 0 0 0 0 0 32768 67108864 0 1 32 0 0 0 0 32 0 0 128 0 0 0 0 0 0 524288 0 67108864 0 0 0 0 0 16777216 0 0 0 0 8 0 256 0 0 64 67108864 16384 1024 8 8388608 0 0 0 0 0 0 0 0 0 4096 0 0 0 1073741824 33570816 262144 0 0 8 2147483648 8 0 0 536870912 0 0 0 0 0 0 545259520 263 0 0 0 0 0 0 0 65536 0 0 0 0 0 0 0 0 0 0 32 0 4 1024 33554432 0 0 2147483648 1024 1 0 0 0 0 268435456 268435456 0 0 0 0 0 0 8 0 0 0 268435456 0 0 0 0 2048 0 0 0 0 32 0 512 512 4227072 32768 2048 0 0 0 0 0 0 0 0 0 0 33554432 0 4096 0 24576 0 0 0 67108864 0 8196 0 0 524288 0 0 536870912 68 0 0 0 0 0 1 0 0 0 0 0 0 0 0 16384 0 4096 0 0 0 0 0 0 0 0 16 0 0 0 0 0 0 0 32768 0 65536 0 0 0 0 0 0 0 0 0 0 0 0 0 0 0 0 0 0 0 0 0 0 0 0 0 0 0 0 0 0 0 0 0 0 0 0 0 0 0 0 0 0 0 768 0 0 0 0 134218240 0 0 0 8192 128 0 0 0 1048576 0 4096 0 0 2097152 0 0 0 0 0 0 0 0 0 0 0 0 16777216 0 0 0 0 0 0 0 0 0 0 0 0 0 0 0 0 0 0 0 0 0 0 0 0 0 0 0 0 0 0 0 0 0 0 0 0 0 0 0 0 0 0 0 0 0 0 0 0 0 0 0 0 0 0 0 0 0 0 0 0 0 0 0 0 0 0 0 0 0 0 0 0 0 0 0 0 0 0 0 0 0 8192 0 0 536870912 268435456 64 0 2048 4194304 0 0 2 262144 0 0 0 67108864 0 16777216 262144 16 4 524288 0 1048576 0 4096 1152 1 0 0 0 0 131072 0 0 0 0 0 0 0 0 0 0 0 0 0 0 0 0 0 0 0 0 16384 1024 0 0 0 0 0 0 0 0 0 0 0 0 0 0 32768 1073741824 8192 0 64 0 0 0 0 134217728 0 33554432 0 0 0 0 0 65536 536870912 0 0 268435456 2097168 16384 0 0 0 0 0 0 65536 16384 0 4096 0 0 0 0 0 0 8193 0 0 2048 1024 0 1048576 0 0 0 0 0 0 16 0 0 0 0 0 0 0 0 0 0 0 0 0 0 0 0 0 0 0 0 0 0 0 32 0 512 0 541065280 128 0 4 0 0 0 8 0 16777344 0 0 0 0 131072 0 0 16384 0 0 512 67108864 1024 4 8192 268435584 0 0 0 1048576 0 0 0 0 2097152 268435456 0 0 0 0 0 268435456 0 0 0 0 0 0 0 0 0 0 0 0 262144 0 0 0 0 0 0 0 0 0 0 0 0 0 8192 524288 0 0 0 0 0 0 0 0 0 0 0 0 0 0 268440064 264192 0 64 0 0 0 8 8388608 0 32768 32768 0 0 0 0 0 16777216 0 0 0 32768 0 0 131072 4096 0 2147483648 32768 8 0 0 33554432 0 2048 0 524288 0 32 1049088 4 524288 0 0 0 268435456 0 0 0 0 0 268451840 0 0 0 2 0 0 0 0 0 0 0 0 262144 16 0 1024 0 1048576 0 0 0 0 0 0 0 33554432 268435456 0 8 0 0 0 0 0 0 0 0 0 0 0 0 0 512 0 0 0 0 0 0 0 0 8192 4194304 0 2048 0 0 0 0 0 0 0 0 0 0 0 131072 4160 0 0 0 0 134217728 67108864 0 0 0 128 0 0 0 536870912 68 0 0 0 2097152 268435456 256 0 0 0 0 0 0 0 0 0 0 0 0 0 0 0 0 0 0 0 0 0 0 0 0 0 0 0 0 0 0 0 0 8192 0 0 0 0 0 0 0 0 0 0 0 0 0 0 0 0 0 0 0 0 0 0 0 0 8192 0 4 0 0 0 0 0 0 0 0 0 0 0 0 8 39
is_linear=0
shrinkage=0.05


Tree=41
num_leaves=63
num_cat=36
split_feature=10 11 0 6 0 10 6 0 10 0 10 0 0 14 16 0 15 0 15 18 3 0 0 3 10 0 0 19 0 19 3 0 0 0 0 14 0 0 0 0 17 17 0 0 17 12 0 10 0 10 3 15 0 0 0 0 3 0 19 14 10 0
split_gain=84683.4 13577.4 13112.6 8007.31 4257.14 4762.47 2865.97 2799.16 2747.47 2138 1459.08 1395.96 1385.53 1360.6 1232.52 1096.19 1053.05 1052.08 1031.45 983.796 919.733 1425.15 917.859 894.657 837.035 819.044 804.734 768.243 784.609 675.757 678.376 675.331 664.021 650.813 646.184 640.185 651.283 627.038 591.862 579.398 575.721 905.178 1283.1 853.888 636.996 676.421 553.953 522.972 520.749 520.642 550.898 520.037 509.086 502.148 501.07 498.153 477.721 477.38 477.221 473.02 464.746 482.649
threshold=0.66071426868438732 2.2465430498123173 0 1.0000000180025095e-35 1 0.26785714924335485 2.5000000000000004 2 1.4107143282890322 3 0.089285716414451613 4 5 0.85924345254898082 1.0000000180025095e-35 6 4.5000000000000009 7 3.5000000000000004 11.500000000000002 8 9 10 11 1.0000000180025095e-35 12 13 1.0000000180025095e-35 14 1.0000000180025095e-35 15 16 17 18 19 0.96873295307159435 20 21 22 23 5.5000000000000009 16.500000000000004 24 25 10.500000000000002 1.3450000286102297 26 0.089285716414451613 27 6.8392858505249032 28 3.5000000000000004 29 30 31 32 33 34 1.0000000180025095e-35 1.1063045263290407 1.0000000180025095e-35 35
decision_type=2 2 9 2 9 2 2 9 2 9 2 9 9 2 2 9 2 9 2 2 1 9 9 1 2 9 9 2 9 2 1 9 9 9 9 2 9 9 9 9 2 2 9 9 2 2 9 2 9 2 1 2 9 9 9 9 1 9 2 2 2 9
left_child=2 8 10 4 40 9 11 13 14 -6 -1 -5 24 19 27 29 39 -17 23 49 21 48 -13 -15 35 -7 -22 38 -29 30 -9 -24 -8 -27 -25 36 -11 -21 -2 -10 -4 42 44 -43 45 -42 -23 -28 -14 50 -3 -35 -34 -41 -16 56 -20 59 -55 -19 61 -48
right_child=1 7 3 6 5 25 32 15 16 12 -12 22 20 18 54 17 -18 57 55 37 26 46 31 34 -26 33 47 28 -30 -31 -32 -33 52 51 -36 -37 -38 -39 -40 53 41 43 -44 -45 -46 -47 60 -49 -50 -51 -52 -53 -54 58 -56 -57 -58 -59 -60 -61 -62 -63
leaf_value=-0.037994615042647173 0.00172088604471206 0.048350298603246945 -0.015645713849904121 -0.018089726523687698 -0.005684441820037623 -0.019039198467816133 -0.018275104967292045 0.0067252738954264608 0.0034247577267617563 0.029707561791276704 -0.025752840047396128 -0.01284188511191087 0.075908013137373928 0.0089850519291119254 0.0088864025163563221 0.0034898009417503959 0.0046222726251372087 3.52405418455885e-05 0.013028426601023178 0.048768231281438618 -0.010502723814156803 -0.0063392247237305608 -0.0092270648230516842 0.0064479999215324218 -0.025334016662557454 -0.0018467947218453571 -0.02815161533713963 0.0092740364527502447 -0.0026423511094266681 0.0079972400707450705 0.0018330512299878318 -0.001088743734186803 0.01884874789508794 -0.013447648186638432 0.0024505439308856979 -0.042932547416423619 -0.030132893006805318 0.010039321607876205 -0.0065941151033497031 -0.016407829210657449 -0.019534648209209322 -0.030216544514742462 -0.0011311839932379151 0.0025256145703747715 0.053467699996489808 0.041763231236451953 -0.040985441576793132 -0.021244766662290158 0.0049480086067607079 0.011659995584750105 0.015390651972719058 -0.0083849218128137747 0.0055082402982202412 -0.0016989607072719773 -0.00027270891013125896 0.0077140915798711426 0.0084373408830600086 -0.0084045310100515514 0.0022791397416899585 -0.038642002645718633 -0.016293181966551662 -0.021226502744005869
leaf_weight=43314.510479480028 23419.747756361961 2055.2114692926407 3948.3850007653236 24195.830942004919 20426.005635350943 31675.116808831692 2521.0128689408302 122934.2078872323 122242.6159954071 603.21825464069843 55565.6902371943 31542.25429853797 261.35652080178261 177878.89866125584 16292.969235479832 166631.83039879799 227676.17742013931 52767.100572109222 118397.45098811388 3359.2153722047806 11914.465812027454 8577.0850095450878 35114.740424007177 237163.61220890284 33320.079580366611 20048.760382890701 47949.451042696834 15602.623632162809 119880.70385077596 154664.27578365803 167322.28493130207 92974.733782440424 8812.5728110969067 118775.30479824543 176275.28003376722 14516.701535239816 1767.4705702513456 1542.9618694782257 248497.22550517321 4932.3610951900482 803.79058009386063 2226.0980124473572 4334.062574326992 18177.254138082266 2550.8938663899899 1022.6604216992855 4578.5454606711864 63971.555229306221 5591.0652886033058 48500.369785487652 3371.5304877758026 88529.627954781055 37944.693649947643 222962.73863834143 177631.48012843728 296066.28424304724 109054.91314595938 30203.548808455467 113902.06418925524 802.53475648164749 25237.499727487564 9831.2627862095833
leaf_count=173764 19272 329 4248 52367 34947 63630 4079 32491 63391 1383 164597 59303 333 25169 11763 62291 108958 27228 11220 256 25979 21233 60368 36894 101857 28937 155329 13645 125184 42634 55098 124110 4817 218386 46524 57225 6417 170 265832 4136 892 2747 4651 20283 824 618 16023 169564 13055 4066 771 151663 28279 137266 158910 55949 14714 18907 66483 675 67712 29616
internal_value=-0.000178099 0.00362727 -0.0139672 -0.0117756 -0.0151157 -0.0162479 -0.00402949 0.00635246 -0.000311799 -0.0211925 -0.0311122 -0.00689996 -0.0225799 0.00784185 -0.00278375 0.00383831 0.00183712 0.00119188 0.00745084 0.0152528 -0.0205058 -0.0150551 -0.00520243 0.00601983 -0.0299241 -0.011504 -0.0228846 -0.00434552 -0.00126954 0.00532768 0.00390538 -0.00332035 0.00667847 -0.0104529 0.00474373 -0.0389985 -0.0149084 0.0366983 -0.00587814 0.000470619 0.00226999 0.00470041 0.0181927 -0.00106027 0.0372431 0.0147871 -0.0178834 -0.0242017 0.00824101 0.0133034 0.0279906 -0.0112851 0.00802608 -0.000586002 0.000497257 0.00906718 0.0108276 -0.00337875 -0.000353859 -0.000544087 -0.0203785 -0.0275478
internal_weight=4.03466e+06 3.16203e+06 872624 773744 540638 507575 233106 1.86899e+06 1.29304e+06 248546 98880.2 183828 228120 1.17367e+06 601325 695326 691716 250405 1.11484e+06 58829.3 177912 54076.8 159632 591318 50207.5 259029 123835 407400 135483 444921 290256 128089 49278.3 227354 413439 16887.4 2370.69 4902.18 271917 464040 33063.1 29114.8 8711.41 20403.4 4377.34 1826.45 48224.4 111921 5852.42 53927.1 5426.74 207305 46757.3 341797 193924 523519 227452 83773.2 336865 53569.6 39647.3 14409.8
internal_count=3279462 1410226 1869236 1530875 1197552 1163289 333323 435386 974840 700673 338361 296148 665726 196062 594606 239324 380234 109101 190470 5592 498844 147972 243781 108587 166882 462616 350872 423933 138829 130223 87589 184478 37175 398986 83418 65025 7800 426 285104 271276 34263 30015 6985 23030 2334 1510 134584 324893 13388 5166 1100 370049 33096 207885 170673 81883 25934 46810 203749 27903 113351 45639
cat_boundaries=0 92 187 282 377 466 554 650 740 741 829 910 911 1006 1094 1188 1189 1281 1373 1469 1564 1652 1731 1826 1922 2015 2094 2190 2251 2252 2348 2436 2531 2623 2624 2716 2800
cat_threshold=0 2148007936 65536 0 0 16778240 0 0 0 1024 0 0 0 16513 6 134250496 65536 0 0 0 0 0 0 0 0 0 0 0 0 0 0 0 0 0 335806464 0 136315008 0 2360321 0 0 0 536870912 0 0 524288 16 8256 0 0 0 0 0 0 0 0 0 0 0 0 0 0 32 0 0 0 0 0 0 0 0 0 0 0 0 0 0 0 0 0 16384 0 0 0 0 0 0 0 0 0 0 16777216 16384 0 0 0 0 0 0 4194304 0 0 0 0 0 0 0 0 0 0 262144 0 0 1024 0 1048576 0 0 0 32768 0 65536 16 0 0 0 0 0 0 0 0 0 0 0 0 0 0 0 0 0 0 0 0 0 0 0 0 0 0 0 4194304 32896 0 0 0 0 0 0 0 16777216 0 0 0 33554432 262144 4864 0 16384 0 0 512 0 1024 0 8192 268435456 0 0 0 9437184 68 536875008 0 0 2097152 268435456 257 16384 0 0 268435456 0 0 0 0 16384 67108864 4098 0 0 0 0 0 0 16777216 0 16 0 0 33554432 0 0 2147483648 0 0 0 4 16 0 0 0 8 0 0 0 0 0 0 0 0 0 0 0 0 0 0 0 0 0 67108864 0 0 0 0 0 4194304 0 2048 0 0 0 0 0 0 0 16384 0 0 0 131072 320 0 8192 0 0 134218240 0 0 0 8192 0 0 0 0 1048576 0 4096 0 576 2097152 0 8449 0 0 0 0 0 0 0 0 16384 0 2 0 0 0 0 0 0 8192 0 0 2048 524288 0 1 0 2147483648 0 0 0 16384 0 0 0 0 8 0 0 0 0 0 0 0 0 0 0 0 0 0 4096 2048 0 0 0 0 1056 0 8 512 64 0 64 4096 0 0 0 0 0 0 16384 32768 0 0 0 0 0 8192 0 0 536870912 67108864 2181038080 4 0 0 0 0 65568 0 0 0 268435456 2097168 0 0 8192 0 4096 0 64 0 294912 524288 134217728 2 0 2048 4 0 0 32768 2147483648 0 1024 0 0 0 0 0 8388608 2097152 512 0 0 0 0 0 0 8 0 0 2684354560 0 0 67108864 0 8 16777216 1048576 524288 2752512 32768 256 0 0 0 0 0 0 0 0 0 0 0 0 0 0 0 0 536870912 0 0 0 0 0 0 0 0 0 0 0 0 0 0 0 0 128 0 0 0 0 0 1048576 0 512 0 0 8 0 16777216 268468224 5 0 1024 2048 0 0 0 65536 0 2147483648 0 2098176 0 0 1024 0 0 0 0 1024 0 0 0 16 0 0 8192 0 0 2147483648 0 0 0 0 0 0 1048576 0 2621440 32768 0 0 0 262144 0 64 0 0 0 0 268435456 0 0 4 65536 0 0 536870912 0 0 4096 0 0 0 0 0 8 0 128 0 0 0 67108864 0 0 0 0 0 0 0 0 512 0 0 0 0 0 16384 0 4194304 0 0 0 0 0 0 0 0 0 0 0 0 2048 1024 0 0 0 1024 0 0 0 81920 0 33554432 0 0 0 0 0 0 0 0 0 0 0 0 0 0 0 0 0 0 0 0 0 536887296 0 8192 520 0 64 0 0 4 0 0 0 8 0 128 0 0 0 0 0 4096 128 0 512 0 536870912 0 1024 4 0 128 0 0 0 8192 68 1048576 268435456 16 0 268435456 0 1 0 0 0 0 0 0 0 65536 1 0 0 0 16777216 0 0 0 0 0 262176 0 4 8388608 0 1048576 0 0 0 33587201 0 0 0 0 268435456 268435456 0 0 0 0 0 0 0 0 0 0 0 0 0 0 0 2048 0 0 0 128 8192 0 8388608 8704 0 128 0 0 0 0 0 0 0 16777216 0 0 0 0 0 512 0 2147500032 0 0 0 67108864 2147483648 8192 2048 268435456 0 0 0 545259520 0 536870912 39 1 0 0 0 65536 0 0 1073807360 0 0 8388608 262144 0 8388608 0 67108864 0 16777216 32 0 0 0 33554432 0 0 0 0 0 0 4 0 33554432 131072 268435456 0 0 33554432 0 524288 1048576 0 0 0 0 268435456 16 0 4 512 8192 0 0 0 2147500032 0 2 0 0 0 0 2048 4 0 0 0 0 0 0 0 0 0 0 131072 0 0 2147483656 0 0 0 0 0 0 0 0 0 0 0 536870912 0 1048577 16777224 0 0 0 0 0 1025 0 0 0 0 65536 1073741824 0 0 270532608 0 0 0 0 0 0 4194304 0 0 0 0 0 1073741824 0 8388608 0 2048 67108864 0 67108864 524288 0 0 0 0 0 32772 2048 8 0 0 0 0 0 0 128 0 8 268435456 0 0 0 65536 0 0 8 0 0 4096 0 0 0 0 0 0 256 2 8 32768 0 0 0 4194304 260 0 0 0 0 0 262144 524288 134217728 0 0 4 0 0 65536 32768 0 0 0 0 0 2048 0 2 8388608 0 2147484160 0 0 0 0 0 0 8 524288 0 0 0 67108864 67108864 0 0 0 4096 524288 655360 32768 256 0 512 0 0 0 1048576 2147483648 0 0 0 0 0 4 0 0 0 541065216 0 0 0 0 0 0 0 0 0 0 0 0 0 0 0 0 4194432 0 0 0 524288 0 1048576 0 0 0 0 0 0 0 8192 0 0 0 268435456 0 0 2048 0 0 67108864 4096 0 16777216 0 0 0 0 1 0 0 4 0 33554432 0 0 0 128 0 0 0 0 0 131072 0 0 0 0 0 0 0 0 0 0 0 0 0 0 0 0 0 0 0 1048576 16384 2048 0 8388608 0 32768 0 0 4 0 0 0 16777216 2 8388736 0 0 1073741824 134225920 131072 64 0 0 2147484160 0 134217728 0 0 134217728 2048 64 0 0 0 8192 0 0 16777216 0 0 0 0 0 0 0 4096 0 0 0 0 0 0 0 0 0 2048 524288 0 0 0 0 0 0 0 0 0 0 0 0 0 0 0 0 0 0 0 0 0 0 0 0 0 0 0 2048 0 0 0 0 0 8192 0 8192 541098048 132 65536 4 0 0 0 0 0 0 16384 0 0 0 0 4864 128 0 0 0 512 0 1024 134217728 8192 0 0 0 131072 1049088 4 4096 268435456 0 2097152 268435456 133 1 0 0 268435456 16779264 16384 16 1073741824 0 0 4 0 0 0 0 67108864 0 0 0 0 1024 0 0 32 0 0 128 0 0 16 0 0 0 0 0 0 0 0 0 1048576 32768 0 4096 0 268435456 0 0 4 268435712 0 0 0 1048576 16384 0 0 0 0 0 0 0 0 0 8192 0 0 2 8388608 0 0 0 8192 0 0 0 0 0 0 67108864 0 536870912 134217728 0 1048576 0 0 0 0 0 8192 0 2097152 0 0 0 64 0 0 0 0 1024 0 0 0 0 0 1073774592 2214592512 0 268436480 0 0 0 0 0 8388608 6291456 512 0 0 0 0 1073741824 0 8388616 0 2048 2684354560 33554432 0 0 0 0 16777216 0 0 270565376 32768 0 0 256 0 0 64 1048576 0 0 0 0 0 0 0 0 0 0 0 0 0 0 0 0 0 0 0 0 0 2 0 32768 0 0 0 128 0 0 0 0 0 1048576 0 0 0 0 2097152 0 0 0 0 0 0 4 65536 16384 67108864 4096 262144 16777216 0 0 67108864 0 16785408 0 0 0 0 0 0 0 1024 0 0 0 0 0 33554432 0 0 8 0 0 0 0 0 0 0 0 0 0 0 0 0 4096 262144 0 0 0 0 0 0 0 0 32768 0 2048 4 0 0 0 8 0 0 0 0 0 0 131080 0 128 2147483648 2147483648 8 0 0 2147483648 0 0 192 0 0 131104 536870912 0 0 0 0 0 0 0 1 0 0 0 0 0 0 0 0 16384 67108864 0 0 0 0 0 0 0 0 0 16 0 0 0 0 0 0 0 0 0 0 0 0 0 0 0 0 0 0 0 0 0 0 0 0 0 0 0 0 0 0 0 0 67108864 0 0 0 0 0 4194304 0 2048 0 0 0 0 0 0 0 0 0 0 0 131072 320 0 0 0 0 0 0 0 0 0 0 0 0 0 0 0 4096 0 64 2097152 0 8192 0 0 0 0 0 0 1 0 0 2048 0 0 0 0 0 0 0 0 0 0 0 0 0 0 0 0 0 0 0 0 0 0 8192 0 0 0 0 0 0 0 0 0 0 0 0 0 0 0 0 0 0 0 0 0 0 0 0 0 0 0 0 0 0 0 0 0 0 0 0 0 0 0 8 0 128 0 0 0 67108864 0 0 0 0 0 0 0 0 512 0 0 0 0 0 0 0 0 0 0 0 0 0 0 0 0 0 0 0 0 0 0 0 0 0 0 0 0 0 0 0 0 0 0 0 0 0 0 0 0 0 0 0 0 0 0 0 0 0 0 0 0 0 0 0 0 0 0 0 0 0 0 0 0 0 0 0 0 0 0 0 0 0 0 0 0 0 0 512 0 0 0 0 0 0 0 4259840 16384 0 4096 0 16777216 0 0 0 0 8193 0 0 0 0 0 0 0 0 0 32768 0 65536 16 0 0 0 8 0 0 0 0 0 0 0 1048576 0 0 0 0 0 256 0 0 0 0 536871040 1024 0 0 0 0 0 0 4 0 8192 0 0 0 0 0 0 0 33554432 0 256 0 0 0 0 512 0 1024 4 8192 268435456 0 0 0 0 68 1052672 0 512 2097152 0 256 16384 0 0 0 0 0 4 0 0 67108864 4098 0 0 0 0 0 0 8192 0 0 2048 0 0 0 0 1024 0 1 0 0 16 0 0 0 0 0 0 0 0 0 8 0 0 0 0 0 0 0 0 8192 0 0 0 0 3072 0 0 8704 0 0 0 0 0 0 0 8 0 16777216 0 0 0 0 0 4608 0 2147483648 512 0 0 67108864 0 0 0 0 0 0 0 537919488 0 1056768 0 576 2097152 268435456 0 1 0 0 0 0 0 0 0 0 0 0 0 0 0 0 0 0 0 0 0 0 0 0 0 0 0 0 0 0 0 0 0 0 0 0 0 0 0 0 0 0 0 0 0 0 0 0 0 0 0 0 0 0 0 0 0 0 0 0 4194304 0 0 0 0 0 0 0 0 0 0 0 0 33554432 0 0 0 0 0 0 512 0 0 0 0 0 0 0 0 9437184 0 0 0 0 2097152 0 0 0 0 0 0 0 0 0 0 0 0 0 0 0 0 0 0 0 0 0 0 0 0 0 0 0 0 0 0 0 0 0 0 0 0 0 0 0 0 0 0 0 0 0 0 0 0 0 0 0 0 0 0 0 0 0 0 4194304 0 0 0 0 0 0 0 0 0 0 0 0 0 0 0 0 0 0 0 512 0 0 16777216 0 64 0 0 0 1 0 4096 0 0 134217728 0 0 0 1 0 0 0 0 8388608 32 0 0 1024 0 0 0 0 0 0 0 2048 67108864 0 67108864 67108864 0 32768 0 0 0 4 0 0 0 0 0 4096 0 0 0 272384 8 512 0 0 0 0 0 0 4194304 0 16777224 0 0 0 0 0 134225920 0 0 0 0 32768 0 0 0 541065216 0 0 0 0 0 131072 0 0 8192 0 0 0 0 0 1 0 0 0 0 0 0 0 65536 0 0 0 0 0 0 0 0 0 0 0 0 0 0 0 0 0 0 0 0 0 4 0 0 0 0 0 0 0 0 0 0 0 0 0 0 0 0 0 0 0 0 0 0 0 0 0 0 0 0 0 0 2048 580 0 0 0 0 0 0 0 4194304 0 0 0 0 16777216 0 0 0 0 16777216 32 0 0 8912896 33554434 1048576 0 2147484672 1024 0 0 4 0 0 0 524288 0 0 0 0 0 0 0 0 0 0 0 0 0 0 0 2048 0 0 0 0 9216 0 0 8192 32768 0 2048 0 0 0 0 0 0 0 16384 0 0 0 8 256 128 16384 0 0 134217728 0 2147483648 0 0 0 0 0 0 537919488 0 1048576 0 16 0 0 0 1 0 1048576 0 0 65536 0 0 0 16384 2048 4 0 0 134217728 0 67108864 0 1 0 0 0 0 0 32 0 0 0 0 0 0 1073741824 0 0 0 0 0 134217728 0 0 0 0 16777216 0 0 0 2048 33554432 0 768 0 4096 4 1048576 0 0 8 16 0 0 4 0 4096 0 8 0 0 4096 0 0 0 0 33562624 0 0 0 8 0 0 0 0 541065216 0 0 1048576 0 0 0 16 0 0 16777216 0 0 0 0 4194304 0 0 4096 0 16777216 0 0 0 0 0 0 0 0 0 0 8388608 0 0 1024 33554432 0 0 0 0 268435456 0 8 67108864 0 0 67108864 0 8 0 0 0 2097152 0 0 0 0 0 0 0 0 0 0 0 0 0 4194304 0 0 0 0 536870912 0 0 0 0 0 0 0 33554432 0 256 0 0 0 0 134217728 67108864 1024 8196 8192 64 524288 0 0 1056768 0 4096 0 16 2097152 268435456 256 16384 0 0 0 0 0 0 0 0 67108864 2 0 0 0 0 0 0 0 0 16 0 0 0 0 0 0 0 0 0 4 0 0 0 0 0 0 0 0 0 0 0 0 0 0 0 0 0 0 0 0 0 0 0 0 0 0 0 0 0 0 0 0 0 0 0 0 0 0 0 0 0 0 0 256 0 0 0 0 0 0 0 0 0 0 0 0 0 1048576 0 0 0 64 519 0 0 0 0 64 268435456 4 0 0 0 0 262144 0 0 0 0 0 8192 0 0 0 0 8388610 0 0 0 0 0 0 0 0 0 139264 0 2048 0 33554432 0 0 0 0 0 0 0 268435456 16 8 0 512 8192 0 0 0 0 32 0 0 0 536903680 4 0 4096 0 0 0 16777216 0 0 0 0 0 167780352 8 0 0 0 32768 8 0 0 0 0 1048576 64 524288 0 0 0 0 0 0 16777216 0 0 0 0 2048 262144 2048 134217728 0 0 4 0 0 0 1073741824 0 0 268435456 0 0 0 0 0 0 2097152 536870912 0 0 0 0 0 0 8 0 0 0 0 0 0 0 0 0 0 0 0 0 0 0 256 0 0 4 67108864 536871040 0 0 0 0 536903680 0 0 0 0 8192 0 0 0 128 0 0 0 16384 0 0 2 0 0 8 134217728 0 128 0 2048 1048576
is_linear=0
shrinkage=0.05


Tree=42
num_leaves=63
num_cat=40
split_feature=10 8 0 0 0 10 0 3 7 0 0 10 10 9 10 0 15 0 14 15 3 0 15 14 0 3 0 0 3 0 0 0 0 11 14 0 15 0 0 15 0 3 3 0 3 0 0 15 0 17 0 0 0 0 0 3 3 19 0 15 14 0
split_gain=76758.6 13647 12105.9 7078.6 4579.45 2980.19 2947.86 2094.52 2003.91 1713.16 1613.09 1479 1364.68 1361.22 1237.09 1219.12 1217.61 1112.24 1079.95 933.413 923.73 1036.83 914.624 883.654 919.849 844.218 763.551 721.569 636.67 610.278 609.821 606.623 580.742 569.494 568.949 710.285 566.164 551.885 548.893 542.914 530.82 518.26 511.089 489.617 482.177 468.294 449.421 446.863 444.521 434.363 459.329 430.755 425.626 421.138 401.078 396.289 392.299 381.176 374.037 373.491 369.931 673.718
threshold=0.5892857313156129 2.5000000000000004 0 1 2 1.2678571343421938 3 4 11.500000000000002 5 6 0.12500000372529033 0.16071429103612903 1.0000000180025095e-35 1.0000000180025095e-35 7 3.5000000000000004 8 0.9779534935951234 3.5000000000000004 9 10 4.5000000000000009 0.96592161059379589 11 12 13 14 15 16 17 18 19 9.9437570571899432 0.96293830871582042 20 3.5000000000000004 21 22 1.0000000180025095e-35 23 24 25 26 27 28 29 4.5000000000000009 30 37.500000000000007 31 32 33 34 35 36 37 1.0000000180025095e-35 38 3.5000000000000004 0.99344387650489818 39
decision_type=2 2 9 9 9 2 9 1 2 9 9 2 2 2 2 9 2 9 2 2 1 9 2 2 9 1 9 9 1 9 9 9 9 2 2 9 2 9 9 2 9 1 1 9 1 9 9 2 9 2 9 9 9 9 9 1 1 2 9 2 2 9
left_child=2 5 11 28 12 16 14 10 20 18 54 -1 -5 31 -6 25 27 -15 -9 39 21 49 32 29 -25 -7 -18 -2 40 -22 -26 34 -12 -27 35 -11 -32 -29 -28 -17 -4 43 -34 -40 59 -19 -39 55 -21 50 -3 -51 -43 -23 -8 -10 -20 -55 -50 -16 61 -30
right_child=1 8 3 4 6 15 7 9 47 13 22 -13 -14 17 44 19 26 45 56 48 23 53 -24 24 30 33 38 37 60 -31 36 -33 42 -35 -36 -37 -38 46 41 -41 -42 52 -44 -45 -46 -47 -48 -49 58 51 -52 -53 -54 57 -56 -57 -58 -59 -60 -61 -62 -63
leaf_value=-0.035651742094403298 0.0032208112084886479 0.013319025602258342 0.0074227397795736394 -0.029206656890028989 -0.031346139565460063 0.025946272297178958 0.062732822000900509 0.020835273573073028 0.0083922829006540054 0.037192987005023485 -0.01559186200024445 -0.0235235812930671 -0.017834443904858523 -0.016015276421237162 -0.016527675027293454 0.0023593264433840449 0.0080465914501664602 -0.00028686671023726607 0.0056829182062741309 0.0063205568071197154 0.0090040202014885374 -0.0081531225762088051 0.00045540949707624463 0.0051172398629138367 -0.011210147696331912 0.0046730008879016282 -0.014585502135292944 -0.0013883334600016234 0.030699780491390705 0.00023988179543487045 -0.00013445479110444093 -0.015870455536842597 0.0033312558268522186 0.022212793286497126 -0.028840965114704867 -0.020448853222403723 0.0038185878807740006 -0.017387918633898068 0.010878326914493924 -0.0021729281585023967 0.030689766589731739 -0.013844452732979854 -0.0085941651049412631 0.00012909127303666545 -0.019417050755966017 -0.0090818284140340693 -0.006701850314267491 0.0099756409600215909 -0.011197874019670323 -0.0036559883989690832 0.0079524258534471228 0.0073185286794567386 -0.0025846260577988369 0.0034279380324462789 0.0099535349662632378 0.0049880032864852994 -0.0084910772094172245 0.0072039150072535909 0.002051417307726656 -0.0079532931524655005 0.00041899685758468787 0.003399282424407693
leaf_weight=56249.182818084955 22030.563551068306 72769.72670263052 5840.0539216697216 45064.966639146209 15386.539115235209 5811.0387048721313 359.88206934928894 4971.6970609426498 244372.04983615875 741.5435708463192 23825.401149749756 45447.178042590618 63626.745946615934 61697.109549596906 28319.432057932019 88724.420860409737 21855.443489402533 18234.732797399163 6664.5452585220337 68441.587613880634 110359.42950737476 6437.3398867845535 36974.09957998991 285852.62463676929 9410.3256435394287 58867.231601059437 7990.6578366458416 50073.305208623409 3124.4662965536118 24233.893753707409 197912.99369388819 52318.788749545813 11097.134474724531 5022.7193831205368 19059.005233883858 1841.0810237526894 167012.39405876398 10278.477350771427 11942.479406356812 258848.28940671682 4242.0234705209732 8996.7493750751019 47155.060163095593 93189.05867099762 55486.525397717953 89312.047900944948 230084.03685173392 236170.63705080748 5442.16924482584 10588.481704711914 88537.174434185028 57387.004496514797 123485.78885918856 188223.02153474092 14781.319301217794 131682.27985280752 18194.538392812014 103634.61211341619 232382.99674856663 23027.228839829564 30863.92529052496 8130.566968023777
leaf_count=226372 18674 12669 3870 153562 53971 1395 133 4971 21975 622 51161 128113 146085 129660 62786 58169 17155 25739 7667 35537 24924 3787 64256 75741 5483 26035 10266 49086 1011 9524 73157 121888 19442 926 57444 4877 53319 14576 10242 174165 1896 11023 89512 95286 132819 159277 272040 22890 4225 2061 22717 13077 123534 59657 19755 16195 25622 32269 134798 47360 26597 6466
internal_value=-0.000171135 0.00324164 -0.0141234 -0.0117503 -0.0131984 -0.000712853 -0.0112787 -0.00923424 0.00590606 -0.0117483 -0.00411849 -0.0302288 -0.0225474 -0.0131356 -0.0180896 0.00142756 -0.00338332 -0.0106633 -0.000437608 0.000757369 0.00481111 0.00643317 -0.00607369 0.00373425 0.00298152 0.00771312 -0.00090698 -0.00550298 0.00595178 0.0074267 0.00135046 -0.0187947 -0.00901564 0.00605095 -0.0258447 -0.00383344 0.00167466 -0.0061646 -0.00170398 -0.00101599 0.017233 -0.0012702 -0.00632217 0.00135108 -0.016182 -0.00759079 -0.00715952 0.00827107 0.00276992 0.00896163 0.0103748 0.00560958 -0.00335026 0.00448945 0.0112486 0.00720057 -0.00469226 0.00476857 0.00174777 -0.0126799 0.00324792 0.0110084
internal_weight=4.03009e+06 3.23805e+06 792037 690340 638139 1.30347e+06 529448 407228 1.93458e+06 273035 134193 101696 108692 243204 122220 723540 579927 169244 29830.8 653839 1.32236e+06 527577 119052 794782 660188 69701 267460 312466 52201 134593 374336 73960.4 82077.6 63890 21641.6 2582.62 364925 290436 245605 347573 10082.1 237614 58252.2 105132 106833 107547 240363 612225 306267 229282 161307 67975.5 132483 298295 15141.2 376054 24859.1 291858 237825 51346.7 42119 11255
internal_count=3279511 1506577 1772934 1418449 1378609 1057132 1078962 782026 449445 537767 244259 354485 299647 499507 296936 435250 621882 314676 38260 406894 388385 146237 224371 242148 207700 28356 267506 354376 39840 34448 131959 184831 160115 26961 62943 5499 126476 335702 250351 232334 5766 240085 108954 105528 242965 185016 286616 61060 174560 50524 35386 15138 134557 95713 19888 38170 33289 91926 139023 110146 34074 7477
cat_boundaries=0 92 187 276 366 367 462 552 645 735 736 831 926 927 1021 1116 1117 1212 1302 1386 1474 1549 1645 1737 1830 1831 1832 1924 1925 2015 2107 2202 2295 2384 2476 2563 2624 2625 2626 2718 2797
cat_threshold=0 2148007936 65536 0 0 16778240 0 0 0 1024 0 0 0 16513 6 134250496 65536 0 0 0 0 0 0 8388608 0 0 0 0 0 0 0 0 0 0 67371008 0 136315008 0 2360320 0 0 0 536870912 0 0 524288 16 8256 0 0 0 0 0 0 0 0 0 0 0 0 0 0 32 536870912 0 0 0 0 0 0 0 0 0 0 0 0 0 0 0 0 16384 0 0 0 0 0 0 0 0 0 0 16777216 16384 0 0 0 0 0 0 4194304 16384 0 0 0 0 0 0 0 0 0 0 0 2048 1024 0 1048576 0 2147483648 0 32768 0 81920 16 0 0 0 0 0 0 0 0 0 0 0 0 0 0 0 0 0 0 0 0 0 0 0 1024 0 0 0 4194304 0 0 0 0 0 0 0 0 16777216 16384 0 0 0 0 4864 0 16384 0 0 512 0 1024 4 8192 268435456 0 0 0 1048576 68 4096 0 64 2097152 0 257 0 4096 8 0 0 294912 0 134217728 1024 0 2048 0 0 65536 32768 2147483648 0 2098176 0 0 0 0 0 0 2097152 512 0 0 0 0 0 0 0 0 268435456 2147483648 0 67108864 1 0 0 0 1052672 524288 2785280 32768 0 0 0 0 0 0 0 0 0 0 268435456 0 0 4 65536 0 0 0 0 0 4096 0 0 0 0 0 0 0 0 0 0 0 0 0 0 0 0 0 0 0 1048576 0 512 0 1048577 0 64 16777216 0 524288 0 2 2048 4 4 0 0 1073741824 0 0 0 0 0 1024 0 0 0 0 0 0 0 0 16 1073741824 0 8 0 2048 536870912 0 0 67633152 0 8 16777216 0 0 0 0 256 0 268435712 0 0 0 0 536871040 0 0 0 0 0 0 0 0 0 8 0 0 0 128 0 0 0 0 0 0 2 0 0 0 67108864 0 128 0 0 0 0 0 0 16 0 524288 39 0 0 0 0 0 0 0 0 0 0 4098 262144 16777216 0 0 0 0 0 262144 0 0 0 33554432 0 0 0 0 1 0 0 0 0 0 0 8 0 0 0 0 0 0 0 0 0 0 0 0 0 0 0 0 0 0 0 32 0 520 0 32832 128 0 4100 0 0 0 8 0 0 0 32768 0 33554432 262144 64 0 0 0 0 134217728 67108864 33554432 0 0 64 0 0 196640 0 0 0 268435456 16 0 268435456 8192 0 0 0 0 65536 16384 4 65536 0 0 8388608 262144 0 8388608 0 0 0 8192 32 0 0 524288 0 0 0 1024 1024 0 0 4 0 33554432 0 268435456 0 0 0 0 0 0 0 0 0 0 0 16 0 0 4096 10240 0 0 0 0 32 0 0 512 0 32896 2048 4 0 0 0 0 0 0 0 0 0 0 131072 0 0 0 0 0 536870912 0 2147483648 0 0 0 0 0 32 545259520 0 536870912 16384 0 0 0 0 0 0 4194304 0 0 4096 0 0 0 1073741824 0 0 8192 0 16 0 0 0 0 0 0 0 0 0 0 16 0 0 0 0 0 0 0 0 0 0 0 0 0 0 0 0 0 0 0 0 0 0 536870912 0 0 0 0 0 0 0 0 0 0 0 0 0 0 0 0 0 0 0 256 0 0 0 0 512 0 0 0 8192 0 0 0 0 1048576 0 4096 0 64 2097152 1 0 16777216 0 67584 0 16 1073741824 1 0 0 0 0 134217728 0 0 0 268435456 0 0 0 0 0 0 4194304 0 0 0 0 0 0 0 8388608 0 0 67108864 0 0 0 1048576 32768 0 0 0 268435460 2064 33554440 4 0 0 0 0 68157440 0 0 8 0 0 0 0 0 0 0 4202496 0 0 0 0 0 0 0 0 0 0 0 8 32768 0 0 0 541065216 0 0 0 0 0 0 536870912 0 8192 261 16384 0 0 0 0 0 0 4194304 16384 0 4096 0 0 0 0 0 0 0 0 0 0 0 0 0 0 2147483648 0 32768 0 65536 16 0 131072 268435456 0 0 0 0 0 0 0 0 0 0 0 0 0 0 0 0 0 0 0 0 1024 8192 8388616 8192 4194304 0 0 0 0 0 0 0 0 128 0 0 0 0 0 4864 0 0 0 0 512 67108864 1024 134217728 0 0 0 0 0 1056768 4 536875008 0 512 2097152 0 256 0 0 0 0 0 268435456 2048 0 0 67108864 4098 0 16777216 0 0 0 0 0 0 16 2052 0 0 0 0 1024 0 0 0 4 16 0 268435456 0 0 0 0 0 0 0 0 0 0 0 0 0 0 0 0 0 0 0 0 0 9216 0 512 0 64 0 2048 4 0 0 0 8 0 0 16384 0 0 0 8 256 0 0 0 0 0 0 33554432 4 8192 0 0 0 0 0 64 0 268435456 576 0 0 8448 4 0 0 16777216 0 0 262144 0 4259840 16384 0 4096 0 0 0 0 0 0 0 0 0 0 8388608 0 1048576 0 0 0 33554433 0 0 0 0 0 0 8 67108864 0 0 0 0 0 0 0 0 0 0 0 0 0 0 0 0 0 0 0 0 0 0 4194304 0 2048 0 0 0 0 0 0 0 0 0 0 33554432 262144 4352 0 0 0 0 512 0 2147484672 4 8192 128 0 0 0 537927680 64 1052672 0 0 2097152 268435456 16384 0 0 0 0 0 0 0 0 0 4096 0 0 0 0 0 0 8193 0 0 0 0 33554432 0 0 0 0 1 0 0 16 0 0 0 0 0 0 0 0 0 0 0 0 0 131072 0 0 0 0 0 0 0 0 128 0 0 0 8192 4227136 0 0 4 0 0 0 0 0 128 0 0 0 0 0 4352 0 16384 0 0 134218240 0 1024 4 8192 192 0 0 0 1048576 64 4096 0 512 2097152 268435456 256 5 16384 0 0 0 0 0 0 0 16384 67108866 4098 0 16777216 0 0 0 0 0 0 0 0 0 0 0 0 0 0 0 0 0 0 0 0 0 0 0 0 0 0 0 0 0 0 0 0 0 0 0 268435456 0 0 0 0 536871040 0 0 0 0 541065280 32768 2048 0 0 0 0 0 0 0 16384 32768 0 0 0 4160 128 2147483648 0 8 512 0 0 4 0 0 0 0 0 537919488 0 1048576 0 64 2097152 268435456 8193 0 0 16777216 0 2097152 0 0 0 0 0 8388608 0 0 134217728 0 0 0 8193 262176 0 0 0 0 1 0 0 1024 0 0 0 0 0 8192 524288 0 0 0 0 0 1048576 0 0 0 0 0 0 0 0 268435456 264192 0 68 0 536870912 2048 2 0 0 536870912 0 64 4096 0 0 0 0 0 0 0 0 0 33570816 131072 0 0 8192 2147483648 0 0 0 0 134217728 0 0 0 0 0 16 0 524288 1 0 0 0 2048 0 20 0 0 10 0 0 0 134217728 0 0 0 268435456 0 0 0 0 0 0 0 1024 0 0 0 4 0 0 276832256 524288 0 0 0 0 0 1048576 32768 0 0 0 0 2048 8 4 512 262144 0 64 67108864 0 8192 2 0 8192 0 0 2048 0 0 4194304 0 0 0 0 0 0 0 0 8 0 128 0 0 0 0 0 536870912 0 0 128 0 0 0 0 2097152 0 17 0 1 2 0 0 16777216 0 0 0 0 0 0 0 4 0 0 0 4194304 536870912 0 0 0 0 0 0 268435456 0 0 67108864 0 0 0 0 0 0 0 0 0 2048 0 0 0 0 0 64 1048576 0 0 8192 8389136 0 536870912 0 0 0 0 8192 0 0 2 8388608 0 32768 1073741824 16384 0 0 128 0 32768 0 0 0 0 134225920 0 1048576 524288 0 0 512 0 0 0 0 0 0 4 0 0 0 0 0 0 0 0 0 0 0 0 0 0 0 0 0 0 0 0 0 0 0 0 0 8192 0 0 0 0 0 0 0 0 0 0 0 0 0 0 0 0 0 0 0 0 0 0 0 0 8192 0 0 2048 0 0 0 0 0 0 0 0 0 0 0 8 0 128 0 0 0 0 0 268435456 0 4259840 16384 0 0 0 16777216 0 0 0 0 16777216 0 16 0 0 0 1048576 0 0 0 0 0 65536 0 0 0 0 8 0 0 0 0 0 0 0 0 0 0 0 0 0 0 2048 0 0 0 0 0 8192 0 512 536870912 4 0 0 0 0 0 8 0 0 16384 0 0 0 131072 576 0 2147483648 512 0 0 67108864 2147483648 0 2048 0 0 0 131104 512 4 536870912 268435456 0 0 0 0 1 0 1048576 0 64 0 1024 0 134217728 1024 0 0 0 0 134283264 1073774592 134217728 65536 0 0 0 0 0 0 0 2097152 0 0 0 0 0 16 0 8 0 0 2147483648 128 0 0 0 0 0 1048576 0 0 557056 0 64 0 0 4096 0 1048576 128 0 0 0 0 0 0 0 0 0 0 0 0 4098 8388608 0 0 0 0 0 0 2 8 0 0 0 0 16384 0 0 0 0 0 1048576 0 512 0 0 16777216 0 0 0 0 0 0 0 0 16384 0 0 0 0 0 0 0 0 0 0 0 0 0 0 1048576 0 0 0 32768 0 65536 0 0 0 0 0 0 0 0 0 0 0 0 0 0 0 0 0 0 0 0 0 0 0 0 0 0 0 0 4194304 0 0 0 0 0 0 0 0 0 16384 0 0 0 0 4608 0 0 0 0 512 0 0 4 0 268435456 0 0 0 0 0 4096 0 0 2097152 135 4 16384 0 0 0 0 268435456 0 0 0 8 0 0 0 0 0 0 0 0 262176 0 0 0 0 0 0 1024 0 0 0 81920 0 0 268435456 0 0 0 0 0 0 0 0 0 0 0 268435456 0 0 0 0 264192 0 0 0 2147483648 0 0 0 0 32832 32896 0 4 0 0 0 0 0 0 0 0 0 0 131072 512 0 16384 512 0 134217728 67108864 33554432 0 0 0 524288 0 0 8389120 4 537395200 0 16 167 0 0 0 0 0 268435456 4 65536 0 0 0 0 0 0 0 0 0 16785409 0 16 0 8388608 2 0 0 1024 0 0 0 0 0 0 0 268435456 0 0 0 0 0 0 0 0 0 0 0 0 0 0 4096 264192 0 0 0 0 0 8192 0 8192 536870912 32768 2048 0 0 0 0 16777216 0 0 0 0 0 0 131080 0 128 2147483648 512 0 536870912 0 0 8192 0 128 524288 0 0 512 0 537919488 0 0 0 0 0 1024 0 0 0 0 2052 0 0 134283264 32768 134217728 65536 0 0 0 0 0 0 8388608 0 0 128 0 0 4 0 0 8 0 0 536870912 33554432 0 0 0 0 0 1052672 524288 2097152 557056 0 64 0 0 0 0 1048576 0 0 0 0 0 0 0 0 0 32 541065216 0 0 0 8388608 0 0 0 0 0 0 0 8 0 0 0 0 16512 0 0 0 0 0 1048576 0 0 0 0 16777216 0 0 0 268435456 0 0 0 0 0 67108864 2 262148 0 0 0 0 0 2097152 0 0 2052 1024 33554432 0 0 1024 0 1 0 81924 0 0 268443648 0 0 0 0 0 0 0 0 0 0 0 268435460 0 0 0 0 2048 0 64 0 0 262144 0 512 0 0 0 2048 0 0 0 0 0 0 128 0 0 0 0 0 0 0 16384 0 0 134217728 0 2147483648 0 0 0 0 0 0 536870912 0 0 0 528 0 0 256 0 0 0 0 0 0 0 4194304 16384 0 0 0 0 0 0 0 0 0 0 0 0 0 0 0 0 0 0 0 0 0 16 0 0 0 0 0 0 0 0 0 0 0 0 0 0 0 0 0 0 0 0 0 0 0 0 8192 8388608 0 4194304 0 0 0 0 0 0 0 0 0 0 0 0 0 0 4352 0 0 0 0 512 0 0 0 0 0 0 0 0 1048576 4 0 0 0 2097152 0 0 0 0 0 0 0 0 0 0 0 0 0 0 0 0 0 0 0 0 0 0 0 0 0 0 0 0 0 0 16 0 0 0 0 0 0 0 0 0 0 0 0 0 0 0 0 0 0 0 0 0 0 0 0 0 8388608 0 4194304 0 0 0 0 0 0 0 0 0 0 0 0 0 0 4096 0 0 0 0 0 0 0 0 0 0 0 0 0 0 4 1 0 0 0 16777216 0 16 1073741824 0 8 4 0 0 0 0 0 0 0 0 0 1024 0 0 0 0 0 0 0 0 16 0 0 0 0 2048 536870912 33554432 67108864 524288 0 8 0 0 0 4 16 264 0 268435968 0 0 64 0 0 0 10 268435456 0 0 4 0 4 0 4202496 0 0 0 0 0 0 0 134234112 0 0 0 0 0 0 0 0 4194304 0 0 0 0 0 0 0 0 0 0 2097152 0 0 0 0 2099264 0 0 0 1 0 0 262144 0 142606336 0 0 0 8193 0 0 4 0 8388608 0 4194304 0 0 0 0 0 0 0 0 0 0 0 0 0 0 0 0 0 0 0 0 16 0 0 268435968 262144 0 4 0 536887296 264192 2 0 0 0 32768 0 4096 0 8192 0 0 0 0 0 0 0 24576 0 0 0 8192 2147483648 8 0 0 4194304 0 0 0 0 0 65536 0 0 0 0 0 0 0 0 0 0 0 0 0 0 0 0 0 0 0 0 0 0 0 0 0 0 0 0 0 4 0 0 0 0 0 0 0 0 0 0 0 0 0 0 0 0 0 0 0 0 0 0 0 0 0 0 0 0 0 0 2048 836 384 0 1048576 0 0 0 0 0 0 0 2048 4 0 0 134217728 0 67108864 0 1 0 0 0 0 0 0 0 536870912 128 0 0 0 1073741824 0 0 0 0 0 167772160 67108864 524288 0 0 0 0 0 32768 2048 256 0 256 0 0 0 1048576 128 0 8 0 0 0 4 0 0 0 8 0 0 4098 0 0 0 0 24576 0 0 0 8 0 0 67108864 0 0 0 0 1048576 0 0 0 16 0 8192 0 2097152 16384 0 0 0 0 0 0 4194304 0 0 0 0 0 0 0 0 0 0 0 0 0 0 0 0 0 0 0 0 0 0 0 0 0 0 0 0 0 0 0 0 0 0 0 0 0 0 0 0 0 0 0 0 0 0 0 0 0 0 4194304 0 0 0 0 0 0 0 0 16777216 16384 0 0 0 0 0 0 0 0 0 512
is_linear=0
shrinkage=0.05


Tree=43
num_leaves=63
num_cat=37
split_feature=10 5 5 10 0 8 0 0 0 0 0 6 0 0 0 0 0 6 8 0 0 19 0 0 15 6 10 0 8 0 0 0 10 15 17 0 0 0 0 12 12 17 17 3 3 0 17 0 0 0 0 0 0 0 17 0 3 15 3 19 8 0
split_gain=70556.6 12327.8 11954.7 7815.85 4022.97 3918.19 3392.22 2540.41 2340.02 1894.65 1517.21 1505.77 1490.57 1433.29 1379.45 1259.35 1180.2 1151.84 1381.68 1078.95 978.796 959.844 956.719 931.551 918.038 911.641 1180.72 840.513 808.535 784.869 731.286 721.707 711.019 706.626 691.1 673.393 655.977 655.746 650.089 640.914 1008.46 626.955 1045.44 665.36 597.021 583.406 560.63 559.138 557.467 538.672 525.14 516.046 512.578 512.098 506.479 572.781 500.713 495.105 476.966 466.859 463.272 462.797
threshold=0.62500000000000011 1.0000000180025095e-35 2.5000000000000004 0.19642857462167743 0 1.5000000000000002 1 2 3 4 5 1.0000000180025095e-35 6 7 8 9 10 1.0000000180025095e-35 1.0000000180025095e-35 11 12 1.0000000180025095e-35 13 14 4.5000000000000009 1.0000000180025095e-35 8.4464287757873553 15 1.0000000180025095e-35 16 17 18 1.0000000180025095e-35 4.5000000000000009 42.500000000000007 19 20 21 22 5.4749999046325692 5.3250000476837167 37.500000000000007 24.500000000000004 23 24 25 39.500000000000007 26 27 28 29 30 31 32 37.500000000000007 33 34 3.5000000000000004 35 1.0000000180025095e-35 1.0000000180025095e-35 36
decision_type=2 2 2 2 9 2 9 9 9 9 9 2 9 9 9 9 9 2 2 9 9 2 9 9 2 2 2 9 2 9 9 9 2 2 2 9 9 9 9 2 2 2 2 1 1 9 2 9 9 9 9 9 9 9 2 9 1 2 1 2 2 9
left_child=1 3 5 4 34 12 -3 32 21 -8 -11 19 47 -5 58 -13 -7 18 20 -9 -14 29 60 -15 35 26 48 -25 37 -4 -30 44 -6 51 39 -16 -33 -21 -20 40 41 42 -1 46 -10 -36 -43 -2 -18 -40 -22 -29 -27 -17 -31 -56 -26 -19 -12 -54 -23 -44
right_child=2 6 8 13 7 16 9 11 31 10 14 15 17 23 24 53 25 57 38 28 50 22 -24 27 56 52 -28 33 30 54 -32 36 -34 -35 45 -37 -38 -39 49 -41 -42 43 61 -45 -46 -47 -48 -49 -50 -51 -52 -53 59 -55 55 -57 -58 -59 -60 -61 -62 -63
leaf_value=0.010629380681641577 0.016809117091240167 0.011254748043869771 0.0084021827676482048 0.0052682349757746973 -0.042386572674465418 0.0051524495305369841 -0.024433322797392795 -0.01026402106301319 0.0065150869521752586 0.0064571563699386408 0.01233059118108573 0.025945491569148285 -0.041090513993537491 -0.02270687619423177 -0.0021454021855044783 -0.027522346727063458 -0.016720645371116297 -0.0041398497586052794 -0.018285375176098375 -0.035731914162300454 0.0088775395832172924 0.039805297565826063 0.0077229721729942004 -0.018746934342748611 0.0012908521476155514 -0.014455701345006115 -0.028254913266308929 -0.017944833523622937 0.017065447288845313 0.0060854480770825021 -0.021297881681070427 0.0038140990374951316 -0.030440896244601081 -0.0065263293626363177 -0.042525828931250238 -0.013247187244992589 -0.00066866257528260453 -0.026035337036226389 0.070216999983388345 -0.026305933946792676 0.088716140187265494 0.14454786505002082 -0.044366167519977587 0.014129543226497579 0.002551316253794237 0.0095906290833454779 0.030791839407594487 0.0016611815562609018 -0.0011568591242063552 -0.00535399666647925 -0.018779050240377373 -0.011135428487068737 0.00091714695160524998 -0.010228564013001887 -0.0088378079323221583 0.0033216101545716914 -0.008301174574423538 1.1492898512006842e-05 -0.0013128002706839371 0.0043875170246444866 0.012836275855680139 -0.0027628021689552161
leaf_weight=7814.2566317915916 6589.4419224262238 31693.76246291399 266423.7606947422 11529.28726157546 21040.601036816835 220728.28610384464 13429.393807888031 12335.268554568291 272623.24318367243 25120.774087607861 9983.0500244498253 2077.3232873082161 4471.6811325252056 21585.404463350773 16405.745716840029 5765.4746305346489 6017.0512415766716 149472.21564272046 10039.415699094534 22528.551909849048 2149.3993605673313 1615.0066652297974 255298.80382573605 38835.297697335482 28357.523474633694 4680.9831284880638 4377.4156118631363 35068.842059224844 1272.5366706550121 293818.35069739819 46045.949810281396 205541.29749244452 30532.965628966689 68604.774716705084 1556.4402465522289 82083.887750804424 135344.95322549343 80403.967018187046 226.16286987066269 1508.2225635051727 377.18737864494324 223.18788653612137 1462.0910178422928 1078.342860430479 145870.25355046988 817.45833605527878 210.42665329575539 79317.575064480305 126871.70777314901 214204.5605225265 8465.4654078483582 136109.04687103629 269599.77018111944 16746.292188465595 10534.70608907938 118903.70966279507 26143.149171710014 138254.67584806681 17846.483610659838 151297.06691408157 113642.13292348385 1239.6410309970379
leaf_count=9188 2811 14055 22850 15608 92632 85263 35697 26475 75091 16434 8518 2283 6462 54303 22837 16832 5904 147371 13681 89722 2503 269 39395 90608 43864 3748 1506 77834 3177 58997 151101 76168 120723 125609 3523 151783 83277 274807 140 2375 253 175 1996 1120 52425 1220 194 63620 89800 244768 11414 264578 137684 38109 2678 24164 43717 120461 18359 73220 12329 1701
internal_value=-0.000143858 -0.0132571 0.00319047 -0.0173429 -0.0238344 -0.000288776 -0.0040337 -0.025474 0.00586118 -0.00624274 -0.0050554 -0.0227628 -0.00328237 -0.012032 -0.00665508 -0.0112322 0.00205389 -0.00427737 -0.00683857 -0.024508 -0.0214857 0.00737867 0.00943115 -0.0126962 -0.00851773 0.000838629 -0.00270456 -0.0119198 -0.025675 0.006276 -0.0202671 0.00374235 -0.0353076 -0.0108134 0.000216281 -0.0113995 0.0020343 -0.0281636 -0.00585414 0.00447075 0.00821259 0.00568806 0.00135956 0.0357937 0.00513357 -0.0247181 0.0873298 0.00282492 -0.00186291 -0.00527102 -0.0131758 -0.0125322 0.00198147 -0.0146679 0.00493733 0.00233156 -0.00331158 -0.0021451 0.00358405 0.00216457 0.013213 -0.0254517
internal_weight=4.03421e+06 817833 3.21638e+06 566769 255036 1.39676e+06 251064 238749 1.81962e+06 219370 205941 187175 613191 311733 180820 24589.1 783572 527284 239557 162586 15086.5 1.06024e+06 370556 300203 152990 562844 137266 278618 150251 689681 47318.5 759380 51573.6 239783 16287.3 98489.6 340886 102933 224470 13913.4 12405.1 12027.9 10516 1511.96 418493 2373.9 433.615 85907 132889 214431 10614.9 171178 425578 22511.8 423257 129438 54500.7 287727 27829.5 420897 115257 2701.73
internal_count=3279409 1821410 1457999 1466146 837606 1010356 355264 815861 447643 341209 305512 602506 613231 628540 289078 57224 397125 546800 278968 545282 20379 160682 51993 612932 262201 311862 97210 558629 518807 108689 154278 286961 213355 468021 21745 174620 159445 364529 258589 17002 14627 14374 12885 1489 127516 4743 369 66431 95704 244908 13917 342412 214652 54941 85839 26842 87581 267832 26877 210904 12598 3697
cat_boundaries=0 94 189 281 376 439 535 630 725 815 911 1007 1102 1197 1292 1381 1473 1565 1657 1747 1838 1934 2022 2114 2115 2116 2203 2293 2385 2464 2552 2647 2737 2826 2920 2921 2922 3016
cat_threshold=16384 0 0 0 0 0 0 0 16384 67108864 0 0 0 0 0 0 0 0 0 0 0 1024 0 0 0 2147483648 0 0 0 65536 16 0 0 0 0 0 0 0 0 0 0 0 0 0 0 0 0 0 0 0 0 0 0 0 32 0 8 0 0 128 0 4096 0 0 0 0 0 16777216 16384 32768 0 0 262144 4864 0 16384 0 0 512 0 2181039104 0 8192 268435456 0 0 65536 1048576 68 0 0 2097152 2097152 268435456 0 0 0 0 0 0 0 4259840 16384 0 0 0 16777216 0 0 0 0 0 0 16 0 1024 0 1048576 0 2147483648 0 0 0 0 16 33554432 0 0 0 0 0 0 0 0 0 0 0 0 0 0 0 0 0 0 0 0 0 0 0 8192 0 0 541065216 0 2048 0 0 0 0 0 0 128 0 0 0 0 8 4352 128 0 0 0 512 67108864 0 8196 8192 128 0 0 0 8208 0 524288 0 64 2097152 0 8193 0 2148007936 0 0 0 0 1 0 0 2048 0 0 0 16385 2 32768 0 2097152 0 0 1024 0 0 0 0 1024 0 0 0 16 0 0 0 0 67108864 0 134217728 0 2360320 0 0 0 536870912 0 0 524288 0 64 0 0 0 64 0 128 0 0 268435456 0 0 0 67584 0 32 0 0 0 0 0 0 0 0 0 8 0 0 0 0 0 67108864 0 16384 0 0 0 0 0 0 512 0 524288 0 16777216 0 0 0 0 0 0 0 0 0 0 4096 0 0 0 0 0 0 0 0 0 2048 0 0 0 0 0 0 0 0 4 16 0 0 0 0 67108864 134217728 0 0 0 0 0 0 0 0 0 0 0 268435456 0 0 0 67108864 0 0 0 0 0 4194304 132 2048 0 0 0 0 0 0 0 16384 0 0 33554432 0 4352 0 0 0 0 512 0 0 8196 8192 268435456 524288 0 0 1048576 4 0 0 592 2097152 268435456 8449 0 2149056512 0 0 0 17039360 0 0 0 1024 0 0 0 82049 2 134250496 0 0 0 0 0 0 0 8388608 0 512 0 0 0 0 0 0 0 0 335544320 2147483648 128 0 2360321 0 0 0 536870912 0 2752512 32768 16 8256 0 0 0 0 0 0 0 0 0 0 0 0 0 0 32 0 0 0 0 0 0 4 0 0 0 4096 0 0 0 0 0 0 16777216 262144 0 2048 0 33554434 0 0 0 0 0 0 81920 0 0 0 268435456 0 0 0 0 0 0 0 0 0 0 0 0 0 0 0 0 0 0 0 0 1024 0 512 8192 64 4 0 4 0 0 0 0 0 0 16384 32768 0 33554432 0 64 0 0 512 0 134217728 0 1024 0 0 268435520 0 0 32 9437184 64 0 0 16 0 268435456 0 1 16384 0 0 0 0 268451840 0 4194304 16384 0 4096 0 16777216 0 0 0 0 0 0 16 0 524288 0 0 0 0 0 1 0 65536 16 0 0 0 8 0 0 0 0 0 0 0 0 0 131072 0 0 0 4096 0 0 0 0 0 0 0 0 8192 64 0 0 0 0 0 0 8 0 128 0 0 0 0 0 0 0 0 0 0 134217728 0 2181039104 0 10240 128 0 0 0 1048576 64 4096 268435456 512 0 0 256 0 0 0 0 0 0 0 4259840 16384 0 4096 0 16777216 0 0 0 0 8193 0 16 0 8388608 0 0 0 1024 0 1 0 81920 0 0 0 0 8 0 0 0 0 0 0 0 0 0 0 0 0 0 0 0 0 0 0 0 1024 0 0 0 0 0 2048 4 0 0 0 8 0 16777216 0 0 0 0 131072 256 0 16384 0 0 0 0 2147483648 0 8192 0 0 0 0 1048576 68 536875008 0 16 0 0 257 16384 0 0 0 64 268435456 0 0 0 0 8388608 262144 0 0 0 0 0 8192 32 0 0 0 0 0 0 0 1024 32768 0 0 0 0 268443648 524288 0 0 0 0 0 0 0 0 0 0 0 0 0 0 512 2048 0 0 0 2147483648 32 0 0 0 32768 32896 0 4096 0 0 0 16777216 0 16777216 0 0 0 0 0 512 0 16384 0 0 536870912 0 0 0 0 0 524288 0 131072 512 4 537923584 0 0 0 0 0 268435456 4 65536 0 0 8392704 262144 16777216 0 0 0 0 8192 262144 0 2048 0 33554434 0 0 0 0 0 0 4 0 33554432 8192 0 0 0 0 0 0 0 0 0 0 0 0 0 0 0 0 262144 0 0 0 2147483648 0 0 0 0 541097984 32772 0 0 0 0 0 8 0 128 0 0 0 0 0 64 0 0 0 0 536870912 0 0 4 0 0 0 0 131072 8192 0 536870912 0 16 0 0 0 1 16384 0 0 0 0 16384 1 4194304 16384 0 4098 0 0 0 0 0 0 16777216 0 0 0 0 33554432 0 0 0 0 1 0 0 0 33554432 0 0 0 0 33554432 0 0 0 0 0 0 0 0 0 0 0 268435456 0 0 0 0 0 0 8192 520 0 64 0 0 4 0 0 0 8 0 128 16384 0 0 0 8 256 2 16384 32768 0 0 0 0 0 0 0 0 0 0 537927680 0 0 0 576 0 0 0 1 0 0 16777216 268435456 0 16384 0 0 0 0 2 0 0 8388608 0 0 0 1 0 0 0 0 0 0 0 0 1024 32768 0 16384 0 0 0 0 0 0 33554432 0 0 0 0 0 0 0 0 0 0 0 0 2048 0 0 0 16384 2048 8 0 512 4194368 32768 64 0 0 0 0 0 2 8388608 0 0 0 33562624 131072 64 0 8192 2147483648 0 671088640 0 0 0 0 0 0 0 0 0 0 12288 0 0 0 0 1 0 0 0 0 0 0 0 0 0 0 0 0 0 0 0 0 0 0 0 0 2048 0 2 1048576 0 2147483648 0 0 0 0 0 0 268443648 268435456 2048 0 0 0 0 0 0 0 0 0 0 0 0 0 0 0 0 0 0 2147483648 8192 2 0 0 541097984 4 2048 0 0 4194304 0 0 0 0 16384 32768 0 8192 0 4672 128 0 0 0 512 0 0 8196 0 0 524288 0 0 16 4 0 0 16 0 0 1 0 0 0 0 0 0 0 0 0 0 0 0 0 0 0 0 0 0 0 0 0 0 0 0 0 0 0 0 0 0 0 0 0 0 0 0 0 0 0 0 0 0 0 0 0 0 0 0 0 0 0 0 67108864 0 0 0 0 0 4194304 132 0 0 0 0 0 0 0 0 16384 0 0 33554432 0 256 0 0 0 0 0 0 0 4 0 0 524288 0 0 1048576 0 0 0 0 0 0 8193 0 524288 0 0 0 16809984 524288 0 0 0 0 0 0 16513 6 134250496 65536 1024 0 0 0 0 2 8388608 0 0 0 0 0 0 16 0 0 0 67108864 0 0 67108864 2359296 0 0 0 536875008 524288 557056 524288 16 64 0 0 0 0 0 0 0 0 0 0 4194304 4 0 0 0 0 0 0 0 0 0 0 0 0 0 0 0 0 0 0 0 0 16384 0 0 0 0 0 0 0 512 0 2147487745 65536 0 0 263168 0 134217728 0 1024 0 0 0 65536 32768 2147483648 0 0 0 0 0 0 0 0 0 2147484160 0 0 0 0 0 0 0 524288 268699648 0 134217856 0 67109888 0 0 0 0 0 2097152 0 256 8192 512 0 0 0 0 0 0 0 0 0 0 0 0 0 32 4194304 0 0 0 0 0 0 0 0 0 0 0 0 0 0 0 0 4194432 0 0 0 524288 0 1048576 0 0 0 0 16777216 0 0 0 0 0 0 0 0 0 0 0 0 0 0 0 0 0 0 0 0 0 0 0 0 0 0 0 0 0 0 0 0 0 0 0 0 0 0 0 0 0 0 0 0 0 0 0 0 0 0 0 0 0 0 0 0 0 0 0 0 0 0 0 0 0 0 0 0 0 0 0 0 0 256 0 0 0 0 512 0 0 0 0 0 0 0 0 0 4 0 0 64 0 0 0 0 0 0 2048 65536 0 0 4096 0 0 0 0 0 0 8192 32 0 0 8912896 0 1048576 0 0 0 0 0 4 0 0 268443648 268435456 0 0 0 0 0 0 0 0 0 0 0 0 0 0 4096 8192 0 0 0 2147483648 8192 2 8388608 0 536903680 0 0 0 0 4194304 0 16777216 0 0 0 0 0 0 0 0 128 0 512 0 0 67108864 0 134225920 0 0 0 0 32 8208 0 536870912 0 16 16384 0 0 0 0 0 0 4194304 0 0 0 0 0 0 0 0 0 0 0 16 0 0 33554434 1048576 0 2147484672 0 1 0 81920 0 0 268435456 524288 8 0 0 0 0 0 0 0 0 0 0 0 0 0 0 0 0 0 0 0 1024 0 0 0 0 0 0 4 0 0 0 0 0 16777344 0 0 0 0 131072 576 128 0 512 0 134217728 67108864 2147484672 0 0 128 0 0 0 0 64 537923584 0 0 0 0 0 0 0 0 0 67108872 2 0 0 134217728 0 0 0 0 0 0 0 8912896 8388608 0 0 4096 0 0 0 0 0 0 0 0 8 0 0 0 0 0 0 0 0 0 0 0 0 0 4096 270336 0 68 0 536870912 0 2 8388616 512 0 0 64 0 0 4194304 0 8 0 0 0 0 0 134217728 393216 0 0 2147483648 0 8 0 0 33570816 0 2048 0 0 0 0 0 0 0 268435456 0 0 0 0 0 0 4 65536 16384 67108864 2 0 16777216 8388608 0 0 0 16777216 32 0 4 1024 0 0 0 0 0 32768 0 0 0 33554432 0 0 0 0 0 0 0 0 0 0 0 0 2097152 0 0 0 0 2048 0 0 0 536870912 32 8192 512 512 32832 0 0 0 0 0 0 8 0 0 0 0 0 16384 0 0 0 16384 0 0 536870912 0 0 0 1048576 0 0 0 32 536879104 0 524288 0 0 0 0 0 1 0 0 65544 0 16779264 268436480 4 134217728 1024 10 0 0 0 65536 0 0 0 0 262144 0 0 0 0 0 0 536870912 0 0 0 0 0 0 268443648 0 262144 0 0 0 0 0 0 0 0 0 2097152 0 0 0 256 262144 0 0 0 536870912 0 0 0 8192 0 4 0 0 0 536870912 0 0 4096 128 0 0 0 16384 0 0 128 0 0 8 0 0 0 0 2048 1048576 0 0 0 16 0 0 0 0 0 1024 0 0 0 0 2052 0 0 134283264 1073741826 134217728 65536 0 0 0 0 0 2 0 0 0 0 0 0 0 0 0 0 0 0 2147483648 134217728 0 0 0 0 0 1052672 0 2097152 557056 0 64 268435456 0 4096 0 1048576 0 32 0 0 0 0 132 0 0 0 4194304 0 0 2 8388608 0 0 0 33554432 0 0 0 0 0 0 0 0 16384 4 0 0 0 0 1048576 0 0 0 0 16777216 524 295 0 0 0 0 0 0 0 0 16384 0 0 0 0 0 0 0 0 0 0 0 0 0 0 0 0 0 0 0 0 0 0 0 0 0 0 0 0 0 0 0 0 0 0 0 0 0 0 0 0 0 0 0 0 0 32 0 8 0 0 0 0 0 0 0 0 0 0 0 0 32768 0 0 0 4352 0 0 0 0 512 0 1024 0 0 0 0 0 65536 0 0 0 0 0 0 0 0 0 0 0 0 0 0 0 0 0 0 0 0 0 0 0 0 0 0 0 0 0 0 0 0 0 0 0 0 0 0 0 0 0 0 0 0 0 0 0 0 0 0 0 0 0 0 0 0 0 0 0 0 0 0 0 0 0 0 0 0 0 0 0 0 0 0 0 0 0 0 0 0 0 0 8192 0 0 0 0 1048576 0 4096 0 1048576 16777216 0 16842752 0 0 0 0 0 4 0 0 134217728 32768 2147483648 0 0 0 0 0 0 2 32 2097152 0 0 0 0 0 0 0 8388608 0 0 536870912 134217728 0 0 0 32768 0 4096 0 32768 0 33554432 0 512 0 4096 0 1048576 0 0 0 0 0 0 132 0 0 0 4194304 0 0 0 8388608 0 0 0 33562624 0 0 0 0 0 0 0 0 16384 4 0 1048576 0 0 0 16 0 0 0 16777216 0 0 0 0 0 0 0 0 0 0 0 0 0 0 0 0 0 0 0 0 0 0 0 0 0 0 0 0 0 0 0 0 0 0 0 0 0 0 0 0 0 0 0 0 0 0 0 0 0 0 0 0 0 0 0 0 0 0 0 0 0 0 0 0 0 0 0 0 0 0 0 0 0 0 0 0 0 0 512 0 0 0 0 64 0 2048 0 1 0 0 0 0 0 0 67108864 0 1 32 0 1024 8388608 33554432 0 2097152 0 1024 33554432 0 16 0 0 0 0 0 67108864 0 0 0 0 0 16777216 0 0 268435456 0 8 0 0 262144 0 0 67108864 0 263168 8 512 0 0 0 0 0 0 0 0 0 0 16777216 0 0 0 0 393216 0 0 24584 0 0 0 0 536870912 0 0 64 0 0 0 8192 0 0 8 64 0 0 0 0 1026 0 2052 4 0 0 1073741824 0 0 2097152 0 0 0 0 0 0 2097152 0 0 0 0 16 0 0 8 0 0 2147483648 2097152 0 524289 0 0 16777216 1048576 0 131076 32768 0 0 0 0 4096 0 0 2147483648 0 8 0 0 0 0 0 0 0 536870920 0 0 0 0 0 0 0 0 0 512 130 0 0 0 0 0 0 0 0 268435456 0 0 0 16 0 0 0 0 0 0 8192 0 0 0 0 16777216 0 0 0 0 0 4 0 0 134217728 32768 67108864 0 268435456 0 0 0 0 0 0 2097152 536870912 128 0 0 0 1073741824 0 0 0 0 0 134217728 67108864 524288 0 8 16777216 0 0 32768 2048 33554440 0 0 0 4096 4 1048576 0 0 0 0 0 0 0 0 0 0 8 0 0 2 0 0 0 0 33579008 0 0 0 0 0 0 0 0 0 0 0 0 0 0 0 16 0 8192 0 1052672 8 0 0 17040384 524288 0 1024 1024 0 4 0 128 0 134217728 0 1024 0 0 0 0 0 8388608 2097152 512 0 0 0 0 0 0 8388608 0 262144 2684354560 2097152 0 1 0 0 16777216 1048576 0 131072 32768 16 8192 0 0 0 0 0 0 0 0 0 0 0 0 0 0 0 8192 0 0 0 0 0 0 0 0 0 0 0 0 0 0 0 0 128 0 0 0 0 0 1048576 0 512 0 0 0 0 0 0 0 0 0 0 0 0 0 0 0 0 0 0 0 0 0 0 0 0 0 0 0 0 0 0 0 0 0 0 0 0 0 0 0 0 0 0 0 0 0 0 0 0 0 0 0 0 67108864 0 0 0 0 0 0 4 0 0 0 0 0 0 0 0 0 0 0 0 0 4096 0 0 0 0 0 0 0 0 0 0 0 0 0 0 0 0 0 0 0 268435456 167 135 16384 0 0 0 0 0 0 0 16384 0 0 0 0 0 0 0 0 0 0 0 0 0 0 0 0 0 0 0 0 0 0 0 0 0 0 0 0 0 0 0 0 0 0 0 0 0 0 0 0 0 0 0 0 0 0 0 0 0 0 0 0 0 0 0 0 0 0 0 0 0 0 0 0 4352 0 0 0 0 512 0 2147484672 0 0 268435456 0 0 0 0 0 0 0 0 0 268435456
is_linear=0
shrinkage=0.05


Tree=44
num_leaves=63
num_cat=38
split_feature=10 0 6 6 8 0 8 6 0 19 0 0 10 0 0 0 0 0 18 0 6 8 0 3 0 3 0 0 0 14 0 0 17 3 0 11 0 19 0 0 14 0 0 12 17 12 12 0 0 11 10 0 3 0 0 0 0 14 3 0 15 0
split_gain=63808.2 10869.4 10602.2 6437.52 4206.66 3994.38 3793.84 2288.49 1880.18 1452.7 1548.79 1447.39 1362.48 1186.02 1172.02 1119.66 1009.04 957.175 920.496 848.512 797.535 796.08 976.431 787.514 1050.74 784.12 752.906 736.331 674.894 672.41 664.356 644.535 606.385 605.613 603.157 599.621 571.605 565.379 942.91 871.14 556.429 522.913 503.138 497.696 552.859 575.185 528.628 490.297 482.868 481.618 471.621 469.802 455.643 453.721 448.91 439.189 437.823 560.085 512.049 549.371 434.586 441.709
threshold=0.62500000000000011 0 3.5000000000000004 1.0000000180025095e-35 1.3571428656578066 1 0.21428572386503222 2.5000000000000004 2 1.0000000180025095e-35 3 4 0.089285716414451613 5 6 7 8 9 10.500000000000002 10 1.0000000180025095e-35 1.0000000180025095e-35 11 12 13 14 15 16 17 0.99344387650489818 18 19 31.500000000000004 20 21 0.28861783444881445 22 1.0000000180025095e-35 23 24 1.0011169314384463 25 26 1.985000014305115 11.500000000000002 0.7749999761581422 0.85499998927116405 27 28 2.380337238311768 0.12500000372529033 29 30 31 32 33 34 1.0515868663787844 35 36 4.5000000000000009 37
decision_type=2 9 2 2 2 9 2 2 9 2 9 9 2 9 9 9 9 9 2 9 2 2 9 1 9 1 9 9 9 2 9 9 2 1 9 2 9 2 9 9 2 9 9 2 2 2 2 9 9 2 2 9 1 9 9 9 9 2 1 9 2 9
left_child=1 12 4 5 11 18 8 14 35 17 25 49 -1 50 -5 40 -8 -6 29 -15 21 22 -13 24 -21 -11 -16 -20 33 30 43 -18 -32 41 -23 -7 -28 38 -17 -39 -4 -25 -42 44 45 -3 -46 -9 -19 -2 -10 -24 -40 -12 -36 -22 57 58 59 -31 61 -33
right_child=2 3 15 7 9 6 16 47 13 10 53 20 -14 19 26 37 31 48 27 23 55 34 51 28 -26 -27 36 -29 -30 56 32 60 -34 -35 54 -37 -38 39 52 -41 42 -43 -44 -45 46 -47 -48 -49 -50 -51 -52 -53 -54 -55 -56 -57 -58 -59 -60 -61 -62 -63
leaf_value=-0.036353162246967628 0.0014229278459701002 0.044983130886068805 0.0081977040973139539 -0.016471973661618702 0.0035432552937781255 -0.033554236738913924 -0.017497556924291193 -0.016995554364968177 -0.029271618617193951 0.016033222933041769 -0.013685341321457151 -0.036701852552802526 -0.023811313841082194 -0.02062742004559636 -0.011981434437995084 0.0059133450261350876 0.0039230489782721726 0.0015909869344443318 -0.046165151994773362 0.018626978338072354 0.0032481600720326159 -0.00012719657772839712 0.01038958757810007 0.051412068490444586 -0.0093161443457433542 0.0064824545329511228 -0.0084124847088904563 -0.0011655264389234322 -0.016846448736439128 0.053083157000841534 -0.021515104072046647 -0.016135977586498481 0.024562485475244242 -0.0091214366774975287 -0.016551305549732501 -0.022417354206663482 -0.00059443549732244661 0.011219195491159703 0.0032857094446772424 0.0044951829352558072 0.0026814553705113266 -0.00047684810780138315 0.0069540109312178494 0.001411693655326552 0.0015589767425366972 -0.022449338699841379 0.06723272939267616 0.0074025357091418963 -0.0017144262373630201 0.011302966101744185 -0.018776682338276188 -0.013868164016745323 -0.0010325370032726387 0.0030461146038131487 -0.0058736864961251578 -0.002846332293000521 -0.0030269787159058945 0.068098262009242419 -0.0040623395441556033 0.0062615859108839161 -0.0054432900204667914 -0.0092417638089034235
leaf_weight=38698.203227341175 48699.411020755768 702.24395531415939 530793.56153458357 23780.449090838432 207793.41126847267 24406.160895109177 39305.760816708207 2149.540881305933 23125.953469097614 35726.052878081799 4097.0874030590057 4362.5979772508144 49167.034621402621 47583.603491783142 27222.664760619402 215903.47763448954 9624.3738081753254 172966.21759390831 1543.8408112823963 4031.4084714651108 33596.653021156788 46890.146527767181 2432.0362392067909 803.54090917110443 20087.128204762936 54046.505432188511 32273.682916224003 2203.3269114792347 72003.428061246872 1056.8989378213882 1485.7482088804245 30881.857862770557 1374.6385638415813 12485.487251639366 10403.797260254622 23943.048298090696 84791.969981729984 69206.416454434395 139485.69205623865 158606.76063650846 103296.00830930471 1213.3521789014339 207214.88272619247 1050.7761442363262 369.16512459516525 575.30785244703293 1802.587624579668 44907.153280109167 305844.62537372112 16518.399037599564 19929.944799005985 11009.126026511192 108676.202226758 304851.49266177416 182206.32536870241 245703.56601697206 14073.824432939291 426.68222904205322 3375.9440071582794 1542.7653015851974 50376.712573796511 94525.924942061305
leaf_count=169898 38186 496 66966 53552 81562 99246 95319 3697 85971 11841 3746 6022 156054 138393 54534 54828 12868 82063 3529 6315 24934 45276 2538 1105 44937 21349 58009 2841 178409 512 1619 67783 1092 22677 13994 69348 115125 15144 49368 47084 18410 2100 34047 1298 250 559 499 30898 184366 7160 51104 13675 37459 151800 209754 235544 15351 237 3527 1414 90337 180589
internal_value=-0.000174316 -0.0127288 0.0029792 -0.010705 0.000244319 -0.0137859 -0.0149322 -0.00346012 -0.0191753 0.00210348 0.00450395 -0.00310848 -0.0293317 -0.0170451 -0.00618888 0.00598872 -0.0102196 0.000709489 0.00343227 -0.0150399 -0.00396329 -0.00597167 -0.0161722 -0.0126349 -0.00463967 0.0102847 -0.00449265 -0.0198318 -0.0148632 0.00656515 0.0195265 -0.00867532 0.000626575 -0.00501188 -0.00521339 -0.0280333 -0.00275032 0.00449849 0.00349712 0.00653853 0.00721412 0.0203476 0.00553299 0.0314685 0.0407161 0.0146169 0.0560692 0.006286 -0.000520366 0.00392475 -0.024408 -0.00947452 0.00139468 0.0028238 -0.00645127 -0.00211322 0.00190598 0.0127347 0.00880283 0.0254275 -0.00936528 -0.0109415
internal_weight=4.02923e+06 808902 3.22033e+06 721037 1.68715e+06 505911 474328 215125 249613 1.08533e+06 398721 601822 87865.2 201264 168069 1.53318e+06 224715 686604 31583.8 158208 536604 257304 17803.8 110624 24118.5 89772.6 144288 3747.17 86505.8 27836.6 7360.47 185409 2860.39 14502.4 239500 48349.2 117066 691879 464065 227813 841304 2016.89 310511 4500.08 3449.3 1277.55 2171.75 47056.7 478811 65217.8 43055.9 13441.2 248162 308949 192610 279300 20476.1 6402.29 5975.61 2599.66 175784 125408
internal_count=3278608 1821492 1457116 1495540 1133810 1179725 1146501 315815 699605 536727 188736 597083 325952 531011 281220 323306 446896 347991 33224 393936 551737 291259 22235 255543 51252 33190 227668 6370 204291 26854 5813 351577 2711 25882 269024 168594 173134 203883 141655 62228 119423 3205 52457 3102 1804 1055 749 34595 266429 45346 137075 16213 86827 155546 223748 260478 21041 5690 5453 1926 338709 248372
cat_boundaries=0 92 187 277 373 468 557 646 741 830 924 1008 1103 1104 1192 1193 1285 1364 1459 1554 1649 1650 1744 1834 1926 2022 2117 2212 2304 2399 2490 2491 2583 2675 2770 2860 2861 2951 3045
cat_threshold=0 2148007936 65536 0 0 16811008 0 0 0 1024 0 0 0 16513 6 134250496 65536 0 0 0 0 0 0 0 0 0 0 0 0 0 0 0 0 0 335806464 0 136314880 0 2360320 0 0 0 536870912 0 0 524288 16 8256 0 0 0 0 0 0 0 0 0 0 0 0 0 0 32 0 0 0 0 128 0 0 0 0 0 0 0 0 0 0 0 0 16384 0 0 0 0 0 0 0 0 0 0 16777216 16384 0 0 0 0 0 0 4194304 0 0 4096 0 16777216 0 0 0 0 0 262144 0 0 1024 0 0 0 0 0 0 0 65536 16 0 0 0 8 0 0 0 0 0 0 0 0 0 0 0 0 0 0 0 0 0 0 0 0 0 8 0 4194304 0 0 0 0 0 0 0 0 16777216 0 0 0 33554432 262144 4864 0 16384 0 0 512 0 2147484672 0 8192 268435520 0 0 131072 1048576 68 536875008 0 0 2097152 0 1 0 0 8 0 16777216 262144 0 134217728 1024 2048 0 0 0 65536 0 2147483648 0 2097152 0 0 0 0 0 0 0 1024 0 0 0 16 0 0 268443648 0 0 2147483648 128 0 1 0 0 0 1052672 0 2621440 0 0 0 0 262144 0 0 0 0 0 0 268435456 8192 0 4 65536 0 0 536870912 0 0 4096 0 0 0 0 0 8 0 128 0 0 0 67108864 0 0 0 0 128 0 0 0 0 0 524288 0 0 0 0 0 0 0 0 0 0 0 0 0 0 0 0 0 0 0 0 0 0 0 0 0 0 0 0 0 0 0 0 0 0 0 0 0 0 0 0 0 0 4096 0 0 0 0 0 268435456 0 0 0 0 0 0 8192 276824584 512 4227136 128 65536 4 0 0 0 0 0 16777344 16384 0 0 134217728 8 768 0 16384 32768 8 512 0 0 134217732 0 0 0 0 0 1048576 0 536875008 0 0 2097152 0 0 1 16384 0 65536 0 0 268697600 0 4194304 0 0 4096 0 0 0 0 0 0 0 0 16 0 524288 0 0 0 0 0 32769 0 65536 16 33554432 0 0 8 0 0 0 0 0 0 0 0 0 131072 0 0 0 0 0 0 0 0 0 0 0 512 0 64 0 0 0 0 0 0 8 0 128 0 0 0 0 0 256 0 0 0 0 134217728 0 2181039104 0 8192 128 0 0 0 1048576 0 4096 0 576 2097152 0 256 0 1052673 0 0 2048 268435456 524293 0 0 2 2048 0 0 0 32768 0 0 1024 0 0 1024 0 0 8388608 2097152 0 0 0 0 0 0 0 0 0 0 536870912 0 67108864 67108864 0 0 16777216 0 0 163840 32768 256 0 0 0 0 64 0 536871040 0 8192 0 0 0 0 0 0 0 0 0 0 0 0 0 0 0 0 0 0 0 0 0 0 0 0 0 0 0 0 524288 0 1048576 528 512 0 4096 8 64 0 262144 524288 0 0 0 2048 4 0 0 0 2147483648 0 1024 0 0 0 0 0 8388608 0 512 0 0 0 0 0 0 8388616 0 0 2684354560 128 0 1 0 8 16777216 1048576 524288 2785280 32768 0 0 0 0 0 0 0 0 0 0 0 0 0 0 0 0 0 536870912 0 0 0 0 0 0 0 0 0 0 2 0 32768 0 0 0 128 0 0 0 0 0 1048576 0 512 16384 0 16777216 0 0 0 0 4194304 16384 0 0 0 0 0 0 0 0 0 0 16 0 524288 33554432 0 0 0 0 0 0 65536 0 0 268435456 0 0 0 0 0 0 0 0 0 0 0 268435456 16 0 0 268435456 0 0 0 0 0 1024 0 0 0 4194304 4 2048 0 0 0 0 0 0 0 0 0 0 0 0 4352 2 0 0 0 671089152 0 0 4 8192 268435456 0 0 0 0 4 1048576 0 64 2097152 268435456 8448 0 1052673 0 64 0 262144 524288 134217728 1026 0 0 0 0 65536 0 0 0 1024 0 0 0 0 0 8388608 0 512 0 0 0 0 0 0 8 0 2048 0 128 67108864 0 0 0 0 1052672 524288 2785280 32768 256 0 0 0 0 0 0 0 0 8 0 0 0 0 0 0 0 536870920 0 0 0 0 0 0 0 0 0 0 0 0 0 0 0 0 128 0 0 0 0 0 1048576 0 512 16384 0 0 0 0 0 0 4194304 16384 67108864 4096 262144 16777216 0 0 0 0 16777216 0 0 0 524288 0 0 0 2147484672 1024 1 0 16384 16 33554432 0 0 8 0 0 0 0 0 0 0 0 0 0 0 0 0 0 0 0 0 0 0 262144 0 512 0 0 0 2048 0 0 0 0 0 0 128 0 0 0 0 0 256 0 0 0 0 512 0 0 0 0 0 0 0 0 545267712 4 1048576 0 592 0 268435456 1 0 0 64 0 0 0 0 0 8 4 4 0 0 1073741824 0 0 0 0 0 0 0 0 0 0 536871424 0 0 0 0 1073741824 0 8388616 524288 2048 0 0 0 524288 0 8 0 0 524288 0 2048 8 0 268436224 0 0 0 0 0 8192 2 8388624 0 536870912 0 0 0 0 8 0 0 0 0 0 0 0 16384 0 0 0 0 0 8 0 0 128 8192 0 1048576 0 0 0 0 0 0 0 0 0 2048 0 0 0 0 0 0 0 0 0 0 2048 0 2 0 0 2147483648 0 0 0 0 0 0 268443648 268435456 2048 0 0 0 0 0 0 0 0 0 0 0 0 4 0 0 0 0 0 2147483648 8192 2 0 8192 32768 4 2048 4 0 0 0 16777216 0 0 16384 32768 0 8192 0 576 128 0 0 0 512 0 0 8196 0 0 524288 0 0 16 4 0 0 16 0 0 1 7 0 0 16777216 0 65536 16384 0 65536 16384 0 0 0 0 8388608 0 0 0 0 32 0 2048 524288 33554432 0 0 2147483648 1024 0 0 4 0 33554432 131072 0 0 0 33554432 0 0 1048576 0 0 0 0 268435456 16 0 4 0 10240 0 0 0 0 0 0 0 512 0 32896 2048 0 0 0 0 0 0 0 0 0 0 134217728 0 0 0 0 0 0 0 0 536870912 0 0 0 0 0 0 545267712 772 0 1048577 16777216 0 2048 0 16 134217728 1027 0 0 0 0 65536 1073774592 0 0 0 0 0 0 0 0 0 2097152 0 0 0 0 0 1073741824 0 0 0 2048 67108864 0 67108864 67633152 0 0 0 4096 0 4 2048 256 0 0 0 0 0 0 128 0 8 268435456 0 0 0 65536 0 0 8 0 0 4096 0 0 0 0 0 0 0 0 8 0 0 0 0 4194304 0 0 0 0 0 0 0 0 0 0 2097152 0 0 0 0 0 0 0 0 0 0 4096 0 16777216 0 0 0 0 0 0 0 0 0 0 0 0 0 0 0 0 0 0 0 0 0 0 0 0 0 0 0 0 0 0 0 0 0 0 0 0 0 0 0 0 0 0 0 0 0 4194304 0 0 0 0 0 0 0 0 0 0 0 0 33554432 0 256 0 0 0 0 512 0 0 0 268435456 0 16384 2048 0 0 67108864 2 0 0 0 0 0 0 0 0 0 4 0 0 1 0 4096 0 32768 0 0 0 0 0 0 0 0 0 0 0 0 0 0 0 0 0 0 0 0 4096 0 0 0 0 0 0 0 512 512 32768 128 0 4100 0 0 0 0 0 0 16384 32768 0 8192 131072 64 0 8192 2147483648 0 134217728 67108864 33554432 134217732 2048 0 0 0 65536 0 0 0 0 0 0 268435456 8192 16384 0 0 0 0 0 0 0 0 0 4096 0 16777216 0 0 0 0 0 0 0 0 0 0 0 0 0 0 0 0 0 0 0 0 0 0 0 0 0 0 0 0 0 0 0 0 0 0 0 0 0 0 0 0 0 0 0 8 0 4194304 0 0 0 0 0 0 0 0 16777216 0 0 0 0 0 0 0 0 0 0 512 0 2147483648 0 0 0 0 0 0 0 4 0 0 0 0 0 1 0 0 0 0 0 0 0 65536 16384 0 2 0 0 0 0 0 0 8192 0 16 2048 8388608 0 1048576 0 0 0 32768 0 16384 0 0 0 0 0 0 0 0 0 0 0 0 0 0 0 0 0 0 0 2048 0 0 0 0 1056 0 0 8192 32768 32896 2048 4 0 0 0 0 0 0 0 32768 0 0 131080 0 128 0 0 0 536870912 67108864 0 8196 0 128 0 0 32 8388608 0 0 0 16 0 0 8192 256 0 0 16777216 0 2097152 16384 4 0 16384 67108864 2 262144 16777216 0 0 0 0 8192 262144 0 0 8388608 0 1048576 0 1024 0 0 0 0 0 0 0 0 0 67108864 0 0 0 0 8 0 0 0 0 0 0 0 4096 0 0 0 0 0 262144 0 0 8704 4194304 0 2048 4 0 0 0 0 0 0 0 0 0 0 0 0 0 0 0 0 512 67108864 0 0 2048 0 0 0 131104 0 0 537919488 0 16 0 268435456 1 0 0 0 16777216 16384 0 1073741824 0 0 4 0 0 0 0 0 0 270532608 0 0 1024 0 0 32 4194304 536870912 128 0 0 16 0 0 0 0 8 0 33554432 0 0 1048576 32768 0 0 0 268435456 16 8 4 256 0 0 0 68157440 16384 0 0 0 0 0 0 0 0 0 8192 0 0 0 8388608 0 0 0 0 0 0 0 0 0 0 67108864 0 536870912 134217728 0 1048576 0 0 0 0 0 8192 0 1048576 0 0 2097152 0 0 65536 0 67108864 4098 0 16777216 0 0 0 0 16777216 262144 0 3076 1024 0 1048576 0 2147484672 0 0 0 16388 16 33554432 0 0 8 0 0 0 0 0 0 0 0 0 0 0 0 0 512 0 0 0 67108864 536871040 0 0 0 0 0 0 0 0 0 0 0 0 0 0 0 0 0 0 0 64 0 0 512 0 0 67108864 0 0 0 128 0 0 0 8388608 0 0 0 528 0 0 0 0 65536 0 0 0 0 0 0 0 0 0 0 0 0 0 0 0 0 0 0 0 0 536870912 0 0 0 0 0 0 8192 524288 0 0 0 0 0 0 0 0 0 0 0 0 0 0 0 0 0 0 0 0 0 8192 520 0 32832 128 0 4 0 0 0 8 0 128 16384 32768 1073741824 16384 0 512 128 16384 32768 8 0 0 33554432 0 1048576 0 0 0 131104 1049088 0 536875008 0 0 0 0 1 1 0 0 0 0 0 0 0 0 0 0 2 0 0 0 0 0 0 0 0 0 0 0 0 0 0 0 0 0 0 0 0 0 0 0 0 0 0 0 0 0 0 0 0 0 0 0 0 0 0 0 0 0 0 0 0 0 0 0 32768 0 0 0 0 0 0 0 0 0 16384 32768 0 0 0 0 0 0 0 0 0 0 0 4 0 0 0 0 65536 0 0 0 0 0 0 268435456 8192 0 0 0 0 0 0 0 4194304 0 0 0 0 0 0 0 0 0 0 0 0 0 0 0 0 0 0 0 0 0 0 0 0 0 0 0 0 0 0 0 0 0 0 0 0 0 16 0 0 0 0 0 0 0 0 0 0 0 0 4194304 4 0 0 0 0 0 0 0 0 0 0 0 0 0 4352 0 0 0 0 134218240 0 0 0 0 0 0 0 0 0 0 1048576 0 0 0 268435456 8192 0 0 8 64 0 0 0 0 1024 0 2048 4 0 65536 32768 2214592512 0 268436480 0 0 0 0 0 8388608 6291456 512 0 0 0 0 0 0 8388608 0 2048 2751463424 128 0 0 0 0 16777216 1048576 0 2097152 32768 0 0 256 0 0 0 0 0 0 8 0 0 0 0 0 0 0 0 0 0 2 0 0 0 0 0 0 0 2 0 32768 0 0 0 128 0 0 0 0 0 0 0 0 0 0 2097152 0 0 0 268435456 0 16384 4 0 0 8 2 0 0 0 0 0 0 0 262144 16 2052 8389632 33554432 1048576 0 0 0 0 0 4 0 0 268435456 0 0 0 0 0 0 0 0 0 0 0 0 0 0 0 0 8192 0 0 67108864 536870912 0 0 0 0 0 0 0 4 0 0 0 8 0 0 0 0 0 0 131072 4160 128 0 512 0 0 67108864 2147483648 0 0 128 0 0 0 1048576 64 4096 0 0 0 0 256 0 0 0 0 0 16384 2048 0 1 0 0 0 0 0 0 67108864 0 0 32 0 1024 8388608 0 0 2097152 0 1024 33554432 0 0 0 0 131072 0 0 67108864 0 0 524288 0 0 0 0 0 268435456 0 0 0 0 0 0 0 0 16384 263168 0 0 512 0 0 0 0 0 8192 0 0 0 16777216 0 0 0 16384 393216 0 0 24584 0 0 0 0 536870912 0 0 64 0 0 0 8192 0 0 268435456 167 0 0 0 0 16842752 0 0 0 0 0 4 4 0 134217728 1073774592 67108864 0 268435456 0 0 1024 0 0 0 2097152 0 128 0 0 16 1073741824 0 131072 524288 0 0 134217728 0 524288 0 32768 0 0 0 32772 2048 256 0 256 0 4096 0 1048576 0 0 8 0 0 0 0 0 0 0 8 0 0 0 0 0 0 0 33554432 0 0 0 8 0 0 0 0 4194304 0 0 0 0 0 0 0 0 0 0 16777216 0 0 0 0 0 1024 0 0 0 0 2052 0 0 134283264 1073741828 134217728 65536 0 0 0 0 0 2 0 0 0 0 0 0 0 0 0 0 0 0 2684354560 134217856 0 0 0 0 0 4096 0 0 557056 0 64 0 0 4096 0 1048576 0 32 0 0 0 0 132 0 0 0 4194304 0 0 2 8388608 0 0 0 134217728 0 0 2 0 0 0 0 0 16384 4 0 0 0 0 1048576 0 0 0 0 16777216 0 0 0 0 0 0 0 0 16385 0 0 0 16777216 0 0 0 0 16785409 0 0 2048 0 0 1048576 0 2147483648 0 0 0 16388 0 0 268435456 0 0 0 0 0 0 0 0 0 0 0 0 0 0 0 0 2048 0 0 0 0 0 0 0 0 4194304 4 2048 4 0 8192 0 0 0 16777216 0 0 0 33554432 0 64 128 16384 0 0 0 0 0 8196 0 64 524288 0 0 0 68 0 0 16 0 0 8192 0 0 0 0 0 0 0 0 0 0 0 0 0 0 0 0 0 0 0 0 0 1024 0 0 0 0 0 0 0 65536 0 0 0 0 0 0 0 0 0 0 0 0 0 0 0 0 0 0 0 0 0 0 0 0 0 0 0 0 0 0 0 0 0 0 0 0 0 0 0 0 0 33554432 0 4864 0 0 0 0 0 0 0 0 8192 0 0 0 0 1048576 0 4096 269 0 0 0 0 0 0 0 0 0 0 0 0 0 0 0 0 0 0 0 0 0 0 0 0 0 0 0 0 0 0 0 0 0 0 0 0 0 0 0 0 0 0 0 0 0 0 0 0 0 0 0 0 0 0 0 0 0 0 0 0 0 0 0 0 0 0 0 0 0 0 0 0 0 256 0 0 0 0 0 0 0 0 0 0 0 0 0 0 0 4096 0 0 16777224 0 0 0 0 0 1 0 2048 4 0 0 32768 2147483648 0 2097152 0 0 4 0 0 0 6291456 536870912 0 0 0 16 1073741824 0 0 524288 0 2751463424 0 0 67108865 0 8 0 0 0 268435460 2048 33554432 0 0 0 0 0 0 0 0 0 0 0 0 0 0 0 0 8192 0 0 2 0 0 0 0 0 0 0 2 0 32768 0 0 0 4194304 0 0 0 524288 0 0 0 0 0 0 0 0 268435456
is_linear=0
shrinkage=0.05


Tree=45
num_leaves=63
num_cat=13
split_feature=10 5 5 10 8 10 6 6 12 6 6 10 10 6 8 5 1 15 18 15 1 9 14 3 3 12 14 6 12 1 15 3 15 15 3 3 15 14 18 15 12 10 7 12 3 3 12 12 18 5 3 6 12 1 12 15 14 12 12 10 18 1
split_gain=58024.3 10897.3 10446.8 6509.07 3469.11 2853.13 2178.93 1643.47 1367.52 1186.72 1174.42 993.643 858.423 825.638 813.442 861.073 781.368 780.087 777.793 753.078 668.422 655.563 652.119 618.083 598.965 627.513 1137.39 592.898 570.051 565.675 565.003 534.186 589.085 506.733 474.71 440.968 428.288 427.333 498.551 410.996 380.45 376.606 362.315 436.615 501.112 361.171 354.103 1041.97 436.402 348.552 347.988 344.009 340.117 327.51 385.803 324.102 322.504 659.42 898.381 322.308 318.484 807.495
threshold=0.5892857313156129 1.0000000180025095e-35 2.5000000000000004 0.19642857462167743 1.5000000000000002 1.0000000180025095e-35 1.0000000180025095e-35 5.5000000000000009 1.8849999904632571 1.5000000000000002 1.0000000180025095e-35 1.0000000180025095e-35 0.053571430966258056 1.0000000180025095e-35 1.0000000180025095e-35 1.0000000180025095e-35 0 3.5000000000000004 10.500000000000002 4.5000000000000009 1 1.0000000180025095e-35 1.0059375762939455 2 3 1.8750000000000002 0.97833174467086803 8.5000000000000018 0.24000000208616259 4 4.5000000000000009 5 3.5000000000000004 1.0000000180025095e-35 6 7 3.5000000000000004 0.85924345254898082 11.500000000000002 3.5000000000000004 5.4900000095367441 0.30357143282890325 1.0000000180025095e-35 0.21500000357627871 8 9 5.3250000476837167 5.4500000476837167 9.5000000000000018 1.0000000180025095e-35 10 1.0000000180025095e-35 0.97500002384185802 11 0.95500001311302196 4.5000000000000009 1.1063045263290407 3.2749999761581425 3.4750000238418584 0.33928571641445165 4.5000000000000009 12
decision_type=2 2 2 2 2 2 2 2 2 2 2 2 2 2 2 2 1 2 2 2 1 2 2 1 1 2 2 2 2 1 2 1 2 2 1 1 2 2 2 2 2 2 2 2 1 1 2 2 2 2 1 2 2 1 2 2 2 2 2 2 2 1
left_child=1 3 4 6 10 -3 8 31 18 19 14 53 16 21 15 28 22 23 24 29 -14 -5 35 -6 -1 60 -27 36 -2 -7 37 -4 33 -33 -19 -10 -12 38 -9 59 46 -31 -16 44 -44 -32 56 -48 -49 51 -21 -25 -51 -8 -55 -15 -24 -58 -59 -23 -26 -62
right_child=2 5 7 13 17 9 11 30 12 -11 27 -13 20 55 42 -17 -18 34 -20 50 -22 39 40 49 25 26 -28 -29 -30 41 45 32 -34 -35 -36 -37 -38 -39 -40 -41 -42 -43 43 -45 -46 -47 47 48 -50 52 -52 -53 -54 54 -56 -57 57 58 -60 -61 61 -63
leaf_value=-0.021369516033860055 0.0075727386754314459 0.0071191519636579718 0.005747678687319892 -0.01960554090000953 0.0037264816180064444 -0.0073994608441915388 -0.015367921802055366 0.009445554457232077 0.0021500715109410325 0.0024263999513210021 -0.0031688588815370167 -0.015318697759477532 -0.015353923535276745 -0.0093281774252994276 -0.0066415253121950672 0.0067264193592589437 -0.034003085855019585 0.0011174047366011256 -0.033611303791491229 0.0007324561509930317 -0.024984482883740559 -0.01727526924183917 -0.030255833584865874 -0.0059708245389391195 0.0018748268544327689 0.28688017689428569 0.021231759319020434 0.016896568983433693 -0.02338370596990481 -0.019941861464105232 0.0056533038468497381 0.0047009575359658806 0.0044316415645629824 0.00015018987517713712 0.0051032457686691068 -0.021374087253024015 0.00034387906664401041 0.0053339190221112524 0.033136854999554002 -0.0089353153656463666 -0.041965576582018833 -0.010749457073980567 0.11021504838709434 -0.0031756037406909157 0.0095442710290792182 0.0090391323823289654 0.070938600573651908 -0.039734049375999975 0.07106906335396794 0.0055346684381584639 -0.0074257791274060618 -0.00075813926767295846 -0.00011565477534396416 0.05029446462445674 0.0065529749295631717 -0.0025973175231784563 -0.023658449186492916 0.21794546384265004 -0.038952123736437548 -0.011537658446545505 0.062744187506199922 -0.01550109841299077
leaf_weight=8474.3530765324831 1655.8809931278229 49294.490131467581 209713.79790252447 32536.897416144609 109475.13582497835 55402.109409511089 1531.2782619297504 31197.868425488472 2174.3101940602064 31397.37044891715 181404.32907217741 21976.021261513233 25138.275310069323 55302.92008665204 137006.16961851716 3623.287391513586 44149.723844304681 117846.38983547688 4338.1536700576544 25919.351002216339 64882.769886508584 41736.490999698639 18361.665883123875 47197.880613207817 6869.453167334199 49.827642321586609 210.58021508157253 4441.170093536377 14593.545515686274 20560.341289788485 110208.3044937253 82622.895608842373 295615.64853411913 235610.82801789045 204123.82555949688 24536.927814111114 166339.88649153709 590322.56560504436 2390.7784538269043 70516.668265551329 5731.0520760267973 24323.815283119678 167.14673966169357 133245.36525079608 433.68904936313629 277376.13232898712 354.76743799448013 900.92727133631706 98.587559804320335 31242.675446629524 26362.494606107473 96086.626360118389 180514.1603179574 551.79477858543396 5832.3172019720078 26432.947237581015 394.55676493048668 76.331529915332794 61.410584777593613 59186.626248240471 333.606125831604 8480.822153672576
leaf_count=24466 1334 33980 74108 76639 54259 87497 4433 2452 5955 31395 177032 57933 76631 102982 161865 3328 196248 58016 13543 42982 240940 107184 63465 34063 14451 50 504 2092 20726 52219 15559 33006 112463 91787 96589 77957 144029 83860 169 148106 24983 43453 89 149781 282 36460 315 1700 175 10463 45005 49587 94578 385 8664 45536 1245 62 223 116995 560 22797
internal_value=-0.000172838 -0.0125723 0.0027309 -0.016528 -0.000473929 -0.00356352 -0.0224987 0.00522727 -0.0242525 -0.00642599 -0.00319834 -0.00984761 -0.0258146 -0.0113975 -0.00555042 -0.0153145 -0.029082 0.00175313 -0.0141021 -0.00824775 -0.0222996 -0.0130989 -0.0249474 0.000442132 -0.0106361 -0.00491487 0.0720622 -0.00125673 -0.0202291 -0.0107841 0.00657745 0.00356898 0.00282452 0.0013317 0.00364456 -0.0194664 -0.00148858 0.00564605 0.0111319 -0.0118641 -0.0305924 -0.0149569 -0.00483402 -0.00298384 0.0395431 0.00807676 -0.0273733 -0.00267615 -0.0288049 -0.000570669 -0.00338252 -0.0024752 0.000717996 0.00534213 0.0103175 -0.00715145 -0.0291436 0.00922308 0.103411 -0.0139104 -0.00619609 -0.0124861
internal_weight=4.02894e+06 764482 3.26446e+06 531222 1.4294e+06 233260 245510 1.83506e+06 215618 183965 642910 29891.4 186861 285713 290725 19872.7 96840.3 786487 28756.8 152568 90021 203977 52690.5 464516 24418.6 15944.3 260.408 352185 16249.4 100286 1.0115e+06 823563 613849 318234 321970 26711.2 347744 623911 33588.6 171440 25979.3 44884.2 270852 133846 600.836 387584 20248.2 1354.28 999.515 355041 52281.8 143285 211757 7915.39 6384.11 81735.9 18894 532.299 137.742 100923 15683.9 8814.43
internal_count=3279635 1771658 1507977 1435127 1058113 336531 837685 449864 766270 302551 660558 71415 689899 597442 337405 25388 372328 397555 76371 271156 317571 448924 176080 242950 62828 38362 554 323153 22060 183169 138500 311364 237256 124793 154605 83912 321061 86481 2621 372285 92168 95672 312017 150152 371 52019 67185 2190 1875 188691 87987 83650 105041 13482 9049 148518 64995 1530 285 224179 37808 23357
cat_boundaries=0 1 2 3 4 5 6 7 8 9 10 11 12 13
cat_threshold=116 116 260 26 116 260 120 1 18 344 167 10 32
is_linear=0
shrinkage=0.05


Tree=46
num_leaves=63
num_cat=13
split_feature=10 5 6 10 8 10 6 11 5 12 8 3 19 10 10 15 8 8 15 18 1 19 5 14 3 15 1 3 12 3 2 10 3 15 15 3 19 10 19 19 8 12 18 15 6 17 17 1 17 14 12 1 14 17 12 12 1 14 17 1 12 14
split_gain=53054.1 9917.34 9305.12 6080.65 3171.1 2423.11 2097.36 1552.56 1294.91 1211.76 1157.38 995.597 991.873 899.839 864.319 863.282 850.878 836.177 799.356 748.872 745.6 720.057 658.08 630.551 611.276 605.088 592.926 717.948 582.235 571.942 561.533 527.978 505.281 501.019 496.305 478.588 467.05 437.249 427.86 426.745 418.822 417.353 649.579 395.342 393.757 393.713 693.105 779.489 545.433 533.807 692.683 690.413 660.22 486.49 684.306 1049.32 1024.06 457.013 390.202 386.222 383.629 382.366
threshold=0.5892857313156129 1.0000000180025095e-35 2.5000000000000004 0.19642857462167743 1.5000000000000002 1.0000000180025095e-35 1.0000000180025095e-35 3.7046195268630986 1.0000000180025095e-35 1.8849999904632571 1.0714285969734194 0 1.0000000180025095e-35 1.0000000180025095e-35 0.089285716414451613 4.5000000000000009 1.0000000180025095e-35 1.0000000180025095e-35 4.5000000000000009 10.500000000000002 1 1.0000000180025095e-35 1.0000000180025095e-35 1.0059375762939455 2 4.5000000000000009 3 4 0.21500000357627871 5 6 0.33928571641445165 7 1.0000000180025095e-35 3.5000000000000004 8 1.0000000180025095e-35 6.6250000000000009 1.0000000180025095e-35 1.0000000180025095e-35 2.2142857313156132 1.8750000000000002 1.5000000000000002 3.5000000000000004 1.0000000180025095e-35 15.500000000000002 9.5000000000000018 9 37.500000000000007 0.99516189098358165 1.3450000286102297 10 1.1063045263290407 39.500000000000007 1.185000002384186 1.2649999856948855 11 0.94964551925659191 46.500000000000007 12 5.4900000095367441 0.80868211388587963
decision_type=2 2 2 2 2 2 2 2 2 2 2 1 2 2 2 2 2 2 2 2 1 2 2 2 1 2 1 1 2 1 1 2 1 2 2 1 2 2 2 2 2 2 2 2 2 2 2 1 2 2 2 1 2 2 2 2 1 2 2 1 2 2
left_child=1 3 4 6 8 36 9 25 16 19 11 -7 22 -8 20 30 28 -10 31 35 23 29 -6 58 40 33 27 -14 37 -9 -13 -5 -27 -4 -24 -1 -3 -2 -18 -19 -23 45 -43 -31 -30 46 49 -48 -47 51 -51 57 -52 54 -50 -56 -57 -37 -11 -16 -25 -26
right_child=2 5 7 18 12 10 13 21 17 14 -12 15 26 -15 59 -17 38 39 -20 -21 -22 24 34 60 61 32 -28 -29 44 43 -32 -33 -34 -35 -36 41 -38 -39 -40 -41 -42 42 -44 -45 -46 48 47 -49 53 50 52 -53 -54 -55 55 56 -58 -59 -60 -61 -62 -63
leaf_value=-0.02016651329069297 0.0010130058519166813 0.0030126099260367727 0.005297867567718371 -0.015655096401329983 -0.0028666612070639631 0.0046727568047675678 0.0049710403779745574 0.0075357014907030664 0.011023072026652885 -0.0164032342446176 0.010957493242444362 -0.006564456391332448 0.0099055774680454761 -0.014596665972327193 -0.014601472103432973 -0.0033071212754117174 -0.0061382032507372765 -0.0026516555205493234 -0.0067446576148247591 -0.033378790139461399 -0.031560430266153267 0.027787258111263081 -0.00016842784605145626 -0.025853071011501333 0.020833694094245469 0.0021940124302671552 0.0012621395973698604 0.0033792739567791575 -0.021004954570751057 0.0029102115239347161 -0.014156983703094164 -0.010462268188202301 0.00645841207613945 0.0014010537077551405 0.0034766458755654296 -0.021368740413670706 0.013432903411933839 0.075499277269316212 -0.0018835734793663354 0.001131014157254935 0.0098413992555751433 0.20943247964230036 0.016658300889800044 0.0058350681526115238 -0.00073647205058876848 -0.020011699350287331 0.050784693527078054 -0.011049062069107753 -0.00013957872757674265 -0.037558876539286606 -0.028312449029477296 -0.018186426914057655 0.079508029988053064 -0.0089980200278534633 0.19666634281267226 0.21825382349643965 -0.034570121133261043 0.069167029462322269 -0.034981926276966092 -0.022932243521302506 -0.040270988401105885 0.0056752300577292691
leaf_weight=8397.1117224097252 705.18692499399185 33456.522032290697 105135.92671322823 83556.322111696005 119884.56800627708 16373.549053579569 8047.60085105896 200926.13969147205 13949.022669434547 26185.289988011122 9398.7359764873981 41213.71537977457 67139.342266082764 21764.912302613258 19894.563740640879 55999.357950240374 181964.61187440157 237296.40074232221 81461.201384931803 4202.0752711445093 58776.053832739592 3313.0773794651031 219945.52645206451 21294.137365594506 4261.3667684793472 103649.02109217644 119051.8713786602 113251.66071668267 15071.10912579298 236322.60206788778 59524.387863516808 118185.6615780592 210817.48763722181 382858.28167378902 162289.98846715689 182.17112348973751 15846.665841907263 273.41114282608032 87507.565699994564 108722.95241320133 174020.76012217999 55.200811147689819 209.73155602812767 226036.07950919867 2849.2286937236786 6982.0180997848511 1282.769386574626 841.36107534170151 498.02072885632515 1920.1110217571259 285.54682207107544 819.1513620018959 282.38966301083565 1578.4014392346144 141.06841427087784 41.20419254899025 176.76828891038895 593.53354898095131 3168.1058426499367 47566.090784534812 5889.7691640257835 175147.95456290245
leaf_count=24646 393 23214 44355 210685 79772 24530 13645 25550 9032 83040 7968 59760 27600 58091 60189 90167 213887 213316 160932 13551 265348 618 104098 71910 379 38320 60674 52729 21598 35477 119318 226113 76315 162301 69606 608 10718 50 101743 96665 17196 73 491 28715 2988 19020 1176 2621 1164 4017 890 2248 101 4207 64 48 609 1124 11128 171492 26402 24293
internal_value=-0.000148137 -0.0120854 0.00260998 -0.0158931 -0.000379262 -0.00347361 -0.0217294 0.00498811 -0.00297926 -0.0234814 -0.00613055 -0.00705831 0.00172373 -0.00931455 -0.0249764 -0.00828357 -0.00547583 -0.000979253 -0.010925 -0.0138898 -0.0276062 0.00628251 0.000365473 -0.0234857 0.00809393 0.00334277 0.00400132 0.0058087 -0.0157316 0.00530825 -0.0110507 -0.012613 0.00505313 0.0022406 0.0013792 -0.0105178 0.00636182 0.0218238 -0.00475657 -0.0014631 0.0101761 -0.00540268 0.0568244 0.00434001 -0.0177824 -0.00646127 0.0033152 0.0264796 -0.0129049 -0.00873609 -0.0232108 0.0138451 0.0252981 0.00746894 0.0377952 0.090414 0.0216491 0.0472954 -0.0184084 -0.020481 -0.0289769 0.00603494
internal_weight=4.02848e+06 756091 3.27239e+06 524278 1.4499e+06 231813 241075 1.82249e+06 648339 211263 182510 173111 801563 29812.5 182774 156737 288371 359968 283203 28488.6 115313 1.02003e+06 502120 56537.3 356743 802461 299443 180391 18898.9 663285 100738 201742 314467 487994 382236 24286.6 49303.2 978.598 269472 346019 177334 15889.4 264.932 462359 17920.3 15624.5 6207.03 2124.13 9417.48 4082.9 2488.05 1594.86 567.936 2435.46 857.062 359.041 217.972 775.705 29353.4 67460.7 27183.9 179409
internal_count=3278978 1771308 1507670 1435633 1054151 335675 837903 453519 659672 766167 301743 293775 394479 71736 689509 269245 340659 319013 597730 76658 457828 132228 253476 192480 42486 321291 141003 80329 25029 89742 179078 436798 114635 206656 173704 63107 33932 443 315630 309981 17814 38461 564 64192 24586 37897 12785 3797 25112 8988 5008 3980 991 6092 1885 721 657 1732 94168 231681 98312 24672
cat_boundaries=0 1 2 3 4 5 6 7 8 9 10 11 12 13
cat_threshold=4 116 772 96 772 132 4 840 26 96 65 48 116
is_linear=0
shrinkage=0.05


Tree=47
num_leaves=63
num_cat=41
split_feature=10 0 6 5 9 0 0 5 10 6 0 0 10 0 0 0 0 19 9 3 0 3 0 0 18 0 0 0 0 0 0 14 0 0 10 0 0 14 18 17 0 0 19 0 0 3 0 6 0 3 3 0 0 0 0 0 14 0 0 6 3 17
split_gain=48842.3 9727.21 8549.48 6912.18 3121.46 2748.7 2505.69 2184.42 2158.87 1943.75 1605.32 1591.03 1427.55 1393.06 1226.85 1104.04 1054.09 908.765 879.724 872.62 855.429 850.466 843.826 832.422 786.042 764.716 756.146 722.019 719.211 712.261 671.437 600.068 1793.81 728.605 683.182 592.991 584.918 583.537 718.436 587.458 813.528 563.499 548.484 548.253 535.951 512.972 515.627 503.665 503.651 481.098 479.171 1144.41 501.033 470.974 469.001 468.546 467.346 1022.56 464.708 443.003 436.079 433.078
threshold=0.5892857313156129 0 2.5000000000000004 1.0000000180025095e-35 0.43295724689960485 1 2 1.0000000180025095e-35 1.0000000180025095e-35 1.0000000180025095e-35 3 4 0.089285716414451613 5 6 7 8 1.0000000180025095e-35 1.0000000180025095e-35 9 10 11 12 13 10.500000000000002 14 15 16 17 18 19 1.0004345178604128 20 21 1.0000000180025095e-35 22 23 0.85924345254898082 11.500000000000002 33.500000000000007 24 25 1.0000000180025095e-35 26 27 28 29 1.0000000180025095e-35 30 31 32 33 34 35 36 37 0.99384957551956188 38 39 1.0000000180025095e-35 40 46.500000000000007
decision_type=2 9 2 2 2 9 9 2 2 2 9 9 2 9 9 9 9 2 2 1 9 1 9 9 2 9 9 9 9 9 9 2 9 9 2 9 9 2 2 2 9 9 2 9 9 1 9 2 9 1 1 9 9 9 9 9 2 9 9 2 1 2
left_child=1 12 5 4 6 42 24 10 48 14 59 37 -1 -10 31 -12 -6 19 35 36 -15 29 49 -11 56 -16 -20 -9 -18 -22 -23 32 -8 -34 -33 -17 -13 38 61 44 -41 -29 60 -26 -39 46 -30 -28 -5 -19 51 -27 -52 -21 -40 -47 57 -3 -44 -7 -2 -4
right_child=2 3 11 8 16 7 9 27 13 23 15 17 -14 20 25 18 28 22 26 53 21 30 -24 -25 43 50 47 41 45 -31 -32 34 33 -35 -36 -37 -38 39 54 40 -42 -43 58 -45 -46 55 -48 -49 -50 -51 52 -53 -54 -55 -56 -57 -58 -59 -60 -61 -62 -63
leaf_value=-0.034079852949400954 0.0061733876343133039 0.062561066622553382 0.010281175564889979 -0.026262711734154051 0.013965206906150635 -0.02331701365319061 0.23994140372616643 0.002910835369170332 0.011576793200674649 0.019308011206298437 0.0010802304552570375 0.0029054949969437149 -0.021565179473691649 -0.015913097578189338 -0.025037117786878754 -0.035851998178237025 -0.015939745324393875 0.014954423358329453 -0.0010083952968033389 0.0061167008218364592 0.016455610959834392 -0.016681975667651783 0.0036104974237544545 -0.010067613684007264 -0.052099003977156805 0.027552928568766701 -0.0090191570166923956 0.0011374656012580172 0.016784469403673171 -0.0018357448799209888 -0.005636138300166081 -0.045292471571738532 0.0076997123357037331 -0.028030371538108025 -0.022666496927588001 -0.010543800373286354 -0.0023959888872691236 0.0033967061773227101 0.043926453128465048 0.00093637382782431214 0.0059272214497715168 -0.0021815142099089204 0.010082999719484615 -0.0016719356910420168 0.0074106850665071351 -0.015955008104797306 -0.0049885390342397293 -0.0038078457021729693 0.007745138285753868 0.0069300703167207286 -0.0083845115334183536 -0.013642402781214072 -0.019436166630461698 0.0021590678247459206 0.0075302017128475165 -0.0080362743240158449 0.0012316943801224992 0.0020347483222955998 0.0038116774188230863 -0.0074106989773922482 0.00077164630869227722 -0.015254595957019815
leaf_weight=38883.864912971854 47102.565948337317 1064.4019945859909 50833.736514687538 1104.9998148083687 5043.0274019539356 13999.535022050142 54.832941472530365 163399.7393681109 11852.085777819157 2586.7542312145233 85011.987375319004 81729.497972846031 55046.479546964169 19786.35096898675 37573.649772927165 3705.4943849444389 32690.475786492229 28196.297588288784 86137.725255548954 117173.86381918192 6022.4386720061302 17095.475814163685 190441.70535737276 34110.157369494438 1049.1434270441532 1891.8283895850182 102837.12525388598 209891.73717945814 2861.9427405297756 45191.474394291639 70547.306845933199 9372.2752573341131 1610.9157814532518 12562.353196650743 5180.3354863524437 6217.3092625141144 143128.19387638569 100152.52962166071 2598.2550693750381 126244.18406671286 231227.4341095686 327298.14859804511 44750.698652356863 1110.3590130209923 491851.17501783371 24050.03832910955 51333.495822608471 84431.025393128395 47721.30541574955 55544.158797085285 11672.177951157093 14910.719458982348 87710.961868673563 209807.66343075037 1364.2755239009857 84147.74250549078 11289.24676668644 2004.8703563809395 87010.822672516108 6368.6317124068737 180587.94630628824 1716.4489176273346
leaf_count=183637 16165 619 4327 2362 6825 18795 68 82713 8182 3039 78532 28619 179657 45238 135963 6302 82252 5214 83374 32462 6053 35400 70401 73870 2959 3765 128141 127151 4474 68901 106121 43917 5175 48832 16483 8975 57651 23445 183 26446 31447 279708 15308 1817 73001 56635 101914 85400 28308 15420 25966 41872 267892 85010 136 166911 14606 2725 35249 6577 81583 152
internal_value=-0.000176264 -0.0116956 0.00245409 -0.00953789 -0.0131809 -0.000416163 -0.0170793 -0.00166724 -0.00229813 -0.0184938 -0.00467322 0.00472388 -0.026743 -0.00495282 -0.0206055 -0.00391719 -0.0085885 0.00309765 -0.00541664 0.00192869 -0.00618807 -0.00480126 0.0054505 -0.00799442 0.00170419 -0.0188272 -0.00488605 5.53073e-07 -0.00917177 0.000317998 -0.00779238 -0.030089 -0.0227979 -0.0239668 -0.0372382 -0.0200415 -0.000469004 0.00605909 0.0109952 0.00576536 0.00416485 -0.00088472 0.0033751 -0.0264197 0.0067318 -0.00780845 -0.00383587 -0.00666925 0.00697171 0.00963342 -0.016817 -0.00899052 -0.0181392 0.00357743 0.0315253 -0.00979775 0.00593518 0.0232353 0.00594269 -0.0183345 0.00188942 0.0094471
internal_weight=4.02989e+06 749133 3.28076e+06 655203 435882 1.44875e+06 235755 1.0893e+06 219321 219237 388709 1.83201e+06 93930.3 170495 182540 368341 200127 826021 283329 551839 158643 138857 274182 36696.9 16518 153759 273406 700590 195084 51213.9 87642.8 28780.7 14228.1 14173.3 14552.6 9922.8 224858 1.00599e+06 56512.7 949475 357472 537190 359452 2159.5 592004 162393 54195.4 187268 48826.3 83740.5 116186 16802.5 99383.1 326982 3962.53 108198 14358.5 3069.27 131762 20368.2 227691 52550.2
internal_count=3280325 1772438 1507887 1409144 1108579 1053973 689568 905668 300565 666842 416096 453914 363294 269895 589933 390724 419011 294777 312192 203742 261713 216475 91035 76909 22726 475458 296915 489572 412186 74954 141521 114475 54075 54007 60400 15277 86270 159137 4798 154339 57893 406859 148305 4776 96446 329934 106388 213541 30670 20634 339495 45637 293858 117472 319 223546 17950 3344 50557 25372 97748 4479
cat_boundaries=0 92 187 281 373 468 563 653 749 844 845 934 935 1029 1125 1212 1304 1400 1489 1585 1666 1727 1815 1910 1998 2093 2186 2265 2357 2358 2453 2544 2545 2546 2634 2729 2824 2903 2998 3087 3177 3178
cat_threshold=0 2148007936 65536 0 0 16778240 0 0 0 1024 0 0 0 16513 2 134250496 65536 0 0 0 0 0 0 8388608 0 0 0 0 0 0 0 0 0 0 67371008 0 136315008 0 2360320 0 0 0 536870912 0 524288 524288 16 8256 0 0 0 0 0 0 0 0 0 0 0 0 0 0 32 536870912 0 0 0 0 0 0 0 0 0 0 0 0 0 0 0 0 16384 0 0 0 0 0 0 0 0 0 0 16777216 16384 0 0 0 0 0 0 4194304 16384 0 4096 0 16777216 0 0 0 0 0 0 16 0 0 0 0 0 1024 0 1 0 16388 16 33554432 0 0 0 0 0 0 0 0 0 0 0 0 0 0 0 0 0 0 0 0 0 0 0 0 512 512 64 0 2048 4 0 0 0 0 0 16777344 16384 0 0 0 0 768 0 16384 0 0 512 0 1024 0 8192 0 0 0 0 1048576 64 4096 0 576 0 0 256 16384 0 0 0 0 0 0 4194304 16384 0 4096 0 0 0 0 0 0 0 262144 0 0 1024 0 1 0 0 0 1 0 65536 16 0 0 0 0 0 0 0 0 0 0 0 0 0 0 0 0 0 0 0 0 0 0 0 0 0 0 512 4194304 0 0 0 0 0 0 0 0 16777216 0 0 0 33554432 393216 4608 0 24576 0 0 512 0 2147484672 0 8192 268435520 0 0 131072 1048576 68 4096 0 0 0 268435456 0 4096 0 0 0 1024 524288 0 0 0 0 0 0 134234112 32770 134217728 65536 0 0 0 0 0 2 8388608 0 0 0 0 0 0 0 0 0 0 0 2147483648 134217856 0 0 0 0 0 1052672 0 0 524288 0 64 268435968 0 4096 0 1048576 2147483648 0 0 0 0 4194304 132 0 0 0 4194304 0 0 0 0 0 0 0 33554432 0 0 0 0 0 0 0 0 16384 4 0 0 0 0 1048576 0 0 0 0 16777216 16384 0 0 0 0 0 0 0 16384 0 0 0 16777216 0 0 0 0 0 0 0 2048 0 33554432 0 0 0 0 32769 0 0 16 0 268435456 0 0 0 0 0 0 0 0 0 0 0 268435456 0 256 0 0 0 0 0 0 0 1024 0 0 0 4194304 0 2048 0 0 0 0 0 0 0 0 0 0 0 131072 4416 130 0 0 0 134218240 0 0 8196 0 128 0 0 0 0 4 1048576 0 576 2097152 0 8193 16384 0 0 0 0 0 0 0 0 0 4096 0 16777216 0 0 0 0 0 0 0 2048 1024 33554432 1048576 0 2147483648 0 0 0 0 0 0 0 0 0 0 0 0 0 0 0 0 0 0 0 0 0 0 0 0 0 0 0 0 1056 8192 512 0 0 128 2048 0 0 0 0 0 0 128 0 0 0 0 0 320 128 0 0 0 671089152 67108864 1024 0 8192 192 0 0 0 545259520 0 524288 0 64 2097152 0 8192 0 0 8 0 0 268435456 5 0 1024 2050 0 0 0 65536 0 0 0 2097152 0 0 0 0 0 0 0 1024 0 0 0 16 0 0 268443648 0 0 0 0 0 0 0 0 0 4096 0 0 0 0 0 0 262144 0 64 0 0 0 8192 268435456 8192 0 4 67584 0 0 0 0 0 4096 0 0 0 0 0 8 0 128 0 0 0 0 0 0 8192 0 128 524288 0 0 8720 0 524288 0 0 0 0 0 268713984 4 0 1 67108864 0 0 0 0 0 0 0 16777216 262144 0 0 8913920 33554432 0 0 0 0 33587200 0 0 0 0 0 0 8 0 0 0 0 0 0 0 0 0 0 0 0 0 0 262144 0 0 0 0 2048 0 0 8192 0 0 0 0 0 0 0 8 0 0 0 0 0 0 131080 0 0 0 33280 0 134217728 0 2181038080 134217728 2048 192 0 0 0 8192 0 0 0 0 0 0 0 1 0 0 0 0 0 0 0 4259840 16384 0 4096 0 0 0 0 0 0 8192 0 0 0 8388608 0 1048576 0 0 0 32768 0 65536 0 0 0 0 0 0 0 0 0 0 0 0 0 0 0 0 0 0 0 2048 0 0 0 0 1024 0 512 0 0 128 2048 4 0 0 0 8 0 0 0 32768 0 33554432 0 768 0 16384 0 0 0 67108864 1024 8196 8192 268435456 0 0 32 0 0 536875008 0 16 0 0 256 856 0 1052673 0 64 0 294912 0 0 1026 0 0 0 0 65536 32772 2147483648 0 1024 0 0 0 0 0 0 2097152 512 0 0 0 0 1073741824 0 8 0 268435456 2684354560 0 0 1 0 8 16777216 1048576 524288 2228224 32768 0 0 0 0 0 0 0 0 0 8 0 0 0 0 0 0 0 0 0 0 0 0 0 0 0 0 0 0 0 0 0 0 0 0 128 0 0 0 0 0 1048576 0 512 39 0 0 0 0 0 0 0 0 0 0 0 0 0 0 0 0 0 2097152 0 0 0 0 0 0 0 0 0 0 0 0 0 0 0 524288 0 0 0 67108864 524288 0 0 0 0 0 0 0 0 0 0 0 0 0 0 0 0 8192 520 0 536903744 132 65600 4 0 0 0 16777224 0 128 16384 32768 1073741824 134217728 0 512 0 16384 32768 8 0 0 0 0 0 268435456 0 0 32 1049088 0 4096 0 0 0 268435456 0 0 0 0 0 0 0 65536 0 0 0 0 16777216 0 0 0 0 0 32 0 2048 0 0 1048576 0 2147484672 0 32768 0 16384 0 0 0 0 0 0 0 0 0 0 0 0 0 0 0 0 0 0 0 0 0 0 0 0 32 0 0 0 64 132 0 4 0 0 0 16777216 2 0 16384 32768 0 0 8 320 0 2147483648 0 0 134217728 67108864 0 4 0 0 0 0 65536 536870912 0 524288 268435456 16 2097152 0 0 1 0 0 0 0 16779264 294912 0 134217728 0 8 2048 0 0 0 32772 2147483648 0 0 0 0 1024 0 2 0 2097152 0 0 0 0 0 0 0 0 0 268435456 2147483648 0 67108864 67108864 0 0 0 1048576 0 2097152 32768 256 0 0 0 0 0 0 536870912 8192 2 0 0 536870912 0 0 0 0 4194304 0 8 0 128 0 0 0 16384 0 0 0 0 0 8 67108864 0 0 0 0 0 0 0 1048576 0 0 16777216 268435456 2097152 0 0 65536 0 0 2 262144 0 0 0 0 0 8192 0 0 0 0 0 1048577 0 536870912 0 0 0 65536 0 0 268566528 0 0 0 0 0 0 0 0 0 0 0 268435456 0 0 0 4096 10240 0 0 0 536870912 262144 8 8 0 536870912 0 0 0 0 0 0 0 0 0 0 0 0 0 0 0 0 2147483648 2147483648 0 0 67108864 0 0 0 0 0 0 131104 536871424 0 536870912 268435456 16 0 0 65536 0 0 0 0 0 0 0 0 0 0 0 0 0 0 0 0 0 2048 0 2 0 0 2147483648 0 0 0 0 0 0 8192 0 262144 0 0 0 67108864 0 0 0 0 0 0 0 0 0 0 0 0 0 0 128 32 8192 0 0 4194304 132 0 0 0 0 0 0 0 0 0 32768 0 33554432 262144 4160 128 0 0 0 134217728 0 0 8196 0 0 524288 0 131072 536870912 4 537919488 0 16 0 268435456 8192 1 0 4097 16777224 64 0 294912 524288 134217728 1024 0 0 4 0 0 4 0 0 1024 0 0 0 0 0 0 2097152 512 0 0 0 0 0 0 0 0 268435456 2147483648 0 67108864 67108864 0 0 0 1052672 524288 2129920 32768 256 0 0 0 0 0 0 0 0 8 0 0 0 0 0 0 0 0 0 0 0 0 0 0 0 0 0 0 0 0 0 0 0 0 4194432 0 0 0 0 0 1048576 1048576 512 0 0 0 0 64 268435456 0 4194304 0 8 0 0 0 142606336 0 0 0 16777216 32 16 0 8912896 2 0 0 1024 0 0 0 16384 0 0 8192 268959744 0 0 0 0 0 0 0 0 0 0 0 0 0 0 512 2048 0 0 0 0 8192 0 0 512 0 0 64 0 0 4194304 0 0 0 16777216 0 0 0 33554432 8 0 0 0 0 0 0 0 0 0 0 0 0 0 32 0 4 536870912 0 16 0 0 1 1 0 0 8 0 16777216 0 0 1207959552 16385 0 0 4 0 0 0 0 0 270532608 0 0 0 0 0 0 0 0 0 0 0 0 0 0 8388608 0 2048 67108864 0 67108864 67633152 0 0 0 4096 0 32772 2048 264 4 0 0 0 0 0 128 0 0 268435456 0 0 0 0 0 0 8200 0 0 0 8388608 0 0 0 33554432 0 0 2 8 32768 0 0 0 536870912 0 0 0 0 0 0 0 0 0 0 0 0 0 0 0 0 0 0 0 0 0 0 0 0 0 0 0 0 0 0 0 0 0 0 0 0 0 0 0 0 0 0 0 0 0 0 0 0 0 0 0 0 0 0 0 0 0 0 0 0 2048 0 0 0 0 0 0 0 0 0 0 0 0 0 0 0 0 0 0 0 0 0 0 0 0 0 0 0 0 0 0 0 0 268443648 0 0 0 0 0 0 0 0 0 0 0 0 0 0 0 0 0 0 64 0 0 0 0 0 8192 0 0 0 0 0 0 0 0 0 0 0 0 0 0 8 0 128 0 0 0 0 0 0 8192 0 0 524288 0 0 512 0 0 0 0 0 0 0 0 0 10 0 0 0 0 0 0 0 0 0 0 2048 0 0 1048576 0 2147483648 0 0 0 0 0 0 268443648 268435456 2048 0 0 0 0 0 0 0 0 0 0 0 0 0 0 0 0 0 0 0 8224 8194 8 0 536870912 32768 0 0 0 0 0 16777216 0 0 0 32768 0 8192 0 4160 128 0 0 0 0 0 0 8192 0 268435456 524288 0 0 16 4 8192 0 16 0 0 8193 0 1048576 16777216 0 64 16384 0 65536 0 67108864 4098 0 0 0 0 0 0 8192 0 16 1028 8389632 0 1048576 0 2147484672 0 33554432 0 81924 0 33554432 8192 268435456 8 0 0 0 0 0 0 0 0 0 0 0 0 0 0 0 0 0 0 536871040 0 0 0 0 0 0 0 0 0 0 0 8 0 0 0 0 0 0 0 0 0 0 0 0 0 0 1024 0 0 268435456 0 0 0 536879104 0 0 0 0 0 0 0 0 0 0 0 0 16777216 0 0 0 0 0 0 0 0 0 33554432 0 0 0 0 0 0 0 16 0 0 0 0 0 0 0 0 0 0 0 0 0 0 0 0 0 0 0 0 0 0 0 0 0 0 0 0 0 0 0 0 0 0 0 0 0 0 0 0 0 131072 4160 128 0 0 0 134218240 0 0 8192 0 0 0 0 0 0 4 0 0 0 2097152 0 8193 0 0 0 0 0 0 0 65536 0 67108872 2 0 0 0 0 0 0 16777217 0 0 0 1024 33554432 1048576 0 0 0 32768 0 65536 0 0 0 0 2048 0 0 0 0 0 0 0 0 0 0 0 0 0 0 10240 0 0 0 2684354560 0 0 0 8192 536903680 0 0 0 0 8192 0 16777216 0 0 0 0 0 0 131072 0 0 2147483648 512 0 536870912 67108864 2147483648 0 0 268435584 0 0 32 8192 0 0 0 0 2097152 0 0 0 0 0 0 0 0 16384 0 4096 0 0 0 0 0 0 0 0 0 0 0 0 0 0 0 0 0 0 0 0 0 0 0 0 0 0 0 0 0 0 0 0 0 0 0 0 0 0 0 0 0 0 0 0 0 0 0 4194304 0 0 0 0 0 0 0 0 0 0 0 0 33554432 0 0 0 0 0 0 512 0 0 0 0 0 0 0 0 16384 0 0 0 0 0 0 0 0 0 0 0 2048 0 0 0 0 0 0 32768 0 0 0 0 0 0 0 0 0 0 0 0 0 0 0 0 268435456 0 0 0 0 0 0 0 0 0 1024 0 0 0 0 0 0 0 0 0 0 0 0 0 0 0 0 0 0 0 2 0 0 0 512 0 0 4 0 0 0 0 0 0 0 1048576 0 512 39 0 0 0 0 0 268435456 4 0 0 0 8388608 0 0 0 0 0 0 1 32 0 0 0 0 0 0 2147483648 1024 0 0 0 0 33554432 268443648 0 0 0 0 0 0 0 0 0 0 0 0 0 0 0 0 0 0 0 0 0 8224 2 0 8192 536903680 0 0 0 0 0 0 0 0 16777216 0 0 0 0 131080 4096 128 8192 0 0 536871424 0 2147483648 0 0 64 0 0 0 545267712 0 0 0 0 0 268435456 8193 0 0 0 0 0 262144 0 134217728 1024 0 0 4 0 134283264 1073741824 2147483648 0 1 0 0 1024 0 0 0 2097152 536870912 128 0 0 0 0 0 0 0 0 2684354560 0 0 524288 0 0 0 1048576 524288 2097152 34816 0 0 0 262144 0 0 1048576 0 0 0 268435968 0 0 0 0 0 0 8 0 0 4096 0 0 0 0 0 0 0 0 0 0 0 0 0 536871040 0 1048576 0 0 0 1048576 0 0 0 268435456 768 5 0 0 16777216 0 2097152 0 0 65536 0 0 0 0 0 0 0 0 0 0 32 0 2048 0 33554432 0 0 2147483648 0 0 0 16388 0 33554432 131072 0 0 0 33554432 0 0 1048576 0 0 0 0 131072 0 0 4 0 2048 0 0 0 128 3072 0 0 0 32768 32768 0 0 0 8192 0 0 0 0 0 0 0 134217728 0 256 0 2147483648 2147483648 0 536870912 67108864 536870912 0 2048 0 0 0 0 545259520 0 0 0 268435456 0 16384 2048 0 0 67108864 0 0 0 8388608 0 67108864 0 1 0 0 4 0 33554432 0 0 0 1152 32768 0 0 0 0 0 0 8 0 33554432 0 0 0 0 0 0 0 0 0 0 0 4096 0 0 0 0 16384 32 0 512 0 0 0 0 4096 0 0 0 0 0 8388608 16384 0 0 8192 0 64 0 0 2147483648 0 134217728 0 33554432 134217728 0 0 0 0 65536 0 0 536870912 0 2097152 2097152 0 1 0 0 0 0 2097152 0 0 4194304 0 0 4098 0 0 0 0 0 0 16777216 0 0 0 524288 0 0 0 2684354560 0 0 0 0 0 33554432 0 0 8 0 0 0 0 0 0 0 0 0 0 16 33554432 0 268436224 8192 0 64 0 0 0 0 0 0 0 128 0 4 0 4194304 0 0 0 0 0 0 0 33554432 0 0 0 0 0 0 67108864 67108864 2147483648 0 8192 64 524288 0 0 8388608 64 4096 0 16 0 0 256 0 0 0 0 0 0 0 0 0 0 0 0 0 0 0 0 0 0 0 0 0 0 0 0 0 0 0 0 0 0 0 0 0 0 0 0 0 0 0 0 0 0 0 0 0 0 0 0 0 0 0 0 0 0 0 0 0 0 0 0 0 0 0 0 0 0 0 0 0 0 0 0 0 0 0 0 0 0 512 1 0 0 0 0 0 0 0 2 0 2052 0 0 65536 0 2147483648 0 0 0 0 0 0 0 0 0 0 0 0 0 16 1073741824 0 8 0 2048 603979776 0 0 524288 0 8 16777216 0 0 131076 2048 33554432 0 512 0 4096 0 1048576 128 0 0 0 0 0 0 0 0 0 8200 0 0 4096 0 0 0 0 0 0 0 2 8 32768 0 0 0 536870912 0 0 0 0 0 0 536870912 0 0 0 0 0 0 1 0 0 0 0 0 0 0 0 0 0 4096 0 0 0 0 0 0 0 0 0 0 0 0 0 0 0 0 0 0 0 0 0 0 0 0 0 0 0 0 0 0 0 0 0 0 0 0 0 0 0 0 0 0 0 0 0 0 0 4194304 0 0 0 0 0 0 0 0 0 0 0 0 0 0 0 0 0 0 0 512 0 0 0 0 0 0 0 0 0 4 0 0 0 0 0 0 0 0 0 0 0 0 0 0 0 0 0 0 0 0 0 0 0 0 0 0 0 0 0 0 0 0 0 0 0 0 0 0 0 0 0 0 0 0 0 0 0 0 0 0 0 0 0 0 0 0 512 0 64 0 0 4 0 0 0 0 0 16777344 16384 0 0 0 0 768 0 0 0 0 0 0 0 0 0 0 0 0 0 1048576 0 4096 5
is_linear=0
shrinkage=0.05


Tree=48
num_leaves=63
num_cat=13
split_feature=11 5 10 5 6 6 10 8 6 12 8 19 11 10 10 17 7 5 12 5 15 3 15 12 8 10 10 19 3 2 3 15 3 2 10 3 11 12 7 17 4 17 2 12 12 17 10 3 19 12 17 15 19 12 10 3 2 2 17 11 12 17
split_gain=44233.8 8332.46 7367.04 6435.31 2447.4 1948.12 1817.76 1394.79 1226.09 1117.07 1208.26 963.748 936.345 850.453 777.102 773.164 673.388 643.45 611.222 591.583 577.304 549.487 526.573 522.808 627.718 518.435 514.813 500.566 620.628 607.572 499.649 494.096 492.349 491.644 463.106 455.439 449.949 427.261 402.526 397.016 393.07 367.247 731.083 548.882 1008.69 428.983 441.07 429.003 419.895 381.095 648.29 356.507 346.156 342.708 541.508 337.839 328.068 327.557 319.254 440.965 317.251 365.326
threshold=0.97725361585617077 1.0000000180025095e-35 0.23214285820722583 2.5000000000000004 1.0000000180025095e-35 1.0000000180025095e-35 1.0000000180025095e-35 0.6428571641445161 6.5000000000000009 1.8849999904632571 1.0000000180025095e-35 1.0000000180025095e-35 0.56283390522003185 0.37500000000000006 1.0000000180025095e-35 15.500000000000002 2.5000000000000004 1.0000000180025095e-35 0.85499998927116405 1.0000000180025095e-35 3.5000000000000004 0 4.5000000000000009 0.24000000208616259 1.0000000180025095e-35 13.089285373687746 61.875000000000007 1.0000000180025095e-35 1 2 3 4.5000000000000009 4 5 7.4821429252624521 6 16.665846824646 0.85499998927116405 2.5000000000000004 48.500000000000007 7 9.5000000000000018 8 1.3450000286102297 0.55500000715255748 3.5000000000000004 1.0000000180025095e-35 9 1.0000000180025095e-35 0.97500002384185802 13.500000000000002 3.5000000000000004 1.0000000180025095e-35 3.554999947547913 0.053571430966258056 10 11 12 2.5000000000000004 2.7370424270629887 1.7749999761581423 38.500000000000007
decision_type=2 2 2 2 2 2 2 2 2 2 2 2 2 2 2 2 2 2 2 2 2 1 2 2 2 2 2 2 1 1 1 2 1 1 2 1 2 2 2 2 1 2 1 2 2 2 2 1 2 2 2 2 2 2 2 1 1 1 2 2 2 2
left_child=1 2 5 4 7 9 52 17 27 15 32 16 21 -4 -7 41 37 23 25 34 -14 -8 -10 36 58 -9 35 30 -29 40 -5 -15 -11 -12 -20 57 -2 -6 -32 -36 -30 43 49 44 45 -1 47 -47 -45 50 -43 -35 55 -34 -55 -3 -50 -13 59 -25 -17 -62
right_child=3 6 13 8 11 14 12 18 22 10 33 26 20 31 -16 60 -18 -19 19 -21 -22 -23 -24 24 -26 -27 -28 28 29 -31 38 -33 53 51 39 -37 -38 -39 -40 -41 -42 42 -44 48 -46 46 -48 -49 56 -51 -52 -53 -54 54 -56 -57 -58 -59 -60 -61 61 -63
leaf_value=-0.027422130695400712 0.00027460157190979391 0.0087152063843703945 -0.012005750935269047 0.0055992389892142351 0.0042051564385056084 0.0047968238625419038 0.0040366843067741768 0.0023510721769797339 0.0048440585654672512 -0.018473072274924167 -0.0089040459348216396 0.0086214519572685843 -0.0061541261082284186 -0.0080493522350796234 -0.012909170594099673 -0.019445983046540896 0.0023939541563623755 -0.0024429490749282913 -0.0043085447931805482 -0.00036264845342994293 -0.00067766935169696679 -0.012098586656062876 0.0072874433442232491 -0.00070518039926030832 -0.009471819703308678 0.027702036703438605 0.066040352409384509 0.00086118100744406341 0.01151277172264507 0.0025200508663421983 7.7671563561798271e-05 -0.0025391660062545041 -0.023476865642879985 -0.022988526662335695 -0.022090189905085954 0.0022959070532845927 0.069137124307078857 -0.0016767444792537005 0.0029522562808219233 0.035124182070435599 0.006171782293067027 0.032850912855666867 -0.014993337499140487 -0.0062410592674083916 -0.031354830908749298 -0.0023341494375025864 -0.014116891075575944 0.097263687239656657 0.055709107661265592 0.018910712265345631 0.15599709803979361 -0.014881260431318034 0.011338430079496163 -0.032843187037050997 -0.023643776875308869 -0.0015167661611676592 -0.01548963202491231 0.0025740475644157584 -0.022064356665967368 0.13569522819053767 -0.011481969611677651 0.061156093158735353
leaf_weight=284.75780498981476 4493.6437422633171 13142.825823694468 107486.38885456324 98280.80525842309 34124.281028240919 7990.6734887957573 5839.6520798504353 45046.36988684535 575129.12852835655 19872.625570654869 13292.322521537542 62440.030943900347 96292.172171056271 144283.59877058864 27605.939749017358 19101.02417217195 220776.36684578657 25567.237831354141 142303.26695603132 143555.14372366667 96196.447867691517 54744.002445816994 357609.53888583183 378.73511323332787 34456.183733701706 2111.236835360527 330.87458181381226 77084.860354423523 48924.919390261173 83510.134403079748 216276.88003265858 56659.931228548288 41003.337831526995 32490.467817515135 5366.7132761478424 204204.47301438451 250.43234062194824 324177.29118689895 278731.51421010494 321.36220461130142 116419.42249161005 364.43733620643616 1424.9317816197872 1210.4629554152489 3368.0926251709461 159.17071235179901 225.26267550885677 374.24306127429008 685.20437823235989 1448.5566854923964 151.21824479103088 23273.034997805953 16104.765664696693 41235.845345005393 26134.973487183452 20862.692019701004 211.80508308112621 34911.549676418304 17526.042430758476 70.242876589298248 507.76072670519352 262.63022784888744
leaf_count=640 4822 8771 255501 33127 14581 13577 9771 23643 71905 75962 39081 30878 136569 246831 73379 57074 97612 27568 143233 109724 121770 117566 43444 650 48710 305 23 27681 13566 29810 101510 86890 146864 119658 1822 117510 44 237912 84456 98 35507 273 4671 3577 8272 312 543 510 1225 2177 77 84074 10806 186549 100793 14440 763 19949 28368 52 1252 616
internal_value=-0.000148481 -0.0101001 -0.0136566 0.00260979 -8.32314e-05 -0.0198101 -0.00340073 -0.00321692 0.00450368 -0.0215149 -0.0228774 0.0014159 -0.0051235 -0.00841589 -0.00893456 -0.0124883 0.000221842 -0.00903659 -0.00179523 -0.00264947 -0.00341726 -0.0105446 0.00578085 -0.0119851 -0.0134233 0.00348603 0.00370634 0.00320775 0.00478193 0.00599614 0.00234294 -0.00649565 -0.0257486 -0.0175452 -0.00486775 0.00363795 0.00390975 -0.00111656 0.00169627 -0.0188577 0.00775217 -0.00107885 0.0122717 -0.00801961 -0.0180474 0.0249075 0.0445487 0.0693233 0.0129714 0.032051 0.0689641 -0.0196049 0.00529978 -0.0270785 -0.0292745 0.00243992 0.0388974 0.00645211 -0.0209978 0.0206347 -0.0181772 0.0132807
internal_weight=4.02867e+06 874291 571109 3.15438e+06 1.30241e+06 262679 303183 421447 1.85197e+06 227082 197303 880965 253072 308430 35596.6 29779.6 579078 82742.5 338704 291546 192489 60583.7 932739 57175.3 52431.2 47157.6 301887 919229 325939 248854 593289 200944 128247 69055.8 147991 301556 4744.08 358302 495008 5688.08 165344 9908.14 3389.14 6519 4411.53 1043.43 758.676 533.414 2107.47 1964.21 515.656 55763.5 50110.3 108374 67370.8 34005.5 897.009 97351.6 17975 448.978 19871.4 770.391
internal_count=3279344 1930834 1511141 1348510 907504 921919 419693 389039 441006 834963 752981 518465 385676 589222 86956 81982 350105 110214 278825 254877 258339 127337 115349 82646 77780 23948 168360 325657 106564 78883 219093 333721 510168 242813 145153 168337 4866 252493 185966 1920 49073 23040 7198 15842 10277 2005 1365 822 5565 2527 350 203732 34017 434206 287342 23211 1988 50827 29070 702 58942 1868
cat_boundaries=0 1 2 3 4 5 6 7 8 9 10 11 12 13
cat_threshold=4 138 4 4 5 4 772 4 4 84 135 4 4
is_linear=0
shrinkage=0.05


Tree=49
num_leaves=63
num_cat=41
split_feature=11 0 5 5 8 6 0 6 11 0 5 0 0 0 11 0 0 0 0 0 3 0 0 0 15 19 19 3 0 0 0 0 0 11 14 0 3 0 0 0 8 17 0 0 15 15 0 0 0 8 0 0 0 15 0 0 0 0 3 0 0 17
split_gain=40405.1 9569.88 6337.84 5237.09 3904.42 2481.19 2111.31 1823.13 1724.64 1714.73 1772.54 2055.98 1429.01 1377.83 1234.53 1145.37 1135.11 916.432 811.257 809.536 783.238 842.262 711.549 711.301 665.574 637.839 628.437 662.619 610.702 598.285 596.792 582.297 575.854 564.86 675.856 2140.04 542.705 542.133 525.263 508.688 489.217 465.449 541.629 458.694 456.696 505.416 440.856 436.14 432.998 421.231 417.103 412.631 409.774 408.455 393.857 386.761 381.303 375.429 375.164 374.309 372.292 365.51
threshold=0.95639032125473034 0 3.5000000000000004 1.0000000180025095e-35 0.21428572386503222 1.0000000180025095e-35 1 1.0000000180025095e-35 1.0000000180025095e-35 2 1.0000000180025095e-35 3 4 5 0.22562374919652942 6 7 8 9 10 11 12 13 14 4.5000000000000009 1.0000000180025095e-35 1.0000000180025095e-35 15 16 17 18 19 20 1.0000000180025095e-35 0.99999997019767772 21 22 23 24 25 3.0714285373687749 11.500000000000002 26 27 3.5000000000000004 1.0000000180025095e-35 28 29 30 0.6428571641445161 31 32 33 3.5000000000000004 34 35 36 37 38 39 40 21.500000000000004
decision_type=2 9 2 2 2 2 9 2 2 9 2 9 9 9 2 9 9 9 9 9 1 9 9 9 2 2 2 1 9 9 9 9 9 2 2 9 1 9 9 9 2 2 9 9 2 2 9 9 9 2 9 9 9 2 9 9 9 9 1 9 9 2
left_child=1 14 5 4 6 9 61 13 46 -2 11 -11 36 33 -1 26 -13 -10 -6 -9 21 -19 -15 -20 30 29 37 -28 -18 -14 -22 -29 -27 34 35 47 57 -4 -25 -24 -33 42 -37 -31 45 -17 -5 -8 -34 56 -16 -45 -12 -40 -43 -21 -30 -7 -39 -48 -46 -3
right_child=2 3 15 8 18 12 7 19 17 10 52 16 25 22 50 44 28 20 23 55 24 -23 39 38 -26 32 27 31 49 43 -32 40 48 -35 -36 41 -38 58 53 -41 -42 54 -44 51 60 -47 59 -49 -50 -51 -52 -53 -54 -55 -56 -57 -58 -59 -60 -61 -62 -63
leaf_value=-0.035260364141433846 0.0035559280949985402 0.012698384634544636 0.002989054056932935 -0.026296426522011297 -0.014670869296162157 0.012321824566506734 0.19199514699450559 0.019989380835405621 -0.014374448589485438 -0.023555009566963037 0.0038942463280586116 -0.017598117084394443 0.0019990050729045347 -0.023882661479415663 -0.029289461490720495 0.004942377004359285 -0.012595217020306027 0.034389212531016927 -0.011450050938424307 -0.019589276752643422 -0.014738889333766172 0.0022646501383404819 -0.020705916183633044 0.010275986539326844 -0.00049096994897139404 0.0065319012104447767 0.0022569022376223344 0.0060443465329862974 -0.017466345384589934 0.00045357998260471153 -0.0051439738967777975 0.023283803774549177 -0.01442261578880754 -0.021803179789230621 -0.042936952472928419 0.046779512795231105 0.0031317563248774842 0.0087751047338397933 -0.0071561032378943124 -0.013282676931673197 0.010045044314104837 -0.015533833894048761 -0.023779366313470093 -0.00096685455976660997 0.0062557658709477635 0.00051229022651122166 0.021313423359733137 0.05594341885933958 0.0013564503719826334 -0.0018569510639730035 -0.01958990847060782 -0.0052248155742852746 -0.0019266214608920512 -0.0022114025684782288 -0.047870687387088502 -0.0063246492904574974 -0.005261355014132117 0.0050660093914583022 0.0050893497792834606 0.0052234834382353223 0.0029975423173446481 -0.0038508468965497561
leaf_weight=24559.760499492288 86641.784708499908 5552.7958103865385 235325.30137330294 1034.6607463955879 30789.613127037883 29741.999569833279 101.7595527023077 2562.4709095358849 21246.291318356991 18139.260001659393 37466.11270993948 18641.214714318514 144638.54778182507 32889.617288902402 14797.224903732538 88957.946584761143 20750.162190258503 2312.8397034108639 47447.31394957006 6977.1865214556456 19274.413370341063 16819.722931355238 32976.664647683501 5767.5393178761005 67995.808844655752 61629.920031696558 49066.192944943905 123448.88264876604 8357.1924565136433 140284.48135137558 101898.55699434876 7346.9454618096352 4436.1307963728905 14109.129954904318 10618.298341631889 383.40466532111168 263293.82099020481 95071.562158346176 98307.057900369167 77796.586567431688 139057.99829792976 1479.0395313948393 871.3710221350193 109477.05548804998 147747.70116865635 233044.27536827326 3931.7281631529331 189.23254227638245 196614.12553063035 107617.20008349419 45731.922311306 118497.50405576825 156478.09069317579 72612.525571539998 2750.6105760484934 25936.873090714216 27360.455149650574 44621.928966760635 252811.19660174847 44030.683203965425 215799.93485301733 8359.0468373000622
leaf_count=124519 50375 6355 40486 2204 78580 7167 176 2827 47497 23142 23785 25304 78769 124263 63017 27484 25512 1575 103649 19272 38277 21541 115921 8031 89605 33413 8819 14341 12423 83703 143908 1878 4774 49364 53473 1311 103272 9186 182212 220423 13439 6619 4065 70748 34946 72547 3489 650 122686 105066 157028 104181 130614 124668 13083 53768 39350 15020 30478 25206 66894 13038
internal_value=-0.000165348 -0.00990456 0.00241182 -0.0081172 -0.0112904 0.000185394 -0.0161135 -0.0173648 -0.0026667 -0.00281363 -0.00421142 -0.00750353 0.00148241 -0.01947 -0.0258025 0.00464808 -0.00590849 -0.0044844 -0.00706072 -0.00703442 -0.00347478 0.00616396 -0.0174162 -0.00601438 -0.00444992 0.000300368 0.00581881 0.00760346 -0.00457947 -0.000725778 -0.00667183 0.0085752 0.00230399 -0.0291279 -0.0354497 -0.0216841 0.00419735 0.004843 -0.00455413 -0.0154942 0.0107087 -0.0287269 -0.00203635 -0.00179598 0.00310737 0.00173617 0.00584906 0.108319 0.00100759 -0.00341826 -0.0219692 -0.00318021 -0.000802046 -0.00505513 -0.0367129 -0.00914161 -0.00812343 0.00796925 0.00609684 0.00654663 0.00432196 0.00275266
internal_weight=4.02448e+06 842112 3.18236e+06 757023 478478 1.59469e+06 223554 209642 278545 481451 394810 200865 1.11324e+06 174166 85088.9 1.58768e+06 182726 229548 254924 35476.5 208301 19132.6 143663 224134 189169 775578 902128 318920 164085 512898 121173 269854 262680 30502.8 16393.7 5775.42 337658 583208 176687 110773 146405 5484.43 1254.78 368259 685550 322002 48997.1 290.992 201050 143335 60529.1 227975 193944 170920 4229.65 32914.1 35717.6 74363.9 347883 47962.4 363548 13911.8
internal_count=3279416 1899614 1379802 1555050 1181748 1059304 684608 665215 373302 435571 385196 230797 623733 589348 344564 320498 207655 342403 497140 75867 294906 23116 460607 418560 271790 498274 118627 38477 182351 337401 182185 29658 160873 128741 79377 25904 125459 80150 314911 336344 15317 25078 5376 258632 201871 100031 30899 826 127460 156839 220045 174929 154399 306880 19702 73040 51773 22187 39664 28695 101840 19393
cat_boundaries=0 92 186 281 373 468 558 653 748 837 926 1022 1023 1119 1215 1310 1311 1405 1500 1595 1687 1783 1871 1872 1967 2059 2149 2239 2335 2426 2499 2591 2638 2732 2827 2912 3002 3094 3184 3185 3273 3368
cat_threshold=0 2148007936 0 0 0 16811008 0 0 0 1024 0 0 0 16513 2 134250496 65536 0 0 0 0 0 0 8388608 0 0 0 0 0 0 0 0 0 0 67371008 0 136315008 0 2360321 0 0 0 536870912 0 2097152 524288 16 8256 0 0 0 0 0 0 0 0 0 0 0 0 0 0 32 0 0 0 0 0 0 0 0 0 0 0 0 0 0 0 0 0 16384 0 0 0 0 0 0 0 0 0 0 16777216 16384 0 0 0 0 0 0 4194304 16384 0 0 0 0 0 0 0 0 0 262144 0 0 1024 0 1 0 0 0 32769 0 65536 16 0 0 0 0 0 0 0 0 0 0 0 0 0 0 0 0 0 0 0 0 0 0 0 0 0 512 512 0 0 0 0 0 0 0 0 0 16777216 0 0 0 33554432 262144 4608 0 24576 0 0 512 0 2181039104 4 8192 268435456 0 0 131072 1048576 68 0 0 0 2097152 268435456 16384 4096 0 0 0 262144 4 4194304 0 67108864 4096 0 0 0 0 0 0 0 0 16 0 8913920 33554432 0 0 1024 1024 0 0 0 16 0 0 0 8 0 0 0 0 0 0 0 0 0 0 0 0 0 0 0 0 0 0 0 0 0 512 8192 0 0 65536 4 0 0 0 0 0 128 0 0 0 0 0 256 0 8192 512 0 134217728 0 1024 0 8192 0 0 0 0 1048576 0 4096 268435456 512 0 0 256 0 0 0 0 0 1024 0 0 0 0 0 0 0 16384 6 134217728 65536 0 0 0 2048 0 2 8388608 0 2147483648 0 0 0 0 0 0 0 0 262144 0 136314880 0 0 0 0 0 537919488 0 32768 0 0 64 512 0 4096 0 1048576 2147483648 32 0 0 0 4194304 132 2048 0 0 4194304 0 0 0 0 0 0 0 0 0 0 0 0 0 0 512 0 16384 4 0 0 524288 0 0 0 0 0 0 16777216 16384 0 0 0 0 0 0 4194304 16384 0 4096 0 16777216 0 0 0 0 16777216 0 16 0 0 0 0 0 0 0 0 0 81920 0 33554432 0 0 0 0 0 0 0 0 0 0 0 0 0 0 0 0 0 0 0 0 0 0 32 0 0 0 4194304 0 2048 4 0 0 0 0 0 128 16384 0 0 0 0 832 128 16384 0 0 512 0 0 0 0 0 0 0 0 1056768 68 1052672 0 592 0 0 8192 0 0 65544 0 0 268435456 4 0 1024 2048 0 0 0 65536 32768 0 0 2097152 0 0 1024 0 0 0 0 1024 0 0 0 16 0 0 268443648 0 0 0 0 0 0 0 0 0 4096 0 0 0 0 0 0 262144 0 64 0 0 0 0 268435456 8192 536870912 4 67584 0 0 536870912 0 0 4096 128 0 0 0 0 8 0 128 0 0 0 0 0 0 0 0 0 524288 0 0 528 0 524288 0 0 0 0 0 0 0 0 0 0 0 0 0 8388608 0 0 0 0 32 0 4 0 33554434 1048576 0 0 0 0 0 0 16 0 268435456 524288 0 0 0 0 0 1048576 0 0 0 0 0 0 0 0 0 0 0 0 0 0 1024 0 0 0 4194304 4 2048 0 0 0 0 0 0 0 0 0 0 33554432 0 4352 0 0 0 0 512 0 0 8196 8192 268435456 524288 0 0 1048576 4 536870912 0 80 2097152 268435456 8193 0 0 0 0 0 0 0 134217728 0 0 4 0 0 134283264 1073774592 2147483648 0 0 0 0 0 0 0 0 0 512 0 0 0 0 0 0 8 268959744 0 0 128 0 262144 0 32768 0 4096 0 0 32768 33554432 8192 268435456 0 0 0 0 0 8192 0 16 0 0 0 0 0 0 0 0 0 0 0 0 32768 0 33554432 0 4608 130 0 0 0 0 0 128 8192 0 0 0 0 0 16 0 0 0 0 0 0 8193 0 1052672 8 64 0 262144 0 1073741824 17410 0 0 0 0 65536 1073774592 2147483648 0 1024 0 0 0 0 0 0 2097152 512 0 0 0 0 1073741824 0 8 0 268435456 2684354560 0 0 0 0 8 16777216 1048576 524288 655360 32768 0 0 0 0 0 0 0 0 0 0 0 0 0 0 0 0 0 8192 0 0 0 0 0 0 0 0 0 0 0 0 0 0 0 0 128 0 0 0 0 0 1048576 0 512 0 1052673 16842752 64 0 262144 524288 134217728 1026 0 0 0 0 0 4 0 0 1024 0 0 0 0 0 0 0 512 0 0 0 0 0 0 0 0 268435456 2147483648 0 67108864 67633152 0 0 0 1052672 524288 655360 32768 256 0 0 0 0 0 0 0 0 0 0 0 0 0 0 0 0 536870912 0 0 2 0 0 0 0 0 0 0 0 0 0 0 0 0 128 0 0 0 0 0 1048576 1048576 512 0 0 0 0 0 0 0 65536 0 0 4096 0 0 0 0 0 0 0 32 0 2048 0 0 1048576 0 2147484672 0 0 0 16388 0 33554432 8192 0 0 0 0 0 0 0 0 0 0 0 0 0 0 0 0 264192 0 0 0 0 32 0 0 8192 541065216 132 0 4 0 0 0 16777216 0 0 0 32768 0 0 0 320 0 2147483648 0 0 0 67108864 0 0 0 0 0 0 32 8192 0 524288 0 16 0 0 8192 1 4 0 0 0 0 64 268435456 0 0 0 8 0 0 0 0 0 0 0 0 0 0 2048 0 0 1048576 0 2147483648 0 0 0 65536 0 0 0 524288 0 0 0 0 0 1048576 0 0 0 0 268435456 0 0 0 0 0 0 4 0 2147483648 270368 0 0 512 0 128 0 0 0 4194304 0 16777216 0 0 0 0 0 0 0 64 130 8192 0 0 671088640 67108864 0 4 0 268435456 0 0 65536 8388608 0 536870912 0 0 0 0 0 1 0 0 0 0 16779264 262144 1 134283264 0 10 2048 0 0 0 4 2147483648 0 0 0 0 0 0 0 0 0 0 0 0 0 0 0 0 0 524288 268435456 0 0 67108864 0 0 0 0 1048576 0 557056 32768 256 0 256 0 0 0 0 536870912 8192 8192 0 0 0 0 0 0 0 4194304 0 0 0 0 0 0 0 0 0 0 0 0 0 8 67108864 0 0 8192 0 128 0 0 1048576 8192 512 0 0 0 0 0 0 1 0 0 8 0 0 0 0 0 0 0 2048 4 0 134283264 1073741824 2147483648 0 2097152 0 0 0 0 0 0 2097152 0 0 0 0 0 1073741824 0 8 524288 2048 603979776 0 0 0 1048576 32768 0 0 0 32772 0 0 0 268435456 0 0 0 1048576 0 0 8 512 0 0 0 65536 0 0 4194312 0 0 4096 8388608 0 0 0 0 262144 0 2 0 0 0 0 0 4194304 0 0 0 0 0 0 0 0 0 0 0 0 0 8192 138 0 1 0 0 0 0 16 0 0 2058 8388608 0 0 0 0 0 0 0 0 0 0 0 0 32 2097152 0 0 0 0 0 0 0 0 0 2048 0 0 0 0 0 0 0 0 0 2097152 526352 256 0 0 0 0 0 0 0 0 2 0 0 0 32768 0 4096 0 0 0 16777216 4098 8388608 16384 0 0 8192 0 64 0 0 0 0 0 0 4194304 0 0 268435456 0 0 1048576 0 516 524288 0 64 0 268435456 0 0 0 0 0 16384 0 0 2 67108864 0 262144 0 0 0 0 0 8193 262144 0 2048 1024 2 1048576 0 2147484672 1024 1 0 4 16 0 268435456 268435456 8 0 0 0 0 0 0 0 0 0 0 0 0 0 0 8192 0 0 67108864 536870912 0 0 0 0 0 0 0 0 0 8192 0 0 0 0 0 0 0 0 0 0 0 0 512 0 0 67108864 0 4 8192 64 0 0 0 545259520 0 0 0 0 0 0 256 0 1 0 0 0 0 524288 134217728 1 0 4 4 0 0 4 0 0 270532608 0 0 1024 0 0 0 0 0 0 0 0 16 0 0 8388608 0 0 67108864 33554432 67108864 0 1048576 0 0 4096 0 268468228 2048 33554688 0 0 0 0 0 0 0 0 8 268435456 0 0 0 0 0 0 536870920 0 0 0 8388608 0 0 0 0 0 0 2 0 0 0 0 0 536870912 0 0 0 0 0 0 0 64 0 0 0 0 0 1 0 0 0 0 0 0 0 0 0 0 0 0 0 0 0 0 0 0 32 0 4 0 33554434 1048576 0 0 0 0 0 0 16 0 268435456 0 0 0 0 0 0 0 0 0 0 0 0 0 0 0 0 0 0 0 0 0 1024 0 0 0 0 0 0 0 0 0 0 0 0 0 0 0 0 0 0 4096 0 0 0 0 512 0 0 0 8192 0 0 0 0 0 4 0 0 80 0 0 0 0 0 0 0 0 0 0 0 0 0 0 0 0 0 0 0 0 0 0 0 0 0 4096 0 0 0 0 0 0 0 0 0 0 0 0 0 0 0 0 0 0 0 0 0 0 268435456 0 0 0 0 0 0 8192 8389128 8704 536903744 132 0 0 0 0 0 16777224 0 16777216 0 32768 1073741824 134217728 262152 0 0 2147483648 32768 8 0 0 33554432 0 0 128 0 0 0 512 0 536870912 0 0 2097152 0 257 1 0 0 0 0 0 0 0 0 0 0 0 0 0 0 0 0 0 0 0 0 0 0 0 0 0 0 0 0 0 0 0 0 268443648 0 0 0 0 0 0 0 0 0 0 0 0 0 0 0 0 0 0 0 0 0 0 0 0 0 0 0 2048 0 0 0 0 0 0 0 0 0 0 0 8 0 0 0 0 0 0 0 0 0 0 0 0 0 0 512 5 0 0 0 0 0 0 0 0 0 0 0 0 0 0 0 0 0 0 0 0 0 0 0 1048576 0 0 0 0 0 0 0 0 0 0 0 0 0 0 0 1048576 0 0 0 0 0 0 0 0 0 0 0 0 0 0 0 0 0 0 4194304 4 2048 0 0 0 0 0 0 0 0 0 0 0 0 0 0 0 0 0 0 0 0 4 8192 268435456 0 0 0 1048576 0 536870912 0 0 2097152 268435456 8193 16384 0 0 0 0 0 0 4259840 16384 0 0 0 16777216 0 0 0 0 8193 0 0 2048 1024 0 0 0 0 0 0 0 65536 0 0 0 0 0 0 0 0 0 0 0 0 0 0 0 0 0 0 0 0 0 0 0 0 0 0 8 8192 536870976 0 0 4 0 0 0 16777224 0 0 0 0 0 33554432 131072 320 0 16384 0 0 134217728 67108864 1024 4 0 268435456 0 0 131072 8192 64 536870912 0 16 0 1052673 0 0 0 0 0 0 0 0 4100 4 0 0 1073741824 0 0 1024 0 0 0 0 2 0 2097152 536870912 0 0 0 0 0 0 0 0 2048 2684354560 0 0 67633152 0 0 16777216 0 524288 131072 0 8 0 268435968 0 0 0 0 2147483776 0 2 8388608 0 0 0 0 0 0 0 0 8 0 0 0 0 0 16384 0 0 0 0 512 0 0 0 4194304 0 0 1048576 0 0 0 0 0 1048576 0 0 0 0 0 0 0 0 0 0 0 0 0 0 0 0 0 0 0 0 0 0 0 0 0 0 0 0 0 0 0 0 0 0 0 0 0 0 0 0 0 0 0 0 0 0 0 0 0 0 0 0 0 0 0 0 0 8192 536870912 0 0 0 0 0 0 0 0 0 0 0 0 0 0 0 128 0 0 0 0 0 0 0 0 0 524288 0 0 16 0 524288 0 0 0 0 2097152 268435456 20 65536 1 0 2 0 0 0 0 0 0 0 32 0 0 8912896 33554432 1 0 0 0 33587200 0 0 0 0 8192 0 0 0 0 0 0 0 0 0 0 0 268435456 0 0 0 512 2048 0 0 0 0 1024 0 512 0 0 0 0 0 0 4194304 0 8 0 0 0 0 0 0 131072 4096 0 0 0 0 0 0 2147484672 8192 0 268435584 0 0 131072 0 0 0 268435456 0 0 0 0 1 16384 1048576 0 64 0 262144 0 134217728 1026 0 0 0 0 134283264 1073741824 2147483648 0 1 0 0 0 0 0 0 2097152 0 128 0 0 16 1073741824 0 0 0 0 2684354560 0 0 0 0 0 16777216 1048576 524288 524288 2048 0 0 256 262144 0 0 0 0 0 0 268435456 0 0 0 0 0 0 8 0 0 0 0 0 0 0 0 0 0 0 0 32768 8 0 0 0 0 1048576 0 0 0 1048576 0 0 0 268435456 0 0 0 0 0 0 0 0 0 0 0 0 0 0 0 0 0 0 0 0 0 0 0 0 0 0 0 0 0 0 0 0 0 0 0 0 0 0 0 0 0 0 0 0 0 0 0 0 0 0 0 0 0 0 0 0 0 0 0 0 2048 0 0 0 0 0 0 0 0 0 0 0 8 0 0 16777216 0 0 0 0 1207959552 0 0 2052 4 0 134283264 32768 2147483648 0 268435456 0 0 1024 0 0 8388608 2097152 0 0 0 0 0 0 0 0 0 0 2684354560 134217728 0 0 0 0 16777216 4096 0 0 2048 33554432 0 0 0 4096 0 67108864 0 0 8 0 0 0 0 0 0 0 8192 0 0 0 0 0 0 0 33562624 0 0 0 8 0 0 0 0 16512 0 0 0 0 0 1048576 0 0 0 0 16777216 0 524288 0 0 0 0 0 0 0 0 0 0 0 1 2 32768 0 0 0 0 0 0 0 0 0 0 0 0 0 0 0 0 0 0 67108864 0 0 0 2359296 0 0 0 536870912 0 0 0 16 0 0 0 268435456 0 0 0 0 0 2058 0 0 0 0 0 134217728 0 0 0 0 4 0 0 0 0 0 0 0 0 0 0 0 0 0 0 0 0 0 0 1048576 8 0 0 0 0 0 0 0 4096 262144 0 0 0 16384 10240 8 0 8704 64 32896 0 0 0 0 0 16777216 0 16777216 0 0 0 33554432 262152 0 0 2147483648 0 0 671088640 0 0 0 2048 0 524288 0 32 0 0 0 0 0 2097152 268435456 0 0 0 0 0 0 16 0 16384 0 0 0 16777216 0 0 0 0 0 0 0 2048 0 0 1048576 0 2147483648 0 0 0 0 0 0 8192 0 0 0 0 0 0 0 0 16777216 0 0 0 0 0 0 0 0 0 0 0 2684354560 32 8192 268435464 0 4227072 132 0 0 0 0 0 0 0 16777216 16384 32768 0 33554432 262144 576 0 0 0 0 512 0 0 0 0 0 0 0 0 0 512 1048576 0 80 0 268435456 8192 0 0 65544 0 0 268435456 0 0 0 0 0 0 0 65536 0 0 0 0 0 0 0 0 0 0 0 0 0 0 0 0 0 0 0 0 0 0 0 0 0 0 0 0 4096 0 0 0 0 0 0 0 0 64 0 0 0 0 268435456 8192 0 4 65536 0 0 536870912 0 0 0 0 0 0 0 0 0 0 0 0 0 0 0 0 0 0 0 0 524288 0 4097 65544 64 0 262144 524288 134217728 1024 0 0 0 0 65536 4 2214592512 0 1024 0 0 0 0 0 0 2097152 512 0 0 0 0 1073741824 0 0 0 268435456 2684354560 0 0 0 0 0 16777216 1048576 524288 688128 32768 0 0 0 0 0 0 0 0 0 0 0 0 0 0 0 0 0 536870912 0 0 0 0 0 0 0 0 0 0 0 0 0 0 0 0 128 0 0 0 0 0 1048576 0 512 4096 0 0 536870912 0 0 268435456 0 0 2 0 0 0 16777216 0 0 0 0 16777216 0 0 0 0 0 1048576 0 4096 0 0 0 16388 0 0 276832256 0 0 0 0 67108864 0 0 0 0 0 0 0 0 0 4 0 10240 0 0 67108864 536871040 0 8192 8 0 32768 0 64 0 0 0 0 0 0 0 0 0 0 134217728 8 0 0 0 0 0 536870912 67108864 0 0 0 1048576 0 0 65536 0 0 537919488 0 16 16384 0 0 0 0 0 0 4194304 16384 0 4096 0 0 0 0 0 0 16777216 0 0 0 0 0 0 0 0 0 0 0 65536 0 0 0 0 0 0 0 0 0 0 0 0 0 0 0 0 0 0 0 0 0 0 0 0 0 0 0 0 0 0 0 0 0 0 0 0 0 0 0 0 0 0 0 256 0 0 0 0 512 0 0 0 0 0 0 0 0 8192 4 4096 132 0 0 536870912 0 65600 0 4 4194304 0 8 6 0 0 0 0 0 0 16777216 0 16 4 524288 0 1 0 0 0 0 0 4 0 33554432 268435456 0 0 0 0 0 0 0 32768 0 0 0 0 16 0 4 0 8192 0 0 0 128 262144 8192 8 0 0 0 2048 0 0 0 0 0 0 0 0 0 0 0 8 0 0 2147483648 512 0 0 0 0 0 2048 0 0 0 65536 8208 16384 0 0 0 65536 0 0 65536 0 67108864 4098 0 0 0 0 0 0 0 0 16 2048 1024 0 0 0 2147483648 0 32769 0 20 0 0 131072 0 0 67108864 0 0 0 0 0 0 0 0 268435460 0 8 0 268435456 0 0 0 0 0 0 0 0 0 0 32896 0 0 0 0 0 16777216 0 0 0 0 0 0 0 0 128 0 0 0 0 67108864 2147483648 0 1048576 128 0 0 0 8192 0 1048576 0 512 0 0 256
is_linear=0
shrinkage=0.05


Tree=50
num_leaves=63
num_cat=39
split_feature=10 0 7 0 6 0 0 9 0 6 10 3 0 0 10 0 15 0 3 3 19 0 0 19 0 14 10 0 0 0 14 18 0 0 0 0 0 3 0 0 6 19 0 14 0 19 3 0 0 3 14 3 0 0 0 18 6 18 0 3 0 18
split_gain=36802.6 8369.21 5920.66 4460.8 3401.54 2402.86 2247.88 1708.72 1491.62 1452.05 1151.34 1128.61 1065.44 1055.46 902.511 843.173 816.234 804.616 751.141 721.727 686.016 739.855 638.233 624.154 618.768 606.798 607.656 598.026 575.199 562.008 543.199 534.688 1058.88 721.293 531.332 504.108 503.354 500.708 524.847 499.422 488.255 474.138 516.903 466.875 733.357 590.745 464.48 460.391 452.389 443.795 441.84 493.526 501.206 483.003 438.613 438.545 989.446 636.068 437.39 417.825 397.509 527.677
threshold=0.62500000000000011 0 3.5000000000000004 1 1.5000000000000002 2 3 1.0000000180025095e-35 4 1.0000000180025095e-35 0.089285716414451613 5 6 7 0.16071429103612903 8 3.5000000000000004 9 10 11 1.0000000180025095e-35 12 13 1.0000000180025095e-35 14 0.96103128790855419 1.0000000180025095e-35 15 16 17 1.0285248756408694 10.500000000000002 18 19 20 21 22 23 24 25 3.5000000000000004 1.0000000180025095e-35 26 0.99344387650489818 27 1.0000000180025095e-35 28 29 30 31 0.98452463746070873 32 33 34 35 9.5000000000000018 6.5000000000000009 11.500000000000002 36 37 38 9.5000000000000018
decision_type=2 9 2 9 2 9 9 2 9 2 2 1 9 9 2 9 2 9 1 1 2 9 9 2 9 2 2 9 9 9 2 2 9 9 9 9 9 1 9 9 2 2 9 2 9 2 1 9 9 1 2 1 9 9 9 2 2 2 9 1 9 2
left_child=1 10 5 14 6 11 37 8 25 15 -1 13 46 55 -3 -7 18 30 23 28 27 59 -21 -4 -6 -8 -27 -11 -14 -17 34 33 -33 50 -10 -20 -32 38 -5 -25 -26 54 -43 44 45 -13 -9 -34 -29 -47 53 60 -53 -19 -31 56 -2 -57 -18 -22 61 -52
right_child=2 3 16 4 24 9 7 12 17 20 -12 43 19 -15 -16 29 58 31 35 22 21 -23 -24 39 40 26 -28 48 -30 41 36 32 47 -35 -36 -37 -38 -39 -40 -41 -42 42 -44 -45 -46 49 -48 -49 -50 -51 51 52 -54 -55 -56 57 -58 -59 -60 -61 -62 -63
leaf_value=-0.032058281974504756 0.066756095182509911 -0.023558856485883187 0.0031722763448597522 0.038845567096459456 -0.010173895590312216 -0.014870114825664383 -0.0047372127300878558 -0.0070210707882137693 0.019001422465064671 0.0018966134267960795 -0.020074226944267293 0.0062262183453012576 0.014030411191971102 0.0068456639041655932 -0.014019363901266294 -0.0097769103580117728 0.0070703917900693915 0.039143828925051805 0.003458681383028326 -0.011884701096783846 0.015416363917783924 0.00088571245083361196 -0.0048601921776971237 0.011982867875854798 0.0010739029486068277 -0.034306759637621309 -0.017911743644705592 0.00046076767329686824 -0.0022405164041816661 -0.0090777959791419113 -0.048962093314552341 0.00086164231947083317 -0.0429027293016917 -0.013855521066504221 -0.0026308437453046434 -0.00033791576334271536 -0.0088524627914754444 0.0014999644934802138 0.0070428912077311369 0.0055121426211819724 0.0092973904125819729 0.005901952845397942 -0.0017263210634151224 0.00077074344988378924 0.0021174926657477064 0.028740186878280477 -0.014549645523510816 -0.021847389570983148 -0.0029610552940936077 0.0083208205554801806 0.020757749430216375 -0.032126033519907317 -0.0061092973797731457 0.0015956458281737901 -0.0028896506192968262 -0.026069139429695073 0.019095529043068847 0.03596231332570396 0.0046354231187716146 0.0050522561362586847 0.0036584141953234471 0.14095362963729738
leaf_weight=34289.260206267238 1657.453130364418 40187.346261113882 261693.25952011347 1928.5656863749027 8373.8686306774616 15493.319458127022 3474.6712624281645 33661.383605033159 3694.9864290803671 153082.15478235483 48234.749023020267 22260.60272526741 5925.6489828079939 81400.279871225357 64727.739777043462 28206.446566700935 290930.91451215744 1120.0976238399744 172180.80862426758 46437.53440707922 12219.192843139172 215029.36151981354 106638.18415859342 39987.264869689941 48596.746055334806 12957.662912726402 10023.50594972074 149446.94754871726 63969.320140659809 33279.405592650175 939.58854714035988 3993.0584437400103 3958.5247605293989 64433.000401616096 12133.261936813593 177628.67173454165 4529.311279296875 28589.994375213981 3967.7526926696301 117557.03494685888 28715.469090163708 28987.429120391607 94827.707101583481 233717.4216067791 82083.320457547903 6500.6305037736893 52623.980906814337 7823.1558384597301 273104.60065707564 4547.3705789446831 299.98904724419117 2352.5583961158991 8629.689597800374 3554.890628606081 205183.2030711174 809.13381266593933 3174.9251780509949 844.65435212850571 504510.47973784804 47700.874113976955 2048.0582856088877 131.26827609539032
leaf_count=174888 271 159939 51853 1092 13552 20625 10333 71783 3898 81004 166538 5585 8196 24303 164578 33196 40645 1384 29921 102413 5729 144248 192150 7421 59291 59771 29868 86427 116226 37209 2227 10036 14360 188879 21668 58675 6994 32573 3827 20950 13883 25205 90430 100028 31238 1117 129460 22895 215399 1316 609 6677 19992 6662 194358 226 171 95 123120 25720 4491 50
internal_value=-0.00012925 -0.0100141 0.00218556 -0.00818993 -0.00646117 0.000136934 -0.00806897 -0.00900099 -0.0134574 -0.000973731 -0.0250506 0.00333054 -0.00689599 0.00839467 -0.0176717 -0.00343397 0.0044032 -0.0110785 0.0032417 -0.00506955 0.000200515 0.00225511 -0.00699181 0.00466906 0.00272939 -0.0242023 -0.0271559 -0.000780854 -0.000859268 -0.00297976 -0.00226332 -0.0129871 -0.0214232 -0.011377 0.00242939 0.00153086 -0.0158492 0.00423867 0.0174931 0.00715563 0.00412775 -0.00245029 5.99372e-05 0.00205547 0.00465777 0.0109139 -0.0116138 -0.0289522 -0.00175085 0.0203691 -0.00256238 -0.00716284 -0.0117066 0.0106791 -0.00375376 0.027794 0.0354426 0.00561275 0.00552615 0.00716798 0.012959 0.056044
internal_weight=4.02101e+06 762965 3.25804e+06 680441 575526 1.69356e+06 489840 455353 146097 1.25656e+06 82524 436996 309256 87886.4 104915 405978 1.56449e+06 119641 769047 222971 850583 274949 153076 419238 85686.1 26455.8 22981.2 575634 69895 390484 21297.1 98344.3 15774.7 82569.6 15828.2 349809 5468.9 34486.3 5896.32 157544 77312.2 362278 123815 349109 115392 33308.6 86285.4 11781.7 422552 11048 18136.6 13461.6 10982.2 4674.99 238463 6486.17 4832.38 1653.79 795441 59920.1 2479.32 431.257
internal_count=3277668 1821183 1456485 1479757 1155240 1123900 1068514 1031022 410794 959550 341426 164350 620228 25066 324517 401023 332585 310822 168820 418985 558527 175697 294563 80224 86726 99972 89639 382830 124422 380398 34787 276035 47291 228744 25566 88596 9221 37492 4919 28371 73174 347202 115635 139284 39256 8018 201243 37255 301826 2433 39865 31819 26669 8046 231567 763 442 321 163765 31449 5150 659
cat_boundaries=0 92 181 276 371 461 462 552 631 723 817 818 819 915 1010 1102 1194 1290 1380 1472 1568 1662 1757 1849 1850 1945 2041 2136 2230 2231 2327 2422 2423 2424 2520 2616 2711 2803 2804 2899
cat_threshold=0 2148007936 0 0 0 16778240 0 0 0 1024 0 0 0 16513 6 134250496 65536 0 0 0 0 0 0 8388608 0 0 0 0 0 0 0 0 0 0 335806464 0 136314880 0 2360321 0 0 0 536870912 0 0 524288 16 8256 0 0 0 0 0 0 0 0 0 0 0 0 0 0 32 536870912 0 0 0 0 0 0 0 0 0 0 0 0 0 0 0 0 16384 0 0 0 0 0 0 0 0 0 0 16777216 0 4096 65544 64 0 294912 524288 134217728 1024 0 0 0 0 65536 32768 2147483648 0 2098176 0 0 0 0 0 0 0 512 0 0 0 0 0 0 0 0 0 2147483648 128 67108864 0 0 0 0 1052672 524288 2785280 32768 256 0 0 0 0 0 0 0 0 0 268435456 0 0 0 0 0 0 0 0 0 4096 0 0 0 0 0 0 0 0 0 0 0 0 0 128 0 0 0 0 0 1048576 0 512 16384 0 0 0 0 262144 0 4194304 16384 0 4096 0 16777216 0 0 0 0 0 0 16 2048 0 0 0 0 0 0 32769 0 65536 16 0 0 0 0 0 0 0 0 0 0 0 0 0 131072 0 0 0 0 0 0 0 0 536870912 0 0 512 0 4194304 0 0 0 0 0 0 0 0 128 0 0 0 0 0 320 0 0 0 0 134218240 0 1024 0 8192 0 0 0 0 1048576 4 1052672 0 576 2097152 268435456 256 16384 0 0 0 0 0 0 4259840 0 0 0 0 0 0 0 0 0 0 262144 0 0 1024 0 0 0 0 0 32768 0 81920 16 0 0 0 0 0 0 0 0 0 0 0 0 0 0 0 0 0 0 0 0 0 0 0 0 0 8 0 0 128 0 0 0 0 0 0 0 16777216 0 0 0 33554432 393216 4864 0 16384 0 0 512 0 2147484672 0 8192 268435456 0 0 32 1048576 68 536875008 0 0 2097152 0 1 0 1048576 0 0 16777216 0 5 0 0 2050 2048 0 0 0 1073741824 0 0 0 0 0 1024 0 0 0 2097152 536871936 0 0 0 16 0 0 268443648 0 0 0 0 0 0 0 0 16777216 0 0 0 0 8 0 0 0 0 0 0 536871040 0 0 0 8192 64 4 65536 0 0 0 0 0 0 128 0 0 0 0 8 0 128 0 0 8 67108864 0 0 0 0 1048704 0 0 0 16 0 524288 5 0 1048577 0 0 0 0 0 0 2 0 2052 4 0 0 1073741824 0 0 0 0 0 0 0 0 0 6291456 0 0 0 0 0 1073741824 0 8388616 0 2048 603979776 0 0 67633152 1048576 8 16777216 0 0 4 2048 0 0 0 0 0 0 68157440 0 0 8 0 0 0 0 0 0 0 8 0 0 0 0 0 0 0 0 0 0 2 0 32768 0 67108864 0 541065216 0 0 0 0 0 0 0 0 8192 0 0 0 0 0 0 0 0 0 0 0 0 0 0 0 0 0 0 0 0 0 0 0 0 0 0 0 0 0 0 0 0 0 0 0 0 0 0 0 0 0 0 0 0 0 0 0 0 0 0 0 0 0 0 0 0 0 0 0 0 0 0 0 0 0 0 0 0 0 0 0 0 0 256 0 0 0 0 512 0 0 0 0 0 1024 0 134217728 0 0 4 0 0 134283264 1073774592 134217728 65536 0 0 0 0 0 2 0 0 0 0 0 0 0 0 0 0 0 0 2684354560 134217856 0 0 0 0 0 4096 0 0 557056 0 8256 268435456 0 4096 0 1048576 0 0 0 0 0 0 132 0 0 0 4194304 0 0 2 0 0 0 0 0 0 0 0 0 0 0 0 0 16384 4 0 0 0 0 1048576 16 0 0 0 18874368 0 0 536870912 0 0 0 0 0 16384 67108864 4098 262144 0 0 0 0 0 0 32 0 0 524288 33554432 1 0 2147483648 1024 0 0 0 0 33554432 131072 0 8 0 33554432 0 0 0 0 0 0 0 0 0 0 0 0 0 0 0 0 0 1056 0 0 512 4194304 32768 0 4096 0 0 0 0 0 8388608 16384 0 0 134217728 0 0 0 8192 0 0 0 0 0 4 0 64 0 0 131072 0 0 0 268435456 16 0 268435456 836 39 0 0 0 0 0 0 0 0 0 0 0 0 0 0 0 0 0 0 0 0 0 0 0 0 0 0 0 0 0 0 0 0 0 0 0 0 0 0 0 0 0 0 0 0 0 0 0 0 268435456 0 0 0 0 0 0 8192 8388608 8704 536903744 4 67584 0 0 0 0 16777224 0 16777216 16384 32768 0 167772160 8 4608 0 16384 32768 8 536870912 0 0 4 0 0 524288 0 0 512 0 536870912 0 0 0 0 8193 1 1 0 16777216 0 16844800 0 16 1073741824 1 0 0 0 0 134217728 0 0 0 268435456 0 0 0 0 0 0 0 0 0 0 0 16 0 0 0 524288 0 0 33554432 0 0 0 32768 0 0 0 268435456 16 33554440 4 268435968 0 4096 0 0 2147483776 0 0 0 0 0 0 0 0 0 4202496 0 0 0 8388608 0 0 0 0 0 0 0 8 0 0 0 0 0 0 1048576 0 0 0 0 536870912 0 0 0 512 0 0 8192 0 1 16777216 0 0 16384 0 0 2 0 2048 4 0 0 1073741824 67108864 0 268435456 0 0 0 0 0 0 2097152 4096 0 0 0 0 1073741824 0 8388616 0 0 536870912 0 0 67108864 0 8 16777216 0 0 268435456 0 0 0 256 0 0 64 1048576 536870912 0 8 0 0 0 0 0 0 0 8192 0 0 2 0 0 0 0 33554432 0 0 2 8 0 0 0 0 0 134217728 0 128 0 0 0 0 0 0 0 2097152 0 0 65536 0 0 268451840 4 65536 0 0 0 0 0 0 0 0 0 16785408 0 0 0 0 33554434 1048576 0 2147483648 0 0 0 16388 0 33554432 268435456 0 8 0 0 0 0 0 0 0 0 0 2097152 524288 0 0 512 8192 0 0 0 0 1056 0 0 0 0 0 0 0 0 8192 0 0 0 0 0 0 0 0 0 0 128 0 512 0 0 0 0 8196 0 0 0 0 0 545267712 64 0 0 16 0 0 0 0 0 268451840 4 0 16384 0 8388608 0 16777216 8388608 0 0 0 8193 32 0 2048 0 0 1048576 0 2147483648 0 0 0 0 0 33554432 8192 0 0 0 0 0 0 0 0 0 0 0 0 0 0 0 0 10240 0 0 0 0 8224 0 0 0 536870912 0 2048 4 0 0 0 0 0 0 0 0 0 0 0 0 0 0 2147483648 0 536870912 67108864 0 4 0 64 0 0 0 545259520 0 0 0 16 0 0 8192 1 0 0 16777216 64 0 0 0 0 1024 0 2048 0 0 0 4 2147483648 0 1024 0 0 1024 0 0 8388608 2097152 4096 0 0 0 0 0 0 0 524288 0 0 0 0 0 0 32768 0 1048576 524288 2129920 0 33554432 0 512 0 0 0 0 2147483648 8224 2 0 0 0 0 2048 4096 0 536870912 0 0 4096 8388608 0 0 0 0 0 0 2 0 0 0 0 0 4194432 0 0 0 0 0 0 0 0 524288 0 0 0 0 0 0 2048 1073741824 0 0 0 0 0 0 0 0 0 16777216 0 0 4 0 8388610 1048608 0 4096 128 33554432 0 4 1073741824 0 0 0 0 0 0 0 67108864 0 32768 0 0 0 0 16 0 4 268439552 0 4096 0 0 16384 0 10 8388624 0 0 0 0 0 0 0 0 0 0 0 0 0 0 0 0 64 0 0 32768 0 536870912 0 37748736 0 0 0 0 0 0 0 0 8192 0 2097152 0 0 0 268435456 65600 0 0 0 0 0 8388608 0 16777216 8388608 0 0 0 0 0 16 0 0 8388608 0 0 0 128 0 0 0 0 0 0 0 0 0 0 0 0 0 0 0 0 0 0 0 0 0 4608 2048 0 0 0 16384 2048 0 0 0 32768 0 64 4 0 4194304 0 0 2 0 0 32768 0 0 0 0 0 2147483648 2147483648 0 536870912 67108864 33554432 134217728 0 0 0 0 65536 545267712 0 0 0 0 0 0 8192 1 0 0 0 0 0 0 0 0 0 0 4096 0 0 0 0 0 0 0 0 0 0 0 0 0 0 0 0 0 0 0 0 33554432 0 0 8 0 0 0 0 0 0 0 0 0 0 0 0 0 0 0 0 0 0 0 32 0 0 0 4194304 0 0 0 0 0 0 0 0 0 0 0 0 0 0 0 0 0 0 0 0 0 0 0 0 0 0 0 0 0 0 0 0 16 0 268435456 0 0 0 0 0 0 4 0 16384 2 0 0 16777216 0 0 0 0 0 0 0 1024 0 0 0 0 536870912 0 0 0 0 0 0 268435456 0 0 0 0 0 0 0 0 0 0 0 0 0 0 0 512 0 0 0 67108864 128 1024 0 512 0 4194304 0 2048 0 0 0 0 8 0 0 0 32768 0 33554432 131072 4416 0 8192 512 0 0 0 0 4 0 0 0 0 65536 8192 0 0 268435456 80 2097152 268435456 8192 0 0 0 0 0 0 0 0 0 0 4096 0 0 0 0 0 0 0 0 0 0 0 0 0 0 0 0 0 0 0 0 0 0 0 0 0 0 0 0 0 0 0 0 0 0 0 0 0 0 0 0 0 0 0 0 0 0 0 0 0 0 0 0 0 0 0 0 0 0 0 0 0 0 0 0 0 0 0 0 0 0 0 0 0 0 0 0 0 0 0 268435456 16 5 16384 0 0 0 0 0 0 65536 0 0 0 0 0 0 0 0 0 0 0 0 0 0 0 0 0 0 0 0 0 81920 0 0 0 0 0 0 0 0 0 0 0 0 0 0 0 0 0 0 0 0 0 0 0 0 0 0 0 0 0 0 0 0 0 0 0 0 0 0 0 0 0 0 262144 256 0 0 0 0 0 0 0 0 0 0 0 0 0 1048576 68 0 0 0 0 0 1 0 0 0 0 0 0 0 4194304 0 0 0 0 16777216 0 0 0 0 0 0 0 0 0 0 0 0 0 0 33554432 0 0 0 0 8192 0 0 0 0 0 0 0 0 0 0 0 0 0 0 0 0 0 0 0 0 0 0 8192 8388616 8192 541065216 0 0 4 0 0 0 16777216 0 16777344 16384 0 0 0 262144 512 0 16384 32768 0 0 0 33555456 134225924 0 268435456 0 0 131072 1048592 0 536870912 0 0 0 0 256 1 0 0 0 0 0 0 0 0 0 67108864 0 0 0 0 0 0 0 0 0 0 0 524288 0 0 0 0 0 0 0 4 0 0 0 0 0 0 0 0 0 0 0 0 0 0 0 0 0 0 4096 0 0 0 0 0 0 8192 276824080 8704 32832 0 65536 0 0 0 0 0 0 16777216 16384 0 1073741824 0 131080 0 0 2147483648 32768 8 0 0 33554432 134217728 2048 1048640 0 0 131104 512 512 536870912 0 0 0 0 8192 0 0 0 0 0 0 0 0 0 0 0 0 16777216 0 0 0 0 0 0 0 0 0 0 0 0 0 0 0 0 0 0 0 0 0 0 0 0 0 0 0 0 0 0 0 0 0 0 0 0 0 0 0 0 0 0 0 0 0 4194304 0 0 0 0 0 0 0 0 0 0 0 0 0 0 64 0 0 0 0 512 0 0 0 0 0 0 0 0 1048576 0 0 0 64 0 268435456 39 0 0 0 0 2112 268435456 0 0 0 8 8388608 4 16777216 134217728 0 0 0 0 0 16 0 0 0 0 0 0 0 0 0 0 0 0 0 524288 0 0 0 0 0 0 0 0 0 0 0 0 0 0 512 0 0 0 0 2147483648 8192 0 0 0 536903680 0 2048 0 0 4194304 0 0 0 0 0 0 0 0 0 0 0 0 0 0 0 0 0 8192 0 0 524288 0 65536 512 0 0 0 0 0 0 8192 1 0 1 0 0 0 0 0 0 0 67108864 2 262144 0 0 0 0 0 0 262144 0 0 1024 0 1 0 1024 1024 33554432 0 0 0 0 0 268435456 0 0 0 0 0 0 0 0 0 0 268435456 0 0 0 0 264192 0 0 67108864 16384 0 0 0 0 0 0 2048 4 0 536870912 0 16777224 0 0 0 0 0 0 131072 512 2 0 0 0 536870912 67108864 0 0 0 268435648 524288 0 0 0 0 0 0 0 0 0 8193 864 260 0 0 0 0 0 0 0 0 0 0 0 0 0 0 0 0 0 0 0 0 0 0 8388608 0 0 0 0 0 0 0 0 0 0 0 0 0 0 0 0 0 0 0 0 0 0 0 0 0 0 0 0 0 0 0 0 0 0 0 0 0 0 4 0 0 0 0 0 0 0 0 0 0 0 0 0 2147483648 0 0 0 0 0 0 0 0 0 0 65536 536870912 0 0 0 0 0 0 8192 1 0 0 0 0 65536 0 0 0 0 0 0 0 16777216 0 0 0 0 0 0 0 0 0 0 0 0 0 0 0 0 0 0 0 0 0 0 0 0 0 0 0 0 0 0 0 0 0 0 0 0 0 0 0 0 0 0 0 0 0 0 0 0 0 0 0 0 0 0 0 0 0 0 0 0 0 0 2147483648 0 0 0 0 0 0 0 0 0 0 65536 0 0 0 0 0 0 0 8192 1 0 0 0 0 0 0 524288 0 0 0 0 0 0 0 0 0 0 268435457 0 0 0 0 0 0 0 0 128 0 0 0 0 0 0 268435456 0 0 0 67108864 524288 0 0 0 0 0 0 2048 256 0 0 0 0 4 0 0 0 8192 276824080 0 32768 32768 65600 0 0 0 0 16777216 0 0 0 32768 1073741824 134225920 0 0 0 8 0 8 0 0 0 8192 1048576 1048576 524288 0 0 0 512 0 0 0 0 0 8193 16384 0 16777216 0 2048 16384 0 0 0 0 4096 262144 0 0 0 0 0 0 0 0 4 1024 33554432 1048576 0 1024 0 1 0 0 0 0 268443648 524288 8 0 0 0 0 0 0 0 0 0 268435456 0 0 0 0 8192 0 0 0 0 0 8192 0 0 0 0 0 0 0 0 0 0 0 0 0 0 0 33554432 262144 256 130 8192 0 0 512 0 2147483648 0 0 0 524288 0 0 8192 0 0 0 592 768 0 0 0 0 64 0 0 0 0 0 0 0 0 0 0 0 0 0 0 0 0 0 0 0 0 0 0 0 0 0 0 0 0 0 0 0 0 0 0 0 0 0 0 0 0 0 0 0 0 0 0 0 0 0 0 0 0 0 0 0 0 0 0 0 0 0 0 0 0 0 0 0 0 0 0 0 0 0 0 0 0 0 0 0 0 0 0 8396800 0 0 0 0 0 0 8192
is_linear=0
shrinkage=0.05


Tree=51
num_leaves=63
num_cat=14
split_feature=11 5 8 5 7 11 11 1 11 12 15 15 15 15 8 3 11 14 14 15 1 12 14 19 17 20 17 19 8 14 18 17 12 3 12 3 17 12 3 17 19 3 3 18 1 19 15 15 15 3 3 1 11 3 12 12 14 3 14 11 5 8
split_gain=33191.5 6958.49 6301.23 4815.01 1608.83 1508.62 1348.88 1276.13 1327.2 848.249 837.681 736.211 750.592 727.539 713.256 684.004 671.191 652.532 633.049 626.098 602.228 509.405 669.415 495.53 484.821 672.875 616.016 472.022 465.404 495.411 457.336 442.904 439.011 437.755 430.248 429.991 424.996 403.686 396.395 376.516 374.337 363.856 354.715 351.7 339.92 331.169 328.466 326.34 325.81 324.876 324.599 323.67 317.446 311.664 307.521 568.471 434.535 439.143 355.786 306.67 284.995 284.267
threshold=0.99966919422149669 1.0000000180025095e-35 0.21428572386503222 1.5000000000000002 1.5000000000000002 1.0000000180025095e-35 3.633962988853455 0 0.33565936982631689 0.85499998927116405 4.5000000000000009 3.5000000000000004 1.0000000180025095e-35 4.5000000000000009 0.78571429848670971 1 0.55334255099296581 0.96916994452476513 0.8725721836090089 4.5000000000000009 2 0.73500001430511486 1.0477163791656496 1.0000000180025095e-35 45.500000000000007 1.0000000180025095e-35 50.500000000000007 1.0000000180025095e-35 1.0000000180025095e-35 0.98402062058448803 11.500000000000002 36.500000000000007 0.97500002384185802 3 1.0299999713897707 4 46.500000000000007 0.73500001430511486 5 43.500000000000007 1.0000000180025095e-35 6 7 3.5000000000000004 8 1.0000000180025095e-35 1.0000000180025095e-35 3.5000000000000004 1.5000000000000002 9 10 11 1.0000000180025095e-35 12 5.4749999046325692 5.2249999046325692 1.0100407004356386 13 0.99965703487396251 16.665846824646 1.0000000180025095e-35 0.6428571641445161
decision_type=2 2 2 2 2 2 2 1 2 2 2 2 2 2 2 1 2 2 2 2 1 2 2 2 2 2 2 2 2 2 2 2 2 1 2 1 2 2 1 2 2 1 1 2 1 2 2 2 2 1 1 1 2 1 2 2 2 1 2 2 2 2
left_child=1 2 7 4 14 45 11 8 21 17 16 12 53 20 37 27 44 -9 30 31 -4 22 39 51 35 -26 -27 -11 29 34 36 42 43 -12 -17 -13 -8 50 -23 -1 -16 -15 -20 -29 -7 49 -44 -10 -32 -3 -2 -6 -40 -5 55 -31 -57 -58 -56 -21 -39 -22
right_child=3 5 13 6 23 10 18 9 47 15 33 24 -14 41 40 28 -18 -19 19 59 61 38 -24 -25 25 26 -28 32 -30 54 48 -33 -34 -35 -36 -37 -38 60 52 -41 -42 -43 46 -45 -46 -47 -48 -49 -50 -51 -52 -53 -54 -55 58 56 57 -59 -60 -61 -62 -63
leaf_value=0.0063735000645483153 -0.0072241057192939306 0.0085214870519701863 -0.013111810229224145 0.0064488109010929608 0.0024842100408683458 -0.007434503446431648 0.0090872183528539676 -0.025089080307377803 -0.018689514369729172 -0.012187178627491536 0.002680231594567734 0.0020743808304478418 -0.00016803783293740089 0.0012868445648189246 -0.0026723237605228902 0.024063714397472093 -0.0047092020678021623 0.055953543866693739 0.0022276704087701104 0.0057303603537608378 -0.008600170061877686 -0.02060161659171347 -0.046218271765138985 0.00365755907587508 0.00058893446654107329 0.0041943678261689276 -0.055555555596305199 0.0038510784634189494 -0.010491910559731109 -0.019803677627925648 0.041322282055197973 0.0017538301409135426 -0.0010687323475970683 -0.0040654688417136979 -0.012801161789431862 0.0052478201416760488 -0.013701481076299787 -0.0082231972831183376 -0.033806312049790753 -0.040690731151755921 0.00076321981493604441 -0.0055195384527849112 0.0083607890611510412 0.12189976804752033 -0.017084713694238269 0.011019198596356484 0.0045262909986857579 -0.01178639306495842 0.015013801784389864 -0.0015376035584248515 0.0083518900926649858 -0.0010505245300463653 -0.025573602796422446 0.0017887058261170372 -0.0066254243760404579 -0.013110945033794966 0.12947500932063288 0.01975756295383517 -0.032934592343610535 0.010878611252983861 -0.0030683412366318066 -0.0042389482041526021
leaf_weight=3248.7430349141359 5457.3066889047623 13110.788793176413 52303.856372505426 70074.808474719524 99928.644800007343 18006.387749224901 58440.911013364792 369.74419099092484 39890.786319926381 22605.174962863326 50718.427301138639 161574.85310381651 388064.29815894365 31597.558356925845 231490.595739007 831.76706165075302 134131.1287534833 756.69762933254242 128841.15349936485 322320.12932318449 96903.034285128117 20917.611285895109 979.53244076669216 162241.10569930077 73581.385410517454 741.19113677740097 1032.01867634058 120.65192353725433 24994.66068457067 43684.279539451003 1736.147945523262 219877.44071662426 10657.075495898724 45721.370473593473 16335.81981177628 314793.95867541432 2120.1281825304031 86404.825373709202 19624.699516683817 488.90441769361496 120594.13780128956 51854.454238682985 70000.994789004326 132.25786226987839 18615.432857334614 16449.597557038069 276243.08716869354 29993.317402333021 3652.9262970685959 20672.057191520929 8608.9972243010998 183992.70053252578 29029.897364452481 73565.201828271151 1523.6898878365755 456.67383769154549 131.17971509695053 293.73660156130791 8204.216965302825 31778.137306451797 38877.23863607645 60811.300935804844
leaf_count=6748 4891 8809 131123 31045 56429 30918 5105 487 125213 63548 68051 65942 180957 57286 181423 991 188606 625 21830 41303 207266 99419 3821 87414 30367 296 526 132 64187 130978 131 32335 29773 65384 52556 126247 187 114109 98884 1572 90467 98661 9160 158 50479 10796 36338 89951 290 14482 7292 109566 135978 34547 4482 1431 63 331 34191 1318 39517 92783
internal_value=-0.000134899 -0.00867936 -0.0119894 0.00227956 -0.000720488 -0.00274865 0.00355902 -0.0174235 -0.0206715 -0.0138489 -0.00424323 0.00230259 0.0009749 -0.00689229 -0.00269396 -0.0142243 -0.0063472 0.029352 0.00477986 0.00448115 -0.00846159 -0.0253258 -0.00942519 0.00145323 0.00358211 -0.000144529 -0.0305804 -0.00806248 -0.0163628 -0.0184186 0.00953148 0.00360924 0.000476378 -0.000517997 -0.0110151 0.00417161 0.00828943 -0.0057218 -0.0264039 0.000217245 -0.0014956 -0.00294293 0.00446795 0.065584 -0.0123465 0.0052012 0.00530137 -0.0157268 0.0234894 0.0023683 0.00230967 0.000193607 -0.0288883 0.00406271 -0.0207595 -0.0190015 0.0207499 0.0571415 -0.0288138 0.00619238 -0.00662355 -0.00691814
internal_weight=4.0222e+06 886167 568741 3.13603e+06 937596 317425 2.19844e+06 275271 144173 131098 267193 1.08343e+06 531704 293470 491433 129971 170753 1126.44 1.11501e+06 1.04906e+06 210018 74289.4 4717.18 446162 551723 75354.6 1773.21 33515.2 96456 71461.4 65950.1 694963 10910 96439.8 17167.6 476369 60561 139348 69572.2 3737.65 352085 83452 475085 252.91 36621.8 50232.4 346244 69884.1 5389.07 33782.8 14066.3 283921 48654.6 143640 54293.8 44565.9 881.59 424.916 9727.91 354098 125282 157714
internal_count=3279195 1970163 1532638 1309032 691108 437525 617924 945519 561586 383933 403438 469927 246549 587119 437699 382821 270003 1112 147997 142284 431172 346422 12141 253409 223378 31189 822 93611 289210 225023 5713 99663 30063 133435 53547 192189 5292 165809 334281 8320 271890 155947 67328 290 81397 34087 45498 215164 421 23291 12183 165995 234862 65592 171476 132803 1825 394 38673 42621 153626 300049
cat_boundaries=0 1 2 3 4 5 6 7 8 9 10 11 12 13 14
cat_threshold=11 261 10 167 344 39 135 178 116 135 408 5 101 96
is_linear=0
shrinkage=0.05


Tree=52
num_leaves=63
num_cat=37
split_feature=10 0 0 5 0 0 0 0 3 0 0 10 5 15 10 0 10 8 0 5 17 0 0 0 0 14 0 3 17 0 0 3 3 3 0 0 14 10 0 0 0 0 15 0 17 0 17 0 18 17 2 14 10 0 3 5 0 0 15 20 15 0
split_gain=30731.7 6854.76 5795.9 5000.01 2549.19 2231.19 1645.09 1361.67 1349.32 1651.88 1101.28 1069.11 1042.56 1008.02 887.898 875.897 817.738 803.893 854.989 833.076 792.77 1386.48 792.038 732.656 716.202 657.225 631.257 619.597 600.117 636.534 600.074 583.617 571.21 509.743 547.428 500.423 490.354 491.109 479.338 479.196 455.491 447.98 445.931 406.4 422.553 395.761 390.995 4935.23 2252.57 546.271 627.292 621.238 390.428 667.603 513.234 409.148 388.47 381.099 380.81 361.806 360.905 352.677
threshold=0.51785713434219371 0 1 1.5000000000000002 2 3 4 5 6 7 8 0.089285716414451613 1.0000000180025095e-35 4.5000000000000009 0.12500000372529033 9 0.089285716414451613 1.0000000180025095e-35 10 1.0000000180025095e-35 37.500000000000007 11 12 13 14 0.97100919485092174 15 16 44.500000000000007 17 18 19 20 21 22 23 0.96592161059379589 8.0535712242126483 24 25 26 27 3.5000000000000004 28 33.500000000000007 29 41.500000000000007 30 10.500000000000002 43.500000000000007 31 0.99583575129508983 10.017857074737551 32 33 4.5000000000000009 34 35 1.0000000180025095e-35 1.0000000180025095e-35 3.5000000000000004 36
decision_type=2 9 9 2 9 9 9 9 1 9 9 2 2 2 2 9 2 2 9 2 2 9 9 9 9 2 9 1 2 9 9 1 1 1 9 9 2 2 9 9 9 9 2 9 2 9 2 9 2 2 1 2 2 9 1 2 9 9 2 2 2 9
left_child=1 11 13 5 27 14 16 28 9 -8 -10 -1 15 20 -3 -9 -7 19 -19 23 32 -22 -11 25 -5 41 -14 -4 46 -30 -17 56 35 34 -26 52 37 -34 -35 -20 -23 -12 58 44 -25 -21 -6 48 49 51 -51 -48 53 54 55 -2 -15 -24 -29 -31 -40 -27
right_child=2 3 4 24 7 6 8 12 10 22 17 -13 26 31 -16 30 -18 18 39 45 21 40 57 43 33 61 -28 42 29 59 -32 -33 36 38 -36 -37 -38 -39 60 -41 -42 -43 -44 -45 -46 -47 47 -49 -50 50 -52 -53 -54 -55 -56 -57 -58 -59 -60 -61 -62 -63
leaf_value=-0.031236508308074087 0.049389969497687126 -0.024998845946575893 0.0052710605083816607 -0.016141000945729064 0.00092190454161115314 -0.024349536882605716 0.038641491937537936 -0.016101190328257225 0.0063381193571850434 -0.013369374110849886 0.046659753993218367 -0.019220789666998722 0.001204265800219936 0.012068866818857688 -0.01389531366911693 -0.0012615023483862088 -0.012407056705984267 -0.011908308640556005 0.0073571526560267907 0.017609600769764946 -0.011152067351370913 0.0050337657653317935 0.01419150907957493 -0.017071075691167958 -0.013573596206161288 -0.044782898099450158 -0.0030338909125596841 0.0030676193276085399 -0.017687055529339139 -0.00095842776067110627 -0.0064375806218432245 0.0044339022560423158 0.010672691264689095 -0.010857449740875685 0.020626571895960913 0.0035360937626982576 0.0019886323652499936 0.0032478158630624872 -0.00013066867022760287 -0.0053297888111559309 0.00063621234616490993 0.00081715527568439542 0.0028533133171039626 -0.014664047916653909 -0.032569539071318418 -0.0053223646264803394 0.10769861968777508 -0.001227141781331581 -0.01703059497437821 0.17561281075148813 0.072497203615159544 0.050257613774482658 0.005706302152112157 0.0077673053027815095 0.0089082561212563364 0.022517816001018397 0.0066834427865420896 -0.00011958965760340219 -0.00093415134569740585 -0.016333554404960718 0.0070374217207629696 -0.0072136532970054588
leaf_weight=31799.907732859254 1816.8154743909836 29134.051877230406 124899.99516636133 4840.9202849566936 299206.06636807323 18001.295471593738 2718.2525261491537 18304.162115335464 12034.464646860957 10528.806741937995 926.68203639984131 44304.662549570203 137875.0109629035 42905.788164973259 47130.6391158849 82326.078230708838 70358.149745494127 58185.622962996364 8042.3603996187449 2210.4565744400024 22050.582920670509 81111.042036056519 5673.3324109315872 10537.387708798051 1390.3484458327293 650.25882795453072 242180.9892193675 80027.535804867744 7375.4177117347717 52491.323021560907 175176.98417752981 338626.9626288414 35460.19437751174 6329.5919972956181 7252.1474837064743 148513.20512852073 370513.06608331203 59877.267618358135 34676.651506096125 98734.888841360807 214847.52713188529 1247.9914876818657 276851.38932701945 46288.81261266768 7548.2023801356554 12318.358614504337 804.86975634098053 21220.450491636992 655.32257211208344 325.36411935091019 269.78441751003265 1133.7715530395508 97565.021570444107 41522.72656661272 5763.7054540514946 6428.6333014965057 153265.79080733657 25641.257392093539 231189.76122912765 4127.1392245590687 35575.172509372234 12004.81575293839
leaf_count=170312 492 130808 36951 9930 211519 78922 3334 25894 15688 26335 784 158852 91337 4004 132318 95458 184314 141061 12009 2318 7714 12807 10633 39173 1179 1380 234854 42296 3997 38601 224807 67185 10047 11445 5187 29318 100240 6577 27306 201361 52152 2745 127049 138999 30436 20845 369 15278 226 113 128 532 7294 11614 1048 718 25343 54420 126391 3289 26823 24616
internal_value=-0.000153588 -0.0101444 0.00175802 -0.00826201 -0.000231568 -0.0102909 -0.00880822 -0.00180608 -0.00711787 0.000944859 -0.00844497 -0.0242383 -0.00319461 0.00391479 -0.0181346 -0.00553476 -0.0148384 -0.00913289 -0.00703224 -0.0128309 0.00303943 0.000940282 -0.00151266 -0.0148497 0.00254796 -0.00481852 -0.00149644 0.00207282 0.000543421 -0.00388078 -0.00478285 0.00569156 0.00390924 0.003611 0.0151153 0.00560457 0.00281144 0.00600945 0.00231089 -0.00437362 0.00184154 0.0205701 0.00139347 -0.0171572 -0.0235265 -0.00182497 0.00141831 0.0075031 0.0653932 0.0869688 0.12887 0.0741055 0.00761075 0.0109581 0.0203953 0.0284044 0.00786187 0.00247689 9.48784e-05 -0.00207881 0.00349872 -0.00918517
internal_weight=4.0228e+06 646085 3.37671e+06 569981 1.75644e+06 479916 403651 1.04347e+06 315292 44561.6 270730 76104.6 655863 1.62027e+06 76264.7 275807 88359.4 258696 164963 93733 1.08547e+06 318009 41843.4 79204.2 90064.8 14829.7 380056 712969 387610 63993.9 257503 534799 767461 85223.9 8642.5 301610 465851 95337.5 76581.4 106777 295959 2174.67 588069 64374.4 18085.6 14528.8 323616 24409.6 3189.11 2533.79 595.149 1938.64 153097 55531.9 14009.2 8245.45 196172 31314.6 311217 56618.5 70251.8 12655.1
internal_count=3279175 1663533 1615642 1334369 1279089 1252499 989373 946402 726137 94722 631415 329164 672350 336553 263126 346159 263236 615727 354431 261296 240021 72673 91388 238133 81870 29525 326191 332687 274052 45887 320265 96532 167348 71940 6366 50484 116864 16624 65574 213370 64959 3529 295736 208608 69609 23163 228165 16646 1368 1142 241 901 21166 13872 2258 1210 29347 65053 168687 41890 54129 25996
cat_boundaries=0 92 187 283 371 461 551 552 647 742 834 924 1018 1113 1208 1295 1385 1386 1441 1532 1533 1534 1535 1629 1723 1815 1907 1999 2094 2182 2274 2329 2330 2418 2419 2507 2599 2694
cat_threshold=0 2148007936 65536 0 0 16778240 0 0 0 1024 0 0 0 82049 6 134250496 65536 0 0 0 0 0 0 0 0 0 0 0 0 0 0 0 0 0 67108864 0 136314880 0 2360321 0 0 0 536870912 0 524288 524288 16 8256 0 0 0 0 0 0 0 0 0 0 0 0 0 0 32 0 0 0 0 0 0 0 0 0 0 0 0 0 0 0 0 0 16384 0 0 0 0 0 0 0 512 0 0 16777216 16384 0 0 0 0 0 0 4194304 16384 0 4096 0 0 0 0 0 0 0 0 0 2048 0 33554432 0 0 0 0 0 0 16388 16 0 0 0 0 0 0 0 0 0 0 0 0 0 0 0 0 0 0 0 0 0 0 0 0 0 512 0 4194304 0 2048 4 0 0 0 0 0 128 0 0 0 0 0 4928 0 0 0 0 512 0 1024 4 8192 0 0 0 0 1056768 4 4096 0 576 2097152 268435456 8448 0 0 0 0 0 0 0 0 0 67108864 0 0 16777216 0 0 0 0 16777216 0 16 0 1024 0 1048576 0 2147484672 0 32769 0 65536 0 33554432 0 0 8 0 0 0 0 0 0 0 0 0 0 0 0 0 0 0 0 0 0 0 0 0 0 512 64 0 0 0 0 0 0 8 0 16777216 16384 0 0 0 131072 0 128 0 512 0 134217728 67108864 2147483648 0 0 268435584 0 0 0 536870912 64 1048576 0 16 0 0 1 1 0 4096 8 0 0 294912 0 134217728 1024 0 0 0 0 0 0 2147483648 0 2098176 0 0 0 0 0 8388608 0 0 0 0 0 16 0 0 0 0 268697600 0 128 67108864 0 0 0 0 1052672 524288 2097152 32768 0 0 0 0 0 0 0 0 0 0 268435456 8192 0 4 2048 0 0 536870912 0 0 4096 128 0 0 0 0 8 0 128 0 0 0 0 0 0 0 0 128 0 0 1048576 16 0 1048577 0 64 16777216 0 524288 0 0 2048 2048 4 0 0 1073774592 0 0 0 0 0 1024 0 0 0 2097152 536871424 0 0 0 0 1073741824 0 276824064 0 2048 2684354560 0 0 67108864 0 0 16777216 0 0 163840 0 256 0 0 0 0 64 0 128 0 0 0 0 0 0 65536 0 0 0 0 0 0 0 0 0 0 0 0 0 0 0 0 0 67108864 0 128 0 0 0 524288 0 0 0 0 524288 0 0 65536 0 0 268713984 4 65536 0 0 2 262144 0 0 0 0 0 8192 262144 0 0 8912896 0 0 0 0 0 33554432 0 0 0 0 268435456 0 0 0 0 0 0 0 0 0 0 0 268435456 0 0 0 0 10240 0 0 0 536870912 1024 0 0 8192 536870912 0 0 0 0 0 0 0 0 0 0 0 0 0 8 0 0 2147500032 0 0 536870912 0 33554432 8192 2048 64 0 0 131104 0 0 536870912 5 16384 0 16777216 0 0 0 0 65536 16384 0 0 0 0 8388608 0 0 0 0 0 0 2048 524288 33554432 1048576 0 2147483648 0 0 0 16388 0 33554432 0 0 0 0 0 0 0 0 0 0 0 0 0 0 0 0 0 0 0 0 0 0 0 0 0 512 0 32768 0 0 0 0 0 0 0 16777216 0 0 0 134234112 393216 768 0 8192 0 0 536870912 67108864 2147483648 0 8192 0 0 0 0 1056768 68 0 0 0 0 0 1 16384 0 0 0 0 0 0 4194304 0 0 0 0 16777216 0 0 0 0 0 262144 0 0 1024 0 0 0 0 0 32769 0 65536 16 0 0 0 8 0 0 0 0 0 0 0 0 0 0 0 0 0 0 0 0 0 0 0 0 0 512 0 64 128 0 0 0 0 0 0 0 16777216 16384 0 0 0 262144 512 0 16384 0 0 134217728 0 33555456 4 8192 268435520 0 0 131072 1048576 68 4096 0 0 2097152 0 256 0 0 0 64 0 1024 524288 0 1024 0 4 0 0 134299776 2 134217728 65536 0 0 0 0 0 2 8388608 0 512 0 0 0 0 0 0 0 0 262144 0 0 0 0 0 0 0 4096 0 0 524288 0 8256 512 0 0 0 1048576 0 0 0 0 0 0 132 0 0 0 4194304 0 0 4098 0 0 0 0 33554432 0 0 0 0 0 0 0 0 16384 0 0 0 0 0 0 0 512 0 0 16777216 1 0 16777216 0 2048 0 0 0 3 0 4 0 0 0 0 0 0 0 0 0 4 0 0 0 4194304 0 0 0 0 0 0 0 8 524288 0 67108864 0 0 524288 1048576 32776 0 0 0 4 2048 8 4 0 0 4096 0 0 0 0 8 16 0 0 0 0 0 0 8200 0 0 0 8388608 0 0 0 0 0 0 2 8 32768 0 0 0 2688548864 0 0 0 0 0 0 0 0 8192 0 0 0 0 0 0 0 0 0 0 0 0 0 0 0 0 0 0 0 0 0 0 0 0 0 0 0 0 0 0 0 0 0 0 0 0 0 0 0 0 0 0 0 0 0 0 0 0 0 0 0 0 0 0 0 0 0 0 0 0 0 0 0 0 0 0 0 0 0 0 0 0 0 4096 0 0 0 0 0 0 0 0 0 0 0 0 0 0 4 0 0 0 0 268435456 0 0 0 0 0 0 2049 0 0 0 4096 0 16777216 0 0 0 0 0 0 0 4 0 2 0 0 0 0 32768 0 0 0 0 8192 0 0 0 0 0 0 0 8 0 0 0 4 0 0 0 268435712 0 0 4 68157440 536870912 0 8192 8389136 0 0 0 0 4096 0 0 0 0 0 0 16384 0 0 0 0 64 2 0 0 0 134217728 0 0 134217728 0 64 0 0 196608 512 0 0 268435456 0 0 0 8192 0 0 0 268435456 0 16384 2048 0 0 0 4096 262144 0 8388608 0 67108864 0 1 0 0 4 524288 33554432 0 0 0 1152 0 0 0 0 0 0 0 0 0 33554432 0 0 0 0 0 0 0 0 0 0 0 0 0 0 0 0 16384 32 0 8 0 0 0 0 4096 0 0 0 0 2 8388608 0 32768 0 33562624 131072 4160 0 8192 0 0 512 0 0 0 0 0 0 0 65536 0 0 0 268435456 0 0 268435456 1 0 1052672 8 64 0 0 526336 0 0 0 0 0 0 0 1073741824 2147483648 0 1024 0 0 0 0 0 8388608 4194304 512 0 0 0 0 1073741824 0 8 0 262144 2684354560 128 0 0 0 0 0 1048576 0 2260992 32768 0 0 256 0 0 0 0 0 0 0 0 0 0 0 0 0 0 8200 0 0 0 0 0 0 0 0 0 0 0 0 32768 0 0 0 570425472 0 0 0 0 0 1048576 0 0 0 0 0 0 524288 0 0 8 0 0 0 0 0 0 0 0 0 0 4 0 2 0 0 0 1024 0 0 0 0 0 8192 268435456 2048 67108864 134217728 0 67108864 0 0 0 0 0 0 0 0 0 512 0 0 0 0 2147483776 8224 8192 0 0 32768 32900 0 0 0 8192 0 16777216 0 0 0 32768 0 167772160 262144 0 0 0 0 0 0 0 128 0 0 0 524288 0 0 8389120 0 524288 4 0 0 0 0 0 0 0 0 0 0 0 0 0 0 0 0 0 8192 0 0 0 0 0 0 0 0 0 0 0 0 0 0 0 0 0 0 0 0 0 0 0 0 0 0 0 0 0 0 0 0 0 0 0 0 1024 1 0 16777216 268435456 2097216 0 0 0 1 0 0 0 0 8388608 0 0 0 0 32 0 0 0 0 33 0 536870912 0 0 0 0 0 0 139264 0 0 0 33554432 0 1024 0 0 0 0 0 131072 0 0 0 4096 262144 0 64 0 16384 264192 0 8 0 0 0 0 0 0 0 0 0 0 0 0 0 1073741824 0 262144 0 0 8192 2147516416 0 0 0 536870912 134217728 0 0 0 0 0 512 0 0 268435456 7 261 4 0 0 0 0 2048 0 0 0 16384 0 2052 262144 0 0 32768 0 0 8193 0 0 0 0 0 32 0 0 128 0 0 16 0 0 0 0 0 0 0 0 67108864 0 0 16777216 0 0 0 0 0 0 0 0 0 0 1048576 536871040 0 0 268435464 0 4194304 32768 0 0 0 536870912 0 0 4096 0 0 32768 1073741824 33554432 0 0 0 0 0 0 67109376 0 0 0 1056768 0 0 0 0 536870912 0 4096 0 0 0 268435456 0 0 0 0 0 0 0 0 16384 0 0 0 0 0 0 0 0 0 0 0 0 0 33554432 0 0 0 0 0 0 0 16 0 0 0 0 0 0 0 0 0 0 0 0 0 0 0 0 0 0 0 0 0 0 0 0 0 0 0 4194304 0 0 0 0 0 0 0 0 0 0 0 0 0 0 4352 0 0 0 0 512 0 0 0 0 0 0 0 0 1056768 4 4096 0 0 2097152 268435456 0 0 553648128 0 2097152 0 1 1207959552 3 0 0 4 0 0 0 0 0 268435456 0 0 0 0 0 0 2097152 0 0 0 0 4 0 0 8388608 0 2048 0 33554432 0 524288 1048576 8 16777216 0 0 268435456 2048 256 0 0 0 0 0 1048576 16512 262144 8 0 0 0 0 65536 0 0 0 0 0 0 8388608 0 0 0 0 0 0 2 8192 0 0 0 0 0 0 0 0 0 0 0 0 0 0 0 2097152 0 0 0 0 0 0 4 0 16384 0 4096 0 0 0 0 0 0 8192 0 16 2048 8388608 0 1048576 0 0 0 0 0 16384 0 0 8192 268435456 0 0 0 0 0 0 0 0 0 0 0 0 0 0 0 262144 0 0 0 0 1056 8192 0 0 541097984 0 0 4 0 0 0 16777224 0 0 0 32768 0 33554432 131072 256 0 0 512 0 512 67108864 0 8192 0 0 0 0 32 536870912 0 0 0 16 0 0 0 0 0 0 0 0 16384 0 4096 0 0 0 0 0 0 0 0 0 2048 0 0 0 0 0 0 0 0 0 0 0 0 0 0 0 0 0 0 0 0 0 0 0 0 0 0 0 0 0 0 0 0 0 0 0 0 0 0 0 0 0 0 0 0 0 0 0 0 0 0 0 0 0 0 0 0 0 512 0 0 4 0 0 0 0 0 0 0 0 0 64 0 0 0 0 0 0 0 0 0 0 4096 0 0 0 0 0 0 0 0 0 0 0 0 0 0 0 0 0 0 0 0 0 0 0 0 0 0 0 0 0 0 0 0 0 0 0 0 0 0 0 0 0 0 0 32 0 0 0 0 0 0 0 0 0 0 0 0 0 0 0 0 8192 0 0 0 0 0 0 512 0 0 0 0 0 0 0 0 0 0 0 0 0 0 0 1 0 0 0 0 2099200 268435456 20 0 0 10 4 0 0 0 0 0 0 268435456 0 0 0 0 0 0 0 1024 0 0 0 4 0 0 8192 524288 0 0 0 0 0 0 0 0 0 0 0 0 8 0 268436224 262144 0 0 0 536870912 0 2 0 0 536870912 0 0 0 0 4194312 0 8 0 0 0 0 0 16384 0 0 0 0 512 8 0 0 0 8192 2048 1048576 0 0 0 8704 0 0 0 0 64 0 0 65536 16384 0 4098 262144 0 0 0 0 0 0 32 0 2048 0 8388608 0 0 1024 0 0 0 0 0 33554432 131072 0 0 0 0 0 0 0 0 0 0 0 0 0 0 0 512 0 0 0 0 0 0 8192 0 0 541097984 0 0 4100 0 0 0 0 0 0 0 0 0 0 0 4352 0 0 512 0 512 67108864 0 8192 0 0 0 0 65568 536879104 0 0 0 2097168 0 0 0 0 0 0 0 0 0 0 0 0 0 0 0 0 0 8192 0 0 0 0 0 0 0 0 0 0 0 0 0 0 0 0 0 0 0 0 0 0 0 0 0 0 0 0 0 0 0 0 0 0 0 0 1024 4 0 0 0 0 0 0 0 0 0 0 0 0 0 0 0 0 0 0 0 0 0 0 0 0 0 0 0 0 0 0 0 0 0 0 0 0 0 0 0 0 0 0 0 0 0 0 0 0 0 0 0 0 0 0 0 0 0 0 4194304 0 0 0 0 0 0 0 0 0 0 0 0 0 0 256 0 0 0 0 512 0 0 0 0 0 0 0 0 1048576 260 16384 0 0 0 0 0 0 4194304 0 0 0 0 0 0 0 0 0 0 0 0 0 0 0 0 0 0 0 0 0 0 0 0 0 0 0 0 0 0 0 0 0 0 0 0 0 0 0 0 0 0 0 0 0 0 0 0 0 0 0 0 0 0 0 0 0 0 0 0 0 0 0 0 0 256 0 0 0 0 0 0 0 0 0 0 0 0 0 8192 1 0 0 0 67584 0 0 0 0 67108864 8388608 0 0 0 0 0 0 16785409 32 0 0 0 8388608 0 0 0 0 0 0 65536 0 0 0 0 0 0 0 0 0 1048576 32768 0 0 0 0 16 0 4 4096 2048 0 0 0 2147483648 2080 0 0 0 0 128 0 4 0 0 0 0 0 0 0 0 0 0 0 4096 0 2147483648 2147483648 0 0 0 0 0 2048 0 0 0 32 545259520 0 12288 0 16 0 0 0 0 0 0 0 0 0 0 4096 0 0 0 0 0 0 0 0 0 0 0 0 0 0 0 0 0 0 0 0 0 0 0 0 0 0 0 0 0 0 0 0 0 0 0 0 0 0 0 0 0 0 0 0 0 0 0 0 0 0 0 0 0 0 0 0 0 0 0 0 0 0 0 0 0 0 0 0 0 0 0 0 0 0 0 0 0 0 0 0 0 0 0 1
is_linear=0
shrinkage=0.05


Tree=53
num_leaves=63
num_cat=36
split_feature=11 0 0 5 10 7 0 0 10 10 3 5 19 0 10 14 0 0 0 17 3 0 0 3 0 0 0 15 0 10 14 15 0 15 5 0 0 0 20 17 15 7 0 0 17 0 14 0 0 0 0 0 3 14 10 3 15 3 0 0 0 0
split_gain=28055.3 7878.9 4245.74 3952.52 3091.14 2036.18 1860 1268.31 1253.56 1159.8 1104.98 1092.49 996.017 1017.64 922.626 972.671 1452 904.957 806.222 856.996 796.971 741.771 716.935 724.905 789.182 689.495 630.994 622.131 621.225 1247.05 615.944 594.771 561.771 554.696 504.322 1573.99 465.134 453.252 444.674 479.198 436.336 436.241 434.79 424.828 423.54 407.739 395.848 648.828 521.244 394.25 387.736 386.556 386.114 374.801 374.383 355.18 352.123 351.765 338.389 327.791 327.631 326.195
threshold=0.99966919422149669 0 1 1.0000000180025095e-35 0.26785714924335485 1.5000000000000002 2 3 1.0000000180025095e-35 0.12500000372529033 4 1.0000000180025095e-35 1.0000000180025095e-35 5 1.0000000180025095e-35 0.9569724202156068 6 7 8 37.500000000000007 9 10 11 12 13 14 15 4.5000000000000009 16 4.1250000000000009 0.94964551925659191 3.5000000000000004 17 3.5000000000000004 2.5000000000000004 18 19 20 1.0000000180025095e-35 46.500000000000007 4.5000000000000009 1.5000000000000002 21 22 10.500000000000002 23 1.0369318127632143 24 25 26 27 28 29 0.96592161059379589 1.0000000180025095e-35 30 3.5000000000000004 31 32 33 34 35
decision_type=2 9 9 2 2 2 9 9 2 2 1 2 2 9 2 2 9 9 9 2 1 9 9 1 9 9 9 2 9 2 2 2 9 2 2 9 9 9 2 2 2 2 9 9 2 9 2 9 9 9 9 9 1 2 2 1 2 1 9 9 9 9
left_child=1 9 10 4 6 11 -3 14 42 54 28 17 18 20 15 16 -8 -4 56 30 41 46 -10 24 -24 -19 -21 50 29 34 -20 37 -6 43 35 -2 -13 -25 -28 -40 45 -14 -5 -34 -18 -7 47 53 -48 -27 -23 -46 58 -9 -1 -15 -12 -35 -42 -38 -33 -54
right_child=2 3 5 8 32 40 7 21 22 -11 12 36 13 55 -16 -17 44 25 19 26 -22 27 23 31 -26 49 38 -29 -30 -31 -32 60 33 57 -36 -37 59 -39 39 -41 52 -43 -44 -45 51 -47 48 -49 -50 -51 -52 -53 61 -55 -56 -57 -58 -59 -60 -61 -62 -63
leaf_value=-0.035850072553217684 0.15264757691338404 0.0039773812190091601 -0.018747979552009686 0.020491183848414269 -0.013100557257557571 0.00283476530301095 0.16928014759398707 -0.022273955108606032 -0.012271737450164751 -0.016629936298251834 0.0023665915421429086 0.0022299736847852798 0.026393857164426868 0.0055379496495094977 -0.016904235722507845 -0.037624083425894475 0.040113601489485042 0.00099001115729636805 0.0084459654025985202 -0.011116227027522291 0.0061789723285405815 -0.02151342509118484 0.03447211343044649 -0.014343618049237948 0.0028011207812927963 -0.012001468738675143 -0.0004116114241028134 -0.0092560739219724828 0.0045431657683842113 0.0081199306361787269 0.001323258621470387 0.0100601863011854 0.0058150091412734403 0.00052129423642895004 0.022963203705607393 0.02838785054515346 -0.013513954540360786 -0.0049103431440559887 -0.00061012354714214611 -0.025994837991109149 0.0088272480357922643 0.012333167694718851 0.0037675532254103378 -0.0077257030016931617 0.026920120337552391 -0.00010336030063637694 -0.051102580002150802 -0.0023759006671212274 -0.0051386524495239602 -0.0045387436060421796 -0.0146114528682186 -0.044907826164070345 0.004495858465241585 0.070973052806867498 -0.025603913638670501 0.0022943244975671888 0.0050991915840712916 -0.0051880157617648776 0.0036540119277597132 -0.0011536284959021814 -0.0016370853299143518 -0.00041241215466722501
leaf_weight=12816.616536155343 320.41637659072876 13671.461057722569 10655.834702521563 4241.2637557983398 24285.508746892214 186700.5426941216 114.60283550620079 138.64488840103149 21228.794909134507 37474.10227997601 245489.99379906058 125703.11628895998 6529.8815298080444 146705.50376188755 20395.111154347658 13097.234030082822 320.611990198493 55941.019040167332 34563.827832937241 19071.118474245071 90394.222478121519 27989.903629481792 2171.1198678314686 14806.380516320467 20094.138058185577 19914.184673219919 102654.43733242154 41897.171231403947 154319.48476210237 123467.99222755432 249098.25589773059 6357.9003602564335 6040.8531584441662 52244.782021820545 4920.7683528661728 1185.3326888084412 5448.8252622783184 91022.174703061581 3787.2260658144951 3651.7718161046505 43560.474934995174 35540.959881603718 45549.819719254971 138819.43382713199 248.85593138635159 321254.89540418983 926.63437022268772 13851.943124130368 1831.5959671139717 159196.09987178445 76000.9302444309 703.49090754985809 55238.183389425278 483.81077632308006 29288.135142192245 198826.82514426112 226814.2096965909 55781.251096367836 115403.35785111785 309107.67890971899 99913.300963282585 87401.107349187136
leaf_count=73010 119 19847 17296 3825 52307 77334 176 234 47662 124233 49014 66474 1196 26094 77555 70998 1142 48614 7729 6954 19249 108592 1198 30039 25146 26205 30232 139804 23671 12267 75878 5546 8973 88159 777 561 6634 127744 1132 1247 16008 4030 27132 263016 1003 189572 2598 29572 3950 168754 252399 3544 21907 443 146545 50770 36752 97873 51668 224850 135387 45876
internal_value=-0.00010181 -0.00802681 0.00210157 -0.00652364 -0.0093116 0.000172792 -0.0138613 -0.0150925 -0.00206105 -0.0230253 0.00385257 -0.00183147 0.00326121 0.00510042 -0.0237505 -0.0334068 0.00640029 -0.00450246 0.00226801 0.000653878 0.00882647 -0.0132398 -0.00347495 -0.0026775 0.0059035 -0.00385569 -0.00272212 -0.0143992 0.00668861 0.00923693 0.00219115 -0.00357853 -0.00583703 -0.00513877 0.0307113 0.056032 -0.0003408 -0.00623196 -0.00126691 -0.0130714 0.00187107 0.0145121 0.00519696 -0.00716117 -0.00951862 0.00097661 -0.00342251 -0.000116429 -0.0207843 -0.0053691 -0.0164726 -0.0263275 0.00337751 0.0494096 -0.0287228 0.00367162 0.00367879 -0.00242725 0.00507209 -0.00136816 -0.000936479 0.00148854
internal_weight=4.01668e+06 873808 3.14287e+06 794229 488844 1.49553e+06 211672 198001 305385 79578.9 1.64734e+06 685967 1.36313e+06 477997 34879.9 14484.8 1387.56 245707 885131 412827 132465 163121 255594 234365 22265.3 235051 129165 145888 284214 129895 283662 212100 277172 252886 6426.52 1505.75 440260 105829 110093 7439 809559 42070.8 49791.1 144860 1272.96 507955 17232.6 14474.4 2758.23 179110 103991 952.347 301603 622.456 42104.8 345532 472304 108026 158964 314557 106271 142639
internal_count=3278516 1969652 1308864 1625864 1222185 961192 711857 692010 403679 343788 347672 558827 310277 101339 154418 76863 5865 260869 208938 123172 24475 537592 372722 325060 26344 243573 39565 500795 37395 13724 83607 298716 510328 458021 1457 680 297958 157783 32611 2379 402365 5226 30957 271989 5689 266906 36797 30249 6548 194959 360991 4547 135459 677 219555 76864 85766 186032 67676 231484 140933 67783
cat_boundaries=0 92 187 282 378 379 474 547 634 726 727 821 910 911 1007 1098 1192 1282 1377 1456 1552 1647 1735 1828 1920 2012 2104 2196 2281 2377 2378 2379 2380 2472 2564 2657 2747
cat_threshold=0 2148007936 0 0 0 16778240 0 0 0 1024 0 0 0 82049 6 134250496 65536 0 0 0 0 0 0 8388608 0 0 0 0 0 0 0 0 0 0 335544320 0 136315008 0 2360320 0 0 0 536870912 0 0 524288 16 8256 0 0 0 0 0 0 0 0 0 0 0 0 0 0 32 0 0 0 0 0 0 0 0 0 0 0 0 0 0 0 0 0 16384 0 0 0 0 0 1048576 0 0 0 0 16777216 16384 0 0 0 0 0 0 4194304 16384 0 4096 0 0 0 0 0 0 0 0 0 2048 0 33554432 0 0 0 0 32768 0 81924 16 0 0 0 0 0 0 0 0 0 0 0 0 0 0 0 0 0 0 0 0 0 0 0 0 0 512 0 4194304 0 2048 4 0 0 0 0 0 128 16384 0 0 0 0 4352 0 0 0 0 512 0 1024 0 8192 0 0 0 0 1048576 4 4096 0 576 2097152 268435456 8449 16384 0 0 0 0 0 0 0 0 0 0 262144 0 0 0 0 0 8192 0 0 2048 1024 0 1048576 0 2147483648 0 0 0 65540 16 0 0 0 0 0 0 0 0 0 0 0 0 0 0 0 0 0 0 0 0 0 0 0 0 0 512 0 0 128 0 4096 0 0 0 0 0 16777216 0 0 0 33554432 393216 4608 0 24576 0 0 512 0 2181039104 0 8192 268435456 0 0 65536 1048576 68 0 0 0 0 0 1 0 0 65544 0 0 0 5 0 1024 2048 0 0 0 0 0 0 0 2097152 0 0 1024 0 0 0 0 1024 0 0 0 16 0 0 268443648 0 262144 0 0 0 0 0 0 0 1048576 0 524288 0 0 0 0 0 0 64 0 0 0 0 268435456 8192 0 4 67584 0 0 536870912 0 0 4096 128 0 0 0 0 8 0 128 0 0 0 67108864 0 0 0 0 0 0 0 0 528 512 524288 0 0 0 0 0 1 4 0 0 0 0 0 0 0 0 0 0 0 0 0 0 0 0 0 0 0 0 0 0 0 0 0 0 0 0 0 0 0 0 0 0 0 0 0 0 0 0 0 0 0 0 0 0 0 0 0 0 0 0 0 0 0 0 512 0 4194304 0 2048 4 0 0 0 0 0 128 16384 0 0 0 0 0 0 0 0 0 0 0 0 0 0 0 0 0 0 1048576 0 4096 0 0 0 0 8192 0 0 0 0 0 0 0 0 0 0 0 0 0 0 0 0 0 0 0 0 0 0 0 0 0 0 0 0 0 0 0 0 0 0 0 0 0 0 0 0 0 0 0 0 0 0 0 0 0 0 0 0 0 0 0 0 0 0 0 0 2048 0 0 0 0 0 0 0 0 0 0 0 8 0 0 0 0 0 1024 0 134217728 0 0 4 0 0 134299648 32770 2281701376 65536 0 0 0 0 0 2 8388608 0 0 0 0 0 0 0 0 0 0 262144 0 136315008 0 0 0 0 0 4096 0 32768 0 33554432 8256 268435968 0 4096 0 1048576 0 0 0 0 0 0 132 0 0 0 0 0 0 0 0 0 0 0 0 0 0 0 0 0 0 0 0 16512 4 0 0 0 0 1048576 16384 0 0 0 0 0 0 0 16384 0 4096 0 0 0 0 0 0 0 0 0 2048 0 33554432 0 0 0 0 0 0 16388 16 0 0 0 0 0 0 0 0 0 0 0 0 0 0 0 0 0 0 0 0 0 0 0 0 0 0 0 0 0 2048 0 0 0 0 0 0 0 0 0 0 0 0 256 0 0 0 0 512 0 0 0 0 0 0 0 0 0 0 0 0 576 768 0 0 0 0 64 0 0 0 16384 0 4096 0 0 0 0 0 0 1 0 0 0 0 0 1 0 0 1024 32768 0 16384 0 0 0 0 8 0 0 0 0 0 0 0 0 0 0 0 0 0 0 2048 0 0 0 16384 3104 0 0 0 32768 32768 64 0 0 0 0 0 2 0 0 32768 0 8192 0 0 0 0 2147483648 0 134217728 0 0 134217732 0 0 0 0 32 8388608 0 536875008 0 2097168 2097152 268435456 0 1052672 0 64 0 294912 0 0 17410 0 0 0 0 0 1073741824 0 0 268436480 0 0 0 0 0 0 2097152 512 0 0 0 0 1073741824 0 8 0 262144 2684354560 0 0 1 0 8 16777216 1048576 524288 2752512 32768 0 0 0 0 0 0 0 0 0 0 0 0 0 0 2048 0 0 8192 0 0 0 0 0 0 0 0 0 0 0 0 32768 0 0 0 128 0 0 0 0 0 0 0 512 4 0 0 0 0 64 0 0 0 0 0 4096 0 0 8388608 0 0 0 0 0 0 2048 8388608 2 0 0 2147483648 0 0 0 65536 0 0 0 268959744 0 0 0 0 0 0 0 0 0 0 268435456 16 0 0 512 262144 0 0 0 0 270368 0 0 0 0 0 0 0 0 0 0 16777216 0 16777216 0 0 0 0 0 0 130 0 0 0 671088640 67108864 0 4 0 268435520 0 0 0 8388608 0 536870912 0 16 0 0 1 1 1 0 0 268435520 0 278528 0 65536 1026 67108864 0 262144 16777216 0 0 0 0 2105344 262144 16 0 8389632 0 0 0 1024 0 33554432 0 0 0 0 0 0 8 0 0 0 0 0 0 0 0 0 0 0 0 0 0 262144 0 0 0 0 0 0 0 0 64 0 0 0 0 0 0 8 0 0 0 0 0 0 393216 0 0 16384 0 0 0 0 2181038080 0 0 192 0 0 32 0 0 0 268435456 0 0 0 0 0 0 0 0 0 0 0 0 0 0 0 0 0 0 0 0 0 0 0 0 0 0 0 0 0 0 0 0 0 0 0 0 0 0 0 0 0 0 0 0 0 0 0 0 0 0 0 0 0 0 0 0 0 0 0 0 0 0 0 0 0 0 0 0 0 0 0 0 0 4096 0 0 0 0 0 0 0 0 0 0 0 0 0 0 4 0 0 0 0 268435456 16384 0 0 0 0 0 0 4194304 0 0 4096 0 0 0 0 0 0 0 0 0 0 0 0 0 0 0 0 32768 0 65536 0 0 0 0 0 0 0 0 0 0 0 0 0 0 0 0 0 0 0 0 0 0 0 0 0 0 0 0 0 0 0 4 0 0 0 0 0 0 0 0 0 0 0 256 0 0 0 0 512 0 0 0 8192 0 0 0 0 1048576 0 4096 16384 4096 65536 0 0 0 524288 0 0 0 0 0 0 134217728 32768 0 0 1024 0 0 0 0 2 0 0 512 0 0 0 0 0 0 0 524288 0 0 0 67108864 67108864 0 0 0 4096 524288 32768 0 256 0 268435968 0 4096 0 0 0 32 0 512 0 0 132 0 4 0 4194304 0 0 4096 0 0 0 0 33554432 0 256 0 0 0 0 0 0 4194432 0 0 0 0 0 0 0 0 4096 0 0 0 0 8192 0 0 0 0 0 0 0 0 0 0 0 0 0 0 0 0 0 0 0 0 0 0 0 0 0 0 0 0 0 0 0 0 0 0 0 0 0 0 0 0 0 0 0 0 0 0 0 0 0 0 0 0 0 0 0 0 0 0 0 0 0 0 0 0 0 0 0 0 0 0 0 0 0 256 0 0 0 0 512 0 0 0 0 0 0 16 65536 0 0 0 0 16777216 8388608 0 0 0 0 0 16 0 0 2 1048576 0 2147483648 1024 0 0 0 0 0 8192 0 0 0 0 0 0 0 0 0 0 0 0 0 0 0 0 0 0 0 0 16384 1056 0 0 512 0 132 0 0 0 8192 0 0 0 16777216 0 0 0 33554432 393216 576 0 0 0 0 134217728 0 0 8192 0 268435456 524288 0 131072 8192 0 1048576 0 16 0 0 0 1 0 1 16777224 0 0 0 526352 134217728 1 0 0 4 0 0 0 2147483648 0 2097152 0 0 0 0 0 0 4194304 0 0 0 0 4 0 0 8388608 0 0 67108864 33554432 0 524288 1048576 32768 0 4096 0 268468228 2048 33554432 0 0 0 0 0 0 0 0 0 268435456 0 0 0 0 0 0 536870920 0 0 2 0 0 0 0 0 0 0 0 16384 0 0 0 0 0 0 0 0 0 0 0 0 0 0 0 2097152 0 0 1 0 0 0 0 65600 268435456 5 4259840 0 2056 6 0 0 0 0 0 0 16777216 0 16 4 0 0 0 0 0 0 0 0 16388 0 33554432 268435456 0 0 67108864 0 0 0 0 32768 0 0 0 0 16 8 0 0 8192 0 0 0 128 0 0 8 0 0 0 2048 0 0 4194304 0 0 0 0 0 0 0 0 8 0 0 0 512 0 0 0 0 0 2048 0 0 0 0 8208 0 1048576 0 0 0 268435456 0 4194304 16384 0 4096 0 16777216 0 0 0 0 16785409 0 0 2048 0 33554432 0 0 0 0 1 0 65536 0 33554432 0 0 0 0 0 0 0 0 0 0 0 0 0 0 0 0 0 0 0 0 0 0 0 8192 8 0 64 0 0 0 0 0 0 8 0 0 0 0 0 0 131072 64 128 16384 512 0 134217728 67108864 33555456 4 0 0 0 0 0 9437184 64 0 0 0 2097152 0 0 0 0 2048 0 0 0 1025 67108864 2 0 16777216 65536 0 0 0 16785408 0 0 0 0 0 0 0 1024 0 1 0 0 0 33554432 0 0 0 0 0 0 0 0 8 0 0 0 0 0 0 0 0 0 0 0 67108864 536871040 1024 8192 0 8192 0 128 65536 0 0 0 0 8 0 0 0 0 0 0 0 64 128 2147483648 512 0 0 0 0 4 0 268435456 0 0 0 536870912 64 1048576 0 16 0 0 0 0 0 0 0 0 0 0 4096 0 0 0 0 0 0 0 0 0 0 0 0 0 0 0 0 0 0 0 0 0 0 0 0 0 0 0 0 0 0 0 0 0 0 0 0 0 0 0 0 0 0 0 0 0 0 0 0 0 0 0 0 0 0 0 0 0 0 0 0 0 0 0 0 0 0 0 0 0 0 0 0 0 0 0 0 0 0 0 0 16 0 0 0 0 0 0 0 0 0 0 4096 0 0 0 0 0 0 1 0 0 0 0 0 0 0 0 0 0 0 0 0 0 0 0 0 0 0 0 0 0 0 0 0 0 0 0 0 0 0 0 0 0 0 0 0 0 0 0 0 0 0 0 0 0 0 0 0 0 0 0 0 0 0 0 0 0 0 0 0 0 0 0 0 0 0 0 0 0 0 0 0 16 0 0 0 0 0 0 0 1073741824 0 0 0 0 0 0 1073741824 0 0 0 0 0 0 0 0 0 2097152 2147484160 0 0 0 0 0 0 8 524288 2048 2684354560 0 0 0 0 0 0 1048576 0 2097152 526336 256 0 0 0 0 0 0 2147483648 8192 2 0 0 0 0 65600 0 0 541065216 0 0 4098 8388608 0 32768 0 8192 0 0 0 8 0 0 0 0 0 0 0 0 524288 0 0 16 512 0 0 16777216 0 4096 0 0 16779264 268730368 524288 138412032 0 0 2048 4 0 0 0 2147483648 0 1024 0 16 0 0 0 0 2097152 536870912 0 0 0 0 0 0 8388608 0 0 2684354560 0 0 1 0 0 16777216 4096 0 2260992 32768 0 0 0 262144 0 0 0 0 262144 8192 0 0 0 0 0 0 0 0 0 0 0 0 0 0 0 0 0 0 0 0 0 8 0 0 0 8192 0 0 524288 0 0 65536 0 0 0 1 0 0 0 0 0 0 0 0 0 0 0 0 0 0 0 0 0 0 0 0 0 0 0 0 0 0 0 0 0 0 0 0 0 0 0 1048576 0 0 0 0 0 0 0 0 64 0 0 0 0 268435456 8192 0 4 65536 0 0 0 0 0 0 0 0 0 0 0 0 0 0 0 0 0 67108864 0 0 0 0 0 0 0 0 0 0 0 0 0 0 0 0 1 135 769 167 0 0 16777216 268435456 0 0 0 0 0 0 2 0 0 0 0 0 0 0 262176 0 0 0 2 1048576 0 0 1024 0 0 0 1073741824 0 0 0 8 0 0 0 0 0 0 0 0 0 270532608 0 0 0 268435968 10240 0 0 0 0 262176 0 0 0 64 128 0 0 0 0 0 0 0 0 0 0 0 33554432 0 0 0 2147508224 0 0 0 0 2147483648 8192 2048 128 0 0 0 8396800 64 0 0 16 0 1048577 0 0 0 1024 0 134217728 1024 0 4 0 0 134283264 1073774592 2147483648 0 268436480 0 0 0 0 0 8388608 2097152 0 0 0 0 0 0 0 0 0 0 536870912 33554560 0 0 0 0 0 1048576 0 32768 524288 33554432 0 0 0 0 0 1048576 0 0 0 0 0 0 0 0 0 0 536870912 0 0 2 8388608 0 0 0 0 0 0 0 8 0 0 0 0 4210816 0 0 0 0 0 1048576 0 0 0 0 2097152 16384 0 0 0 0 0 0 0 0 0 4096 0 0 0 0 0 0 8193 32 0 0 0 0 0 0 0 0 0 0 0 0 0 0 268435456 0 0 0 0 0 0 0 0 0 0 0 0 0 0 0 2048 0 0 0 0 0 0 512 0 32768 128 0 4100 0 0 0 8 0 0 0 0 0 33554432 131072 4352 0 16384 0 0 134218240 0 2181039104 8192 0 192 0 0 0 1056784 0 1048576 0 16 2097152 0 0 0 0 0 0 2048 0 0 67108864 0 0 0 0 0 0 0 0 0 16 4 8389632 0 0 0 2147484672 0 33554433 0 0 0 0 268435456 0 8 0 0 0 0 0 0 0 0 0 0 0 0 0 0 0 0 64 0 0 0 0 0 0 0 32768 0 0 0 0 0 0 0 16777216 0 0 1073741824 134217728 8 512 128 16384 32768 0 0 67108864 33554432 4 2048 268435456 0 0 131072 536870912 0 538443776
is_linear=0
shrinkage=0.05


Tree=54
num_leaves=63
num_cat=39
split_feature=10 0 11 5 6 8 0 15 5 0 0 5 0 0 10 6 8 0 0 3 0 0 0 0 0 0 0 0 0 3 19 0 3 0 10 14 0 14 3 3 0 0 0 0 9 0 19 0 15 3 0 0 0 10 5 0 10 6 0 0 11 0
split_gain=25657.6 6110.41 5180.02 4161.5 2335.98 1585.8 1722.64 1425.2 1341.36 1347.36 1320.96 1286.76 1224.57 1075.08 1002.44 987.84 860.266 799.612 675.949 654.566 626.678 622.591 611.028 607.064 590.792 576.254 568.705 537.444 537.334 507.085 536.342 969.212 704.006 611.192 498.545 533.129 685.612 496.56 491.673 488.635 708.333 468.435 464.413 458.026 455.528 426.714 422.402 510.047 422.217 414.76 469.055 397.576 393.873 484.226 418.159 390.344 385.846 381.088 614.794 378.384 374.43 369.528
threshold=0.48214285075664526 0 1.828455984592438 1.5000000000000002 1.0000000180025095e-35 1.0000000180025095e-35 1 3.5000000000000004 1.0000000180025095e-35 2 3 1.0000000180025095e-35 4 5 0.053571430966258056 1.0000000180025095e-35 1.214285731315613 6 7 8 9 10 11 12 13 14 15 16 17 18 1.0000000180025095e-35 19 20 21 1.0000000180025095e-35 0.96103128790855419 22 1.0011169314384463 23 24 25 26 27 28 29.202103614807132 29 1.0000000180025095e-35 30 1.0000000180025095e-35 31 32 33 34 6.8392858505249032 20.500000000000004 35 2.4107142686843877 1.0000000180025095e-35 36 37 16.665846824646 38
decision_type=2 9 2 2 2 2 9 2 2 9 9 2 9 9 2 2 2 9 9 1 9 9 9 9 9 9 9 9 9 1 2 9 1 9 2 2 9 2 1 1 9 9 9 9 2 9 2 9 2 1 9 9 9 2 2 9 2 2 9 9 2 9
left_child=1 14 7 4 5 6 -3 16 9 -4 -6 12 34 15 -1 -11 25 37 -7 27 -12 -13 -5 -21 -20 -2 -14 -9 44 42 33 32 -32 -31 35 36 -8 52 41 40 -22 -26 56 -41 60 -25 -27 -48 -18 50 -24 -47 53 54 -10 -51 -19 58 -30 -29 -15 -40
right_child=2 3 8 22 10 18 11 19 17 13 20 21 26 28 -16 -17 48 29 24 23 39 -23 49 45 38 46 -28 59 57 30 31 -33 -34 -35 -36 -37 -38 -39 61 43 -42 -43 -44 -45 -46 51 47 -49 -50 55 -52 -53 -54 -55 -56 -57 -58 -59 -60 -61 -62 -63
leaf_value=-0.031963910230263452 0.0011546229709840808 0.0016873918902482331 -0.018029749350021992 -0.015714479443463183 0.022341188991881224 -0.015032390082120844 0.092334285933560994 0.010699173416996468 0.010322271160640967 -0.019928929273103843 0.0094075803729650603 0.025965762651453235 -0.0073533131960338118 0.0056820834753197515 -0.019255442653934311 -0.0016045907430130403 0.0023935035551347437 0.023124182767556817 0.013398468377713297 0.0042387270304605059 0.025798116168788018 -0.00730091866374088 0.036346139310190158 0.0017109269159403786 0.015893751363943161 -0.0067675707355645794 -0.018480636509323252 0.0063516430601214509 -0.012222899381767023 0.003108223585262642 0.012554978341866667 0.0015683448975407372 0.0040035246712963385 -0.00033243239283156244 -0.018931184147343356 -0.039962786493068135 -0.019438162652826108 0.0029176236365761419 0.0023494722008480283 0.0037155658563678877 -0.0023051000756661943 -0.0047887538631413516 0.0022722358573971668 -0.0090983495085525303 -0.019961639689985853 9.1507794324179853e-05 0.006635098141452439 -0.0041473808053232959 -0.0019979853200293787 0.010744283048329294 0.00760135415822304 -0.0047635732930451707 0.0041884695750523835 0.0059606927122119657 0.027404711956956814 0.00062717563155940026 0.0062389721088229886 0.0019320210804707222 -0.00024334948293414294 0.00095613786961339922 0.020778502455310356 -0.010385442958067094
leaf_weight=21736.701846957207 37615.774570852518 12997.046170458198 10333.113768994808 4396.3600956201553 4826.4647877812386 34764.43035261333 142.15615440905094 19144.423634499311 28867.494307637215 11557.468635469675 7578.9918324649334 1550.6441933512688 13389.050254747272 41662.72720426321 54231.559330567718 20225.829126119614 73487.535124123096 3486.9560393691063 3359.1842911690474 48723.4010823071 2498.4923097789288 14254.952146068215 1830.1570584774017 62404.842940151691 2911.4288481473923 190099.18194463849 82598.480883434415 39897.233862012625 13669.297806084156 207350.09372526407 42054.40844810009 194221.27220648527 56332.617882847786 341877.37786400318 6049.413346350193 11568.590240210295 1397.9542818516493 334683.56353843212 6043.6010623276234 7862.6003892719746 21108.590396791697 43661.105725809932 115399.65833890438 61621.025079250336 1600.5731523036957 64792.87511536479 12815.680593580008 75751.963658183813 214471.44622981548 11286.956053256989 6287.2726072371006 120768.67727789283 335881.5852535367 229317.95006632805 4090.0349404811859 61122.364046275616 113819.4235035181 123894.78220283985 49353.528994709253 175000.70083263516 4556.5763496160507 99922.734780490398
leaf_count=125652 37655 19165 10136 9292 4073 111999 417 11994 7481 10493 8694 1878 30486 16069 214961 8514 53064 1575 5244 31711 3481 30854 819 45430 5443 246903 313890 28131 10300 56515 8161 60749 16359 120391 22860 66097 6805 56395 11727 11597 43533 102982 36596 134699 181 51836 14047 100240 159709 6710 4936 130831 57409 16053 261 53384 19888 53803 33077 160786 597 254579
internal_value=-0.000107717 -0.00963524 0.00156695 -0.00771697 -0.00967253 -0.0117179 -0.0156793 -0.00119395 0.00293876 -0.000323824 -0.00318504 -0.0174018 -0.0192395 0.000363304 -0.0228887 -0.00826533 -0.00285448 0.00338873 -0.00872705 0.000696574 -0.00441064 -0.00402541 0.0024166 -0.000863005 -0.00731956 -0.00465464 -0.0169294 0.00267354 0.00153192 0.00245885 0.00188773 0.00361681 0.00765965 0.000966571 -0.0307883 -0.0362837 -0.00864796 0.00445978 -0.00777666 -0.00553654 0.000678912 -0.00349268 0.00452477 -0.00764803 0.00626094 -0.00186558 -0.00543864 -0.00258688 -0.000877271 0.00340799 0.0141189 -0.0030684 0.00532273 0.0067749 0.0124422 0.00220547 0.00674031 0.000321804 -0.00284362 0.0019581 0.00717038 -0.00965898
internal_weight=4.02021e+06 600998 3.41921e+06 525030 440107 334611 143948 1.13497e+06 2.28424e+06 276854 105496 130951 115146 266521 75968.3 31783.3 604242 2.00738e+06 190662 530732 100670 15805.6 84923.1 296690 155898 316283 95987.5 234042 234737 1.07454e+06 841836 292608 98387 549227 19158.1 13108.7 1540.11 932841 152539 93090.7 23607.1 46572.5 232706 69483.6 47819.9 247966 278667 88567.6 287959 80526.7 8117.43 185562 598157 262275 32957.5 72409.3 117306 186918 63022.8 214898 46219.3 105966
internal_count=3279597 1606257 1673340 1265644 1190503 984426 492452 1072337 601003 143170 206077 473287 440555 133034 340613 19007 611618 457833 491974 460719 202004 32732 75141 259808 379975 398845 344376 200911 114027 320234 262175 85269 24520 176906 96179 73319 7222 137599 374731 193310 47014 108425 58059 146296 16847 228097 361190 114287 212773 65849 5755 182667 81204 23795 7742 60094 21463 97180 43377 188917 16666 266306
cat_boundaries=0 92 187 274 369 459 554 649 742 743 831 923 1010 1104 1199 1294 1388 1483 1578 1579 1669 1670 1762 1841 1842 1843 1939 2027 2119 2210 2305 2401 2402 2498 2594 2689 2785 2880 2970 3061
cat_threshold=0 2148007936 0 0 0 17040384 0 0 0 0 0 0 0 82049 6 134250496 65536 0 0 0 0 0 0 0 0 0 0 0 0 0 0 0 0 0 67371008 0 134217728 0 2360320 0 0 0 536870912 0 524288 524288 16 8256 0 0 0 0 0 0 0 0 0 0 0 0 0 0 32 536870912 0 0 0 0 0 0 0 0 0 0 0 0 0 0 0 0 16384 0 0 128 0 0 0 0 512 0 0 16777216 16384 0 0 0 0 0 0 0 0 0 0 0 0 0 0 0 0 0 0 0 0 1024 33554432 0 0 0 128 0 0 65540 16 0 0 0 8 0 33554432 0 0 0 0 0 0 0 0 0 0 0 4096 0 0 0 0 0 0 0 0 0 4194304 32896 0 0 0 0 0 0 0 25165824 0 0 0 33554432 262144 4608 0 24576 0 0 512 0 2181039104 0 8192 0 0 0 0 1048576 68 4096 0 0 2097152 0 1 0 0 16777216 0 2048 0 0 0 0 0 4 0 0 134217728 32768 0 0 268435456 0 0 0 0 2 1 2097152 0 0 0 0 0 0 0 0 524288 0 536870912 0 67108864 524288 0 0 0 0 0 0 0 0 4 268436224 0 0 4 1048576 2147483648 0 2 0 0 0 32896 0 4096 0 0 0 0 0 0 0 0 0 33554432 0 0 0 0 0 0 67108864 0 16384 8196 0 0 524288 0 65536 16384 0 0 0 0 0 0 4194304 16384 0 4096 0 16777216 0 0 0 0 8192 0 0 2048 0 2 1048576 0 0 0 0 0 0 0 0 0 0 0 0 0 0 0 0 0 0 0 0 0 0 0 0 0 0 0 0 0 0 0 0 512 8192 4194368 0 2048 4 0 0 0 8 0 128 16384 0 0 0 0 4160 0 0 0 0 0 0 1024 4 8192 0 0 0 0 1056768 64 528384 0 16 2097152 268435456 8192 0 0 65544 0 16777216 0 5 138412032 0 2050 0 0 0 0 0 0 0 2097152 0 0 1024 0 0 0 0 536871936 0 0 0 16 0 0 268443648 0 0 0 0 0 0 0 0 0 0 0 0 0 0 0 0 262144 0 64 0 536871040 0 0 268435456 8192 0 4 65536 0 0 0 0 0 4096 128 0 0 0 0 8 0 128 0 0 0 67108864 0 0 0 0 0 0 0 0 528 0 524288 0 1048576 0 0 0 268435456 0 0 0 0 0 0 0 8454144 0 0 0 0 0 0 0 0 8388608 0 0 2147483648 0 0 0 0 0 0 131072 0 0 0 0 0 0 0 32768 0 0 0 4 0 0 0 0 0 4096 0 0 0 2080 8 0 0 4227072 4 0 0 0 0 0 0 4096 0 0 32768 0 16384 0 4096 2 0 2147483648 0 536871424 0 0 0 1048576 268435456 0 0 0 16 0 537395200 0 16777216 0 268435456 1 0 0 0 268435456 2048 0 0 0 0 67108864 4096 0 0 8388608 0 0 0 0 0 0 0 0 2 0 0 2147483648 0 0 0 0 0 0 268435456 0 0 0 33554432 0 0 0 0 0 0 0 0 0 0 0 512 0 0 0 0 16384 0 0 8 0 4194304 132 2048 0 0 0 0 0 0 0 0 0 1073741824 167772160 131072 320 0 0 0 0 512 0 0 4 8192 0 0 0 0 0 4 0 0 80 2097152 268435456 8193 0 4097 0 64 0 32768 524288 0 1024 1024 2048 0 0 0 0 2147483648 0 1024 0 0 0 0 2 8388608 0 512 0 0 0 0 1073741824 0 0 524288 268435456 2147483648 2097280 67108864 1 0 0 0 1052672 524288 2260992 32768 0 0 0 0 0 0 0 0 0 0 0 0 0 4 2048 0 0 0 0 0 0 0 0 0 0 0 0 0 0 0 0 0 0 0 0 0 0 0 0 0 1048576 0 0 0 0 0 2097152 135 0 0 0 0 0 0 4 65536 0 0 0 0 0 0 0 0 0 0 0 0 0 1024 0 0 0 2147484672 0 0 0 81920 16 33554432 0 268435456 0 0 0 0 0 0 0 0 0 0 0 0 0 0 0 262144 0 0 0 2147483648 1056 8192 0 0 32768 132 0 4096 0 0 0 16777216 0 16777216 0 32768 0 0 8 0 128 2147483648 512 0 0 67108864 0 8192 0 268435520 0 0 32 536870912 0 0 0 0 0 268435456 4 65536 16384 0 8392706 262144 16777216 0 0 0 0 8192 0 0 0 0 0 0 0 0 0 0 0 0 0 33554432 268443648 0 0 0 0 0 0 0 0 0 0 0 0 0 0 0 0 0 0 64 0 0 0 8192 0 0 0 4 0 4 0 0 0 16777216 0 0 0 32768 0 0 0 256 128 2147483648 0 0 0 67108864 0 4 0 0 0 0 196608 536879632 0 524288 0 16 0 1052672 65536 64 0 0 0 0 2 0 2048 0 0 0 1073741824 2147483648 0 268436480 0 0 0 0 0 8388608 0 512 0 0 0 0 1073741824 0 8 0 268435456 2684354560 2097152 0 1 0 0 0 1048576 0 2228224 32768 0 0 0 0 0 0 0 128 0 8 0 0 0 0 0 0 0 8200 0 0 0 8388608 0 0 0 0 0 0 2 0 32768 0 0 0 128 0 0 0 0 0 1048576 0 0 65536 0 0 0 2048 4259840 0 0 4096 0 16777216 0 0 0 0 0 0 0 2052 525312 0 0 0 1024 1024 33587201 0 81920 16 0 268435456 0 0 0 0 0 67108864 0 0 0 0 0 0 0 0 0 0 0 0 0 0 0 0 0 512 0 0 0 0 0 0 0 0 0 0 0 0 0 0 33554432 8 4352 128 0 32768 0 0 0 2147483648 0 0 64 0 0 0 0 0 0 0 528 0 268435456 0 0 0 0 0 0 0 4259840 16384 0 0 0 16777216 0 0 0 0 8192 262144 16 2048 1024 0 1048576 0 0 0 0 0 65536 0 0 0 0 0 0 0 0 0 0 0 0 0 0 0 0 0 0 0 262144 0 0 0 0 8224 0 512 0 64 0 0 4 0 0 0 16777216 0 0 0 32768 0 33554432 0 768 0 16384 0 0 0 67108864 1024 8196 8192 0 0 0 0 8192 0 536870912 0 16 0 0 1 16384 0 65536 0 2048 0 4 4259840 0 0 4096 0 16777216 0 0 0 0 8193 0 0 0 0 0 0 0 0 0 0 0 81920 16 0 0 0 0 0 0 0 0 0 0 0 0 0 0 0 0 0 0 0 0 0 0 536870912 3072 0 0 8704 4194304 0 0 0 0 0 0 8 0 0 0 0 0 0 131072 256 0 0 512 0 512 0 1024 0 2048 128 0 0 32 0 0 536875008 0 512 0 0 256 0 0 16777216 268435456 0 16384 0 0 16384 0 0 262144 0 0 0 0 0 1 32 0 4 524288 0 1 0 2147487744 1024 0 0 0 0 0 0 0 0 0 0 0 0 0 0 0 0 0 0 0 0 0 0 0 0 0 0 16384 32 8 8 0 64 0 64 4100 0 8192 0 0 0 0 0 0 1073741824 0 131072 320 0 0 0 0 0 0 0 134217728 0 268435520 0 0 0 8388608 0 0 268435456 0 0 268435456 0 0 16777216 0 0 0 0 0 0 0 4096 0 0 0 0 0 0 8192 0 0 0 0 0 0 0 0 0 0 0 0 16 0 0 0 0 0 0 0 1024 0 0 0 0 0 2097152 0 0 0 0 2048 0 64 0 0 1024 0 0 0 4227072 32896 0 4 0 0 0 0 0 0 0 0 0 33554432 0 512 0 0 0 0 134218240 67108864 0 8192 8192 128 0 0 0 9445888 68 524288 0 80 0 0 256 0 0 0 268435456 65536 16384 5 0 1 0 2 0 0 0 0 0 0 0 262144 16 0 8389632 0 0 0 0 0 0 0 65540 0 0 0 268435456 2056 67108864 33554432 0 0 0 0 0 0 0 0 0 0 0 0 0 0 0 0 536887296 0 0 520 0 0 0 65536 0 0 0 0 0 0 128 0 0 0 8192 8 256 0 0 0 0 0 0 0 0 0 0 0 0 0 1048576 0 4096 268435456 64 0 0 256 4 0 0 0 0 0 0 0 0 0 0 0 0 0 0 0 0 0 0 0 0 0 0 0 0 0 0 0 1 0 0 0 0 0 0 0 0 0 0 0 0 0 0 0 0 0 0 0 0 0 0 0 0 0 128 0 8192 8389120 8704 536903744 0 0 4 0 0 0 16777224 0 16777344 16384 32768 0 0 8 512 0 16384 32768 8 0 0 1024 0 0 268435456 0 0 0 1048576 0 536875008 768 16384 0 0 0 0 268435456 4 0 16384 0 2 262144 16777216 0 0 0 0 8192 0 16 2048 524288 33554432 0 0 1024 0 0 0 4 16 0 0 0 0 0 0 0 0 0 0 0 0 0 268435456 16 0 0 0 10240 4096 0 67108864 2684354560 262144 0 0 0 0 0 0 0 0 0 0 0 0 0 0 0 0 0 0 0 0 0 512 0 536870912 0 0 0 0 128 0 0 65536 536870912 0 1048576 0 16777728 0 0 0 0 0 0 0 0 0 0 0 0 0 0 0 0 0 0 0 0 0 0 0 0 0 0 0 0 0 0 0 0 0 0 0 0 0 0 0 0 0 0 0 0 0 0 0 0 0 0 0 0 0 536870912 0 0 0 8192 0 0 0 0 0 0 0 0 0 128 0 0 0 0 8 0 0 0 0 0 67108864 39 7 0 0 0 0 2048 268435456 0 0 0 8 0 262144 0 0 0 0 0 16777216 32 0 0 0 0 0 0 0 1024 0 0 4 0 0 268443648 524288 0 0 0 0 0 1048576 0 0 0 0 0 16 0 4 4608 8192 4096 64 0 0 8192 0 0 512 0 32768 64 0 0 4194304 0 0 0 0 0 0 0 134234112 131072 0 0 8192 0 0 0 0 536870912 0 0 0 0 0 65536 0 0 8192 0 0 0 0 0 1 0 0 0 0 64 268451840 2048 0 0 0 8388608 0 0 8388608 0 0 0 1 0 0 0 0 8388608 0 0 2147483648 0 0 0 0 0 33554432 268443648 0 0 0 33554432 0 0 0 0 0 0 0 0 0 0 0 0 8192 0 0 0 16512 2048 0 0 0 32768 128 0 4096 0 4194304 0 0 0 16777216 0 0 0 0 0 4096 0 2147483648 512 0 536871424 0 2147483648 0 2048 0 0 0 32 545259520 16384 0 0 0 0 0 4 4194304 0 2 0 0 0 0 0 0 0 16777216 32 0 2048 0 0 0 0 0 0 32768 0 65540 0 33554432 131072 268435456 0 0 0 0 0 0 0 0 0 0 0 0 0 0 268435456 0 0 0 0 0 1024 0 0 0 0 0 64 4 0 0 0 0 0 0 0 0 0 0 0 4608 0 0 0 8 134217728 0 2147483648 8192 0 128 0 0 65536 9445376 64 4096 268435456 512 0 0 0 0 2097152 0 0 0 0 67108864 8388610 0 0 0 0 0 0 1 262144 0 0 8388608 0 0 0 4096 0 32768 0 0 0 0 0 0 0 0 0 0 0 0 0 0 0 0 0 0 0 0 0 10240 0 0 0 0 2048 2 8388616 0 536870912 0 64 0 0 0 0 0 2 0 0 0 0 33554432 262144 256 0 0 0 0 671088640 0 0 134217728 0 0 524288 0 131072 528 4 537919488 268435456 0 0 0 0 0 16384 0 0 3 67108864 2 0 0 0 0 0 0 16777216 32 16 0 8388608 0 1048576 0 0 0 0 0 0 0 0 0 268435456 0 0 0 0 0 0 0 0 0 0 0 0 0 0 4096 2048 0 0 0 536870912 1024 0 0 512 0 0 2048 0 0 8192 0 0 0 128 0 0 0 0 262144 512 0 0 0 0 0 67108864 33554432 8192 0 0 524288 0 131104 1056768 0 4096 0 0 2097152 0 256 0 0 0 0 0 0 0 0 0 0 0 0 0 0 0 0 0 16777216 0 0 2048 0 0 0 0 0 0 0 0 0 0 0 0 0 0 0 0 0 0 0 0 0 0 0 0 0 0 0 0 2048 0 0 0 0 0 8192 268435984 0 536903680 132 65536 0 0 0 0 0 0 16777216 16384 32768 1073741824 0 262144 0 0 2147508224 0 8 134217728 0 4194304 0 0 64 0 0 131072 512 516 0 268435456 0 0 268435456 8192 1 4 0 0 0 0 64 0 0 0 0 8 4096 0 0 0 0 0 0 16777216 0 0 2052 0 8388610 0 0 0 0 0 0 65540 0 0 8192 0 2048 0 0 0 0 0 0 0 0 0 0 16 0 0 0 0 0 0 0 0 262144 0 0 8192 0 4 65536 0 0 4194304 0 0 0 0 0 0 0 0 262152 0 0 8192 0 0 671088640 67108864 0 0 0 0 0 0 65536 8388608 4 0 0 0 0 0 1 1 0 0 0 0 2162688 268435456 5 0 0 2048 0 262144 0 0 0 0 0 0 262144 0 0 0 33554432 1 0 2147483648 0 0 0 0 0 0 0 0 8 0 0 0 0 1048576 0 0 0 0 0 0 0 0 0 262144 0 0 0 0 0 0 0 0 536903744 32768 0 0 0 0 0 0 0 16777216 0 0 0 0 0 0 0 16384 512 8 0 0 1024 134217728 1050624 268435584 0 0 0 536870912 64 0 0 0 0 0 0 1 0 0 0 0 2048 0 0 0 0 0 0 0 0 0 0 0 0 0 0 0 0 0 0 0 0 0 0 0 0 0 0 0 0 0 0 0 0 0 0 0 0 0 0 0 0 0 0 0 0 0 0 0 0 16384 0 0 8 0 4194304 4 0 0 0 0 0 0 0 0 0 0 0 0 0 320 0 0 0 0 512 0 0 0 0 0 0 0 0 0 0 0 0 0 0 268435456 8192 16384 0 0 0 0 268435456 0 4194304 0 0 8388614 262144 0 0 0 0 0 0 0 16 0 524288 0 0 0 0 1024 0 0 0 0 0 268435456 0 0 0 0 0 0 0 32768 0 0 0 0 0 0 0 0 0 0 0 0 0 1024 8192 512 0 64 32768 2048 0 0 0 0 8 0 0 16384 0 0 0 8 256 0 0 512 0 0 0 1024 8192 8192 0 524288 0 0 512 0 1572864 0 0 0 0 8192 1 0 0 0 0 0 0 0 0 0 8 0 0 0 0 0 0 0 0 0 0 2052 0 0 1048576 0 0 0 1 0 16384 0 0 268435456 0 0 0 0 0 0 0 0 0 0 0 0 0 0 0 0 8192 0 0 0 0 9216 0 0 0 536870912 0 2048 4 0 4194304 0 0 0 0 16384 0 0 134217728 0 576 128 8192 512 0 0 67108864 0 0 0 128 0 0 0 8388608 4 0 0 16 2097152 0 8192 0 0 0 268435456 2097152 268435456 524288 65536 0 0 0 262144 0 0 0 0 0 0 262144 0 0 525312 0 1048576 0 0 1024 0 0 0 0 0 0 0 8 67108864 33554432 0 0 0 0 0 0 0 268435460 0 0 0 0 262144 0 0 0 0 262144 0 0 0 64 0 0 4096 0 8192 0 0 0 0 0 0 0 0 131072 64 0 2147508224 0 0 536870912 0 2147483648 4 0 268435456 0 0 0 536870912 0 536870912 16384 0 0 0 0 0 0 0 0 0 2 0 0 0 0 0 0 16777216 0 0 0 8388608 33554432 0 0 1024 0 0 0 4 0 0 0 268435456 8 0 0 0 0 0 0 0 0 0 0 0 0 0 0 0 0 64 0 0 3072 0 8388616 8704 536870912 0 0 0 0 0 0 0 0 0 16384 0 0 0 8 64 128 0 2147484160 0 0 0 33554432 134217728 0 64 0 0 196640 0 0 528384 268435456
is_linear=0
shrinkage=0.05


Tree=55
num_leaves=63
num_cat=20
split_feature=10 5 5 10 6 6 10 19 1 3 9 12 3 18 3 15 15 10 10 19 15 1 3 3 5 12 5 11 3 3 17 9 17 11 14 3 17 3 3 19 12 3 10 12 14 2 15 14 1 19 3 1 1 1 19 20 17 11 14 10 10 2
split_gain=22860.4 5249.61 4906.76 2868.44 1671.94 1641.47 1332.08 1041.79 1180.68 948.805 906.457 865.667 832.222 773.633 745.385 744.796 718.969 667.331 629.569 592.263 574.501 532.287 510.828 483.525 476.197 454.49 452.335 436.297 421.832 408.558 382.701 380.145 369.649 433.179 362.398 338.217 323.182 323.029 306.037 301.733 297.086 307.186 285.625 279.681 278.792 278.237 277.864 275.048 270.936 270.166 267.375 363.447 266.637 266.231 255.927 250.952 483.422 249.49 249.284 249.064 245.531 245.409
threshold=0.48214285075664526 1.0000000180025095e-35 1.5000000000000002 0.16071429103612903 1.0000000180025095e-35 1.0000000180025095e-35 1.0000000180025095e-35 1.0000000180025095e-35 0 1 1.0000000180025095e-35 3.554999947547913 2 10.500000000000002 3 4.5000000000000009 4.5000000000000009 1.0000000180025095e-35 0.053571430966258056 1.0000000180025095e-35 4.5000000000000009 4 5 6 1.0000000180025095e-35 0.24000000208616259 10.500000000000002 1.933928430080414 7 8 9.5000000000000018 1.1442969441413882 3.5000000000000004 2.380337238311768 1.0079643130302431 9 46.500000000000007 10 11 1.0000000180025095e-35 0.21500000357627871 12 6.0535714626312265 0.46500000357627874 0.91122472286224376 13 1.0000000180025095e-35 1.031555235385895 14 1.0000000180025095e-35 15 16 17 18 1.0000000180025095e-35 1.0000000180025095e-35 50.500000000000007 1.828455984592438 0.98452463746070873 1.0000000180025095e-35 0.30357143282890325 19
decision_type=2 2 2 2 2 2 2 2 1 1 2 2 1 2 1 2 2 2 2 2 2 1 1 1 2 2 2 2 1 1 2 2 2 2 2 1 2 1 1 2 2 1 2 2 2 1 2 2 1 2 1 1 1 1 2 2 2 2 2 2 2 1
left_child=1 3 5 4 11 10 39 12 9 -9 24 13 16 22 -8 45 29 -6 38 28 27 -16 48 52 25 -2 -14 54 44 46 -22 -23 33 -27 -34 -17 -18 -32 -13 -3 41 -21 -42 -24 -12 -5 -4 -30 49 -1 51 -41 -11 -20 -7 -38 -57 -31 -45 -15 -47 -56
right_child=2 6 7 15 17 20 14 8 -10 23 19 18 26 59 21 35 36 -19 53 40 30 31 43 -25 -26 32 -28 -29 47 57 37 -33 34 -35 -36 -37 55 -39 -40 50 42 -43 -44 58 -46 60 -48 -49 -50 -51 -52 -53 -54 -55 61 56 -58 -59 -60 -61 -62 -63
leaf_value=-0.0070834378831882462 0.0072797761271366631 0.0020785570899904933 0.0075720141316212297 -0.0073540328396137378 0.0077530003383403439 -0.0029191383227043332 0.0012200311774710321 0.0012207406771421539 0.001381038631061485 0.012979220867972055 -0.01590225568937249 -0.018833076674777124 -0.00023687984791756299 -0.03246574626893841 -0.013775553786832857 -0.000264914754094332 0.0055997059551414667 -0.010408887721043616 -0.0081123466459774984 0.027245102370653831 0.0072563393929686928 -0.0061194704678004582 0.0068633698463196127 0.005496733725831069 0.0050628997165235463 -0.0019327964753336796 0.0026001207752420867 0.0011190329131023464 -0.0048083314969231874 -0.0017093482053870989 0.0039724042921984613 0.0068192853476582273 -0.014541394522001656 0.104477032171059 -0.029924357259926333 -0.0073941101880466544 0.0015241356327609801 -0.00037132774940280307 -0.028545935063737312 0.031017121230965224 -0.00044292922493446098 -0.0026628631065017971 -0.013123049628895534 -0.010037074212700491 2.2520346643108557e-05 -0.014128445784999539 0.0028514492029211363 -0.010243086863601347 -0.012840117415863031 0.0080303813509972118 0.0067091224381630723 -0.0025896242055788356 0.0078123805705872188 -0.019351865967657329 0.0024127597662982332 0.0038314549032446052 -0.055555555766670796 0.0016226283478907866 -0.019217203386317223 -0.01716166581395023 -0.0094190748441681724 -0.0026174744329250338
leaf_weight=8422.0898554474115 1793.9455097615719 34442.615424707532 39394.670343250036 51984.101629137993 7734.1886148005724 193828.47776120901 37471.319418728352 101152.28056138754 240509.78163912892 33281.609778702259 2887.0703948140144 10889.65649831295 432425.35060229897 7058.9472687244415 22761.530848920345 30888.614505156875 271562.73875403404 14615.701804131269 6211.7824836373329 1920.1479098200798 35235.314122378826 65659.343145653605 1297.5268327891827 307674.37951520085 2934.558391392231 475.08197489380836 208124.46324503422 210968.78015422821 186703.71562874317 70483.990700215101 76461.921980679035 6214.0637294948101 9636.6844399869442 119.74796941876411 6352.5010733306408 36062.3579942137 37845.718625992537 97211.760978966951 34019.978972822428 2861.093798905611 137952.8200224936 1550.5258907675743 4588.8205134868622 10116.820902481675 57204.912073254585 55700.83225440979 149377.97089233994 26596.624634742737 9650.5463801473379 4556.4684125930071 12732.019451677799 1123.6368788778782 100877.74844092131 36619.976810351014 55386.888182073832 860.67410278320312 569.37008231878281 276855.78636389971 27486.391709029675 4264.5983405262232 55011.909644782543 43126.15544745326
leaf_count=24730 1552 23176 9998 120724 13579 189313 64246 31511 94489 6341 3011 53256 180218 29188 57369 72101 74921 44067 22197 499 23581 115169 2664 66985 3248 815 20363 86240 208207 53541 50827 5912 15547 100 10976 85760 11233 65691 181034 1054 151741 609 1412 36893 62373 174384 38095 30763 39824 12576 8478 1336 18588 167784 47884 237 176 70438 103167 17333 127048 42754
internal_value=-9.954e-05 -0.00913814 0.00147342 -0.012266 -0.0169369 -0.00118308 -0.00209636 0.00282207 0.00429765 0.0055894 -0.00358142 -0.0187201 0.00204486 -0.0146914 -0.00474911 -0.00854495 0.00307336 -0.00412396 -0.0220651 -0.00307025 0.000301 -0.00711201 -0.0124811 0.00658951 -0.0136406 -0.0166272 0.000684894 -0.000613891 -0.00444339 0.00196413 0.00250518 -0.00500011 -0.0192132 0.0194891 -0.020653 -0.00410612 0.00498657 0.00154126 -0.0262013 0.0047537 -0.000499212 0.0139545 -0.000851138 -0.0159557 -0.000742449 -0.0103716 0.00383637 -0.00548574 -0.00649804 -0.00177596 0.0102655 0.0215577 0.00909502 -0.0177282 -0.00186446 0.000747229 -0.0198134 0.000946459 -0.0167474 -0.026702 -0.0117884 0.000210669
internal_weight=4.01979e+06 595858 3.42393e+06 412592 182945 1.15294e+06 183266 2.271e+06 783496 542986 440717 160595 1.4875e+06 72853.4 132106 229648 846951 22349.9 87741.4 419405 712219 94634.9 61529.8 441834 21312.5 18378 640550 503310 273392 536112 208909 71873.4 16584 594.83 15989.2 66951 310839 173674 44909.6 51159.4 146012 3470.67 142542 38900.7 60092 162697 188773 213300 22629.1 12978.6 16716.8 3984.73 134159 42831.8 292342 39275.8 1430.04 347340 37603.2 11323.5 110713 98513
internal_count=3279326 1605049 1674277 1328309 748292 997143 276740 677134 217914 123425 490853 690646 459220 266375 242696 580017 258639 57646 424271 458615 506290 178450 219854 91914 32238 28990 200581 366191 304354 172072 140099 121081 27438 915 26523 157861 86567 116518 234290 34044 154261 1108 153153 142724 65384 422156 48093 238970 77130 37306 10868 2390 24929 189981 279951 11646 413 123979 140060 46521 301432 90638
cat_boundaries=0 1 2 3 4 5 6 7 8 9 10 11 12 13 14 15 16 17 18 19 20
cat_threshold=96 138 167 7 10 293 768 6 4 167 135 37 838 4 100 768 96 32 84 4
is_linear=0
shrinkage=0.05


end of trees

feature_importances:
item_id=1160
lag_7=396
lag_14=350
rmean_28=318
dayofweek=199
store_id=182
rmean_7=158
snap=124
sell_price=103
rstd_28=95
week=87
price_rel_mean=81
lag_28=45
dept_id=44
is_weekend=41
month=38
rstd_7=25
cat_id=19
is_event=5
state_id=2

parameters:
[boosting: gbdt]
[objective: tweedie]
[metric: rmse]
[tree_learner: serial]
[device_type: cpu]
[data_sample_strategy: bagging]
[data: ]
[valid: ]
[num_iterations: 1000]
[learning_rate: 0.05]
[num_leaves: 63]
[num_threads: 0]
[seed: 42]
[deterministic: 0]
[force_col_wise: 0]
[force_row_wise: 0]
[histogram_pool_size: -1]
[max_depth: -1]
[min_data_in_leaf: 100]
[min_sum_hessian_in_leaf: 0.001]
[bagging_fraction: 0.8]
[pos_bagging_fraction: 1]
[neg_bagging_fraction: 1]
[bagging_freq: 1]
[bagging_seed: 400]
[bagging_by_query: 0]
[feature_fraction: 0.8]
[feature_fraction_bynode: 1]
[feature_fraction_seed: 30056]
[extra_trees: 0]
[extra_seed: 12879]
[early_stopping_round: 0]
[early_stopping_min_delta: 0]
[first_metric_only: 0]
[max_delta_step: 0]
[lambda_l1: 0]
[lambda_l2: 0]
[linear_lambda: 0]
[min_gain_to_split: 0]
[drop_rate: 0.1]
[max_drop: 50]
[skip_drop: 0.5]
[xgboost_dart_mode: 0]
[uniform_drop: 0]
[drop_seed: 17869]
[top_rate: 0.2]
[other_rate: 0.1]
[min_data_per_group: 100]
[max_cat_threshold: 32]
[cat_l2: 10]
[cat_smooth: 10]
[max_cat_to_onehot: 4]
[top_k: 20]
[monotone_constraints: ]
[monotone_constraints_method: basic]
[monotone_penalty: 0]
[feature_contri: ]
[forcedsplits_filename: ]
[refit_decay_rate: 0.9]
[cegb_tradeoff: 1]
[cegb_penalty_split: 0]
[cegb_penalty_feature_lazy: ]
[cegb_penalty_feature_coupled: ]
[path_smooth: 0]
[interaction_constraints: ]
[verbosity: -1]
[saved_feature_importance_type: 0]
[use_quantized_grad: 0]
[num_grad_quant_bins: 4]
[quant_train_renew_leaf: 0]
[stochastic_rounding: 1]
[linear_tree: 0]
[max_bin: 255]
[max_bin_by_feature: ]
[min_data_in_bin: 3]
[bin_construct_sample_cnt: 200000]
[data_random_seed: 175]
[is_enable_sparse: 1]
[enable_bundle: 1]
[use_missing: 1]
[zero_as_missing: 0]
[feature_pre_filter: 1]
[pre_partition: 0]
[two_round: 0]
[header: 0]
[label_column: ]
[weight_column: ]
[group_column: ]
[ignore_column: ]
[categorical_feature: 0,1,2,3,4]
[forcedbins_filename: ]
[precise_float_parser: 0]
[parser_config_file: ]
[objective_seed: 16083]
[num_class: 1]
[is_unbalance: 0]
[scale_pos_weight: 1]
[sigmoid: 1]
[boost_from_average: 1]
[reg_sqrt: 0]
[alpha: 0.9]
[fair_c: 1]
[poisson_max_delta_step: 0.7]
[tweedie_variance_power: 1.1]
[lambdarank_truncation_level: 30]
[lambdarank_norm: 1]
[label_gain: ]
[lambdarank_position_bias_regularization: 0]
[eval_at: ]
[multi_error_top_k: 1]
[auc_mu_weights: ]
[num_machines: 1]
[local_listen_port: 12400]
[time_out: 120]
[machine_list_filename: ]
[machines: ]
[gpu_platform_id: -1]
[gpu_device_id: -1]
[gpu_device_id_list: ]
[gpu_use_dp: 0]
[num_gpu: 1]

end of parameters

pandas_categorical:[["HOBBIES_1_001", "HOBBIES_1_002", "HOBBIES_1_003", "HOBBIES_1_004", "HOBBIES_1_005", "HOBBIES_1_006", "HOBBIES_1_007", "HOBBIES_1_008", "HOBBIES_1_009", "HOBBIES_1_010", "HOBBIES_1_011", "HOBBIES_1_012", "HOBBIES_1_013", "HOBBIES_1_014", "HOBBIES_1_015", "HOBBIES_1_016", "HOBBIES_1_017", "HOBBIES_1_018", "HOBBIES_1_019", "HOBBIES_1_020", "HOBBIES_1_021", "HOBBIES_1_022", "HOBBIES_1_023", "HOBBIES_1_024", "HOBBIES_1_025", "HOBBIES_1_026", "HOBBIES_1_027", "HOBBIES_1_028", "HOBBIES_1_029", "HOBBIES_1_030", "HOBBIES_1_031", "HOBBIES_1_032", "HOBBIES_1_033", "HOBBIES_1_034", "HOBBIES_1_035", "HOBBIES_1_036", "HOBBIES_1_037", "HOBBIES_1_038", "HOBBIES_1_039", "HOBBIES_1_040", "HOBBIES_1_041", "HOBBIES_1_042", "HOBBIES_1_043", "HOBBIES_1_044", "HOBBIES_1_045", "HOBBIES_1_046", "HOBBIES_1_047", "HOBBIES_1_048", "HOBBIES_1_049", "HOBBIES_1_050", "HOBBIES_1_051", "HOBBIES_1_052", "HOBBIES_1_053", "HOBBIES_1_054", "HOBBIES_1_055", "HOBBIES_1_056", "HOBBIES_1_057", "HOBBIES_1_058", "HOBBIES_1_060", "HOBBIES_1_061", "HOBBIES_1_062", "HOBBIES_1_063", "HOBBIES_1_064", "HOBBIES_1_065", "HOBBIES_1_066", "HOBBIES_1_067", "HOBBIES_1_068", "HOBBIES_1_069", "HOBBIES_1_070", "HOBBIES_1_072", "HOBBIES_1_073", "HOBBIES_1_074", "HOBBIES_1_075", "HOBBIES_1_076", "HOBBIES_1_077", "HOBBIES_1_078", "HOBBIES_1_079", "HOBBIES_1_080", "HOBBIES_1_081", "HOBBIES_1_082", "HOBBIES_1_083", "HOBBIES_1_084", "HOBBIES_1_085", "HOBBIES_1_086", "HOBBIES_1_087", "HOBBIES_1_088", "HOBBIES_1_089", "HOBBIES_1_090", "HOBBIES_1_091", "HOBBIES_1_092", "HOBBIES_1_093", "HOBBIES_1_094", "HOBBIES_1_095", "HOBBIES_1_097", "HOBBIES_1_098", "HOBBIES_1_099", "HOBBIES_1_100", "HOBBIES_1_102", "HOBBIES_1_103", "HOBBIES_1_104", "HOBBIES_1_105", "HOBBIES_1_106", "HOBBIES_1_107", "HOBBIES_1_108", "HOBBIES_1_109", "HOBBIES_1_110", "HOBBIES_1_111", "HOBBIES_1_112", "HOBBIES_1_113", "HOBBIES_1_114", "HOBBIES_1_115", "HOBBIES_1_116", "HOBBIES_1_117", "HOBBIES_1_118", "HOBBIES_1_119", "HOBBIES_1_120", "HOBBIES_1_121", "HOBBIES_1_122", "HOBBIES_1_123", "HOBBIES_1_124", "HOBBIES_1_125", "HOBBIES_1_126", "HOBBIES_1_127", "HOBBIES_1_128", "HOBBIES_1_129", "HOBBIES_1_130", "HOBBIES_1_131", "HOBBIES_1_132", "HOBBIES_1_133", "HOBBIES_1_134", "HOBBIES_1_135", "HOBBIES_1_136", "HOBBIES_1_137", "HOBBIES_1_138", "HOBBIES_1_139", "HOBBIES_1_140", "HOBBIES_1_141", "HOBBIES_1_142", "HOBBIES_1_143", "HOBBIES_1_144", "HOBBIES_1_145", "HOBBIES_1_146", "HOBBIES_1_147", "HOBBIES_1_148", "HOBBIES_1_149", "HOBBIES_1_150", "HOBBIES_1_151", "HOBBIES_1_152", "HOBBIES_1_153", "HOBBIES_1_154", "HOBBIES_1_155", "HOBBIES_1_156", "HOBBIES_1_157", "HOBBIES_1_158", "HOBBIES_1_159", "HOBBIES_1_160", "HOBBIES_1_161", "HOBBIES_1_162", "HOBBIES_1_163", "HOBBIES_1_164", "HOBBIES_1_165", "HOBBIES_1_166", "HOBBIES_1_167", "HOBBIES_1_168", "HOBBIES_1_169", "HOBBIES_1_170", "HOBBIES_1_171", "HOBBIES_1_172", "HOBBIES_1_173", "HOBBIES_1_174", "HOBBIES_1_175", "HOBBIES_1_176", "HOBBIES_1_177", "HOBBIES_1_178", "HOBBIES_1_179", "HOBBIES_1_180", "HOBBIES_1_181", "HOBBIES_1_183", "HOBBIES_1_184", "HOBBIES_1_185", "HOBBIES_1_186", "HOBBIES_1_187", "HOBBIES_1_188", "HOBBIES_1_189", "HOBBIES_1_190", "HOBBIES_1_191", "HOBBIES_1_192", "HOBBIES_1_193", "HOBBIES_1_194", "HOBBIES_1_195", "HOBBIES_1_197", "HOBBIES_1_198", "HOBBIES_1_199", "HOBBIES_1_200", "HOBBIES_1_201", "HOBBIES_1_202", "HOBBIES_1_203", "HOBBIES_1_204", "HOBBIES_1_205", "HOBBIES_1_206", "HOBBIES_1_207", "HOBBIES_1_208", "HOBBIES_1_209", "HOBBIES_1_210", "HOBBIES_1_211", "HOBBIES_1_212", "HOBBIES_1_213", "HOBBIES_1_214", "HOBBIES_1_215", "HOBBIES_1_216", "HOBBIES_1_217", "HOBBIES_1_218", "HOBBIES_1_219", "HOBBIES_1_220", "HOBBIES_1_221", "HOBBIES_1_223", "HOBBIES_1_224", "HOBBIES_1_225", "HOBBIES_1_226", "HOBBIES_1_227", "HOBBIES_1_228", "HOBBIES_1_229", "HOBBIES_1_230", "HOBBIES_1_231", "HOBBIES_1_232", "HOBBIES_1_233", "HOBBIES_1_234", "HOBBIES_1_235", "HOBBIES_1_236", "HOBBIES_1_237", "HOBBIES_1_238", "HOBBIES_1_239", "HOBBIES_1_240", "HOBBIES_1_241", "HOBBIES_1_242", "HOBBIES_1_243", "HOBBIES_1_244", "HOBBIES_1_245", "HOBBIES_1_246", "HOBBIES_1_247", "HOBBIES_1_248", "HOBBIES_1_249", "HOBBIES_1_250", "HOBBIES_1_251", "HOBBIES_1_252", "HOBBIES_1_253", "HOBBIES_1_254", "HOBBIES_1_255", "HOBBIES_1_256", "HOBBIES_1_257", "HOBBIES_1_258", "HOBBIES_1_259", "HOBBIES_1_260", "HOBBIES_1_261", "HOBBIES_1_262", "HOBBIES_1_263", "HOBBIES_1_264", "HOBBIES_1_265", "HOBBIES_1_266", "HOBBIES_1_267", "HOBBIES_1_268", "HOBBIES_1_269", "HOBBIES_1_270", "HOBBIES_1_271", "HOBBIES_1_272", "HOBBIES_1_273", "HOBBIES_1_274", "HOBBIES_1_275", "HOBBIES_1_276", "HOBBIES_1_277", "HOBBIES_1_278", "HOBBIES_1_279", "HOBBIES_1_280", "HOBBIES_1_281", "HOBBIES_1_282", "HOBBIES_1_283", "HOBBIES_1_284", "HOBBIES_1_285", "HOBBIES_1_286", "HOBBIES_1_287", "HOBBIES_1_288", "HOBBIES_1_289", "HOBBIES_1_290", "HOBBIES_1_292", "HOBBIES_1_293", "HOBBIES_1_294", "HOBBIES_1_295", "HOBBIES_1_296", "HOBBIES_1_297", "HOBBIES_1_298", "HOBBIES_1_299", "HOBBIES_1_300", "HOBBIES_1_301", "HOBBIES_1_302", "HOBBIES_1_303", "HOBBIES_1_304", "HOBBIES_1_305", "HOBBIES_1_306", "HOBBIES_1_307", "HOBBIES_1_308", "HOBBIES_1_309", "HOBBIES_1_310", "HOBBIES_1_311", "HOBBIES_1_312", "HOBBIES_1_313", "HOBBIES_1_314", "HOBBIES_1_315", "HOBBIES_1_316", "HOBBIES_1_317", "HOBBIES_1_318", "HOBBIES_1_319", "HOBBIES_1_320", "HOBBIES_1_321", "HOBBIES_1_322", "HOBBIES_1_323", "HOBBIES_1_324", "HOBBIES_1_325", "HOBBIES_1_326", "HOBBIES_1_327", "HOBBIES_1_328", "HOBBIES_1_329", "HOBBIES_1_330", "HOBBIES_1_331", "HOBBIES_1_332", "HOBBIES_1_333", "HOBBIES_1_334", "HOBBIES_1_335", "HOBBIES_1_336", "HOBBIES_1_337", "HOBBIES_1_338", "HOBBIES_1_339", "HOBBIES_1_340", "HOBBIES_1_341", "HOBBIES_1_342", "HOBBIES_1_343", "HOBBIES_1_344", "HOBBIES_1_345", "HOBBIES_1_346", "HOBBIES_1_347", "HOBBIES_1_348", "HOBBIES_1_349", "HOBBIES_1_350", "HOBBIES_1_351", "HOBBIES_1_352", "HOBBIES_1_353", "HOBBIES_1_354", "HOBBIES_1_355", "HOBBIES_1_356", "HOBBIES_1_357", "HOBBIES_1_358", "HOBBIES_1_359", "HOBBIES_1_360", "HOBBIES_1_361", "HOBBIES_1_362", "HOBBIES_1_363", "HOBBIES_1_364", "HOBBIES_1_365", "HOBBIES_1_366", "HOBBIES_1_367", "HOBBIES_1_368", "HOBBIES_1_369", "HOBBIES_1_370", "HOBBIES_1_371", "HOBBIES_1_372", "HOBBIES_1_373", "HOBBIES_1_374", "HOBBIES_1_375", "HOBBIES_1_376", "HOBBIES_1_377", "HOBBIES_1_378", "HOBBIES_1_379", "HOBBIES_1_380", "HOBBIES_1_381", "HOBBIES_1_382", "HOBBIES_1_383", "HOBBIES_1_384", "HOBBIES_1_385", "HOBBIES_1_386", "HOBBIES_1_387", "HOBBIES_1_388", "HOBBIES_1_389", "HOBBIES_1_390", "HOBBIES_1_391", "HOBBIES_1_392", "HOBBIES_1_393", "HOBBIES_1_394", "HOBBIES_1_395", "HOBBIES_1_396", "HOBBIES_1_397", "HOBBIES_1_398", "HOBBIES_1_399", "HOBBIES_1_400", "HOBBIES_1_401", "HOBBIES_1_402", "HOBBIES_1_403", "HOBBIES_1_404", "HOBBIES_1_405", "HOBBIES_1_406", "HOBBIES_1_407", "HOBBIES_1_408", "HOBBIES_1_409", "HOBBIES_1_410", "HOBBIES_1_411", "HOBBIES_1_412", "HOBBIES_1_413", "HOBBIES_1_414", "HOBBIES_1_415", "HOBBIES_1_416", "HOBBIES_1_417", "HOBBIES_1_418", "HOBBIES_1_419", "HOBBIES_1_420", "HOBBIES_1_421", "HOBBIES_1_422", "HOBBIES_1_423", "HOBBIES_1_424", "HOBBIES_2_001", "HOBBIES_2_002", "HOBBIES_2_003", "HOBBIES_2_004", "HOBBIES_2_005", "HOBBIES_2_006", "HOBBIES_2_007", "HOBBIES_2_008", "HOBBIES_2_009", "HOBBIES_2_010", "HOBBIES_2_011", "HOBBIES_2_012", "HOBBIES_2_013", "HOBBIES_2_014", "HOBBIES_2_015", "HOBBIES_2_016", "HOBBIES_2_017", "HOBBIES_2_018", "HOBBIES_2_019", "HOBBIES_2_020", "HOBBIES_2_021", "HOBBIES_2_022", "HOBBIES_2_023", "HOBBIES_2_024", "HOBBIES_2_025", "HOBBIES_2_026", "HOBBIES_2_027", "HOBBIES_2_028", "HOBBIES_2_029", "HOBBIES_2_030", "HOBBIES_2_031", "HOBBIES_2_032", "HOBBIES_2_033", "HOBBIES_2_034", "HOBBIES_2_035", "HOBBIES_2_036", "HOBBIES_2_037", "HOBBIES_2_038", "HOBBIES_2_039", "HOBBIES_2_040", "HOBBIES_2_041", "HOBBIES_2_042", "HOBBIES_2_043", "HOBBIES_2_044", "HOBBIES_2_045", "HOBBIES_2_046", "HOBBIES_2_047", "HOBBIES_2_048", "HOBBIES_2_049", "HOBBIES_2_050", "HOBBIES_2_051", "HOBBIES_2_052", "HOBBIES_2_053", "HOBBIES_2_054", "HOBBIES_2_055", "HOBBIES_2_056", "HOBBIES_2_057", "HOBBIES_2_058", "HOBBIES_2_059", "HOBBIES_2_060", "HOBBIES_2_061", "HOBBIES_2_062", "HOBBIES_2_063", "HOBBIES_2_064", "HOBBIES_2_065", "HOBBIES_2_066", "HOBBIES_2_067", "HOBBIES_2_068", "HOBBIES_2_069", "HOBBIES_2_070", "HOBBIES_2_071", "HOBBIES_2_072", "HOBBIES_2_073", "HOBBIES_2_074", "HOBBIES_2_075", "HOBBIES_2_076", "HOBBIES_2_077", "HOBBIES_2_078", "HOBBIES_2_079", "HOBBIES_2_080", "HOBBIES_2_081", "HOBBIES_2_082", "HOBBIES_2_083", "HOBBIES_2_084", "HOBBIES_2_085", "HOBBIES_2_086", "HOBBIES_2_087", "HOBBIES_2_088", "HOBBIES_2_089", "HOBBIES_2_090", "HOBBIES_2_091", "HOBBIES_2_092", "HOBBIES_2_093", "HOBBIES_2_094", "HOBBIES_2_095", "HOBBIES_2_096", "HOBBIES_2_097", "HOBBIES_2_098", "HOBBIES_2_099", "HOBBIES_2_100", "HOBBIES_2_101", "HOBBIES_2_102", "HOBBIES_2_103", "HOBBIES_2_104", "HOBBIES_2_105", "HOBBIES_2_106", "HOBBIES_2_107", "HOBBIES_2_108", "HOBBIES_2_109", "HOBBIES_2_110", "HOBBIES_2_111", "HOBBIES_2_112", "HOBBIES_2_113", "HOBBIES_2_114", "HOBBIES_2_115", "HOBBIES_2_116", "HOBBIES_2_117", "HOBBIES_2_118", "HOBBIES_2_119", "HOBBIES_2_120", "HOBBIES_2_121", "HOBBIES_2_122", "HOBBIES_2_123", "HOBBIES_2_124", "HOBBIES_2_125", "HOBBIES_2_126", "HOBBIES_2_127", "HOBBIES_2_128", "HOBBIES_2_129", "HOBBIES_2_130", "HOBBIES_2_131", "HOBBIES_2_132", "HOBBIES_2_133", "HOBBIES_2_134", "HOBBIES_2_135", "HOBBIES_2_136", "HOBBIES_2_137", "HOBBIES_2_138", "HOBBIES_2_139", "HOBBIES_2_140", "HOBBIES_2_141", "HOBBIES_2_142", "HOBBIES_2_143", "HOBBIES_2_144", "HOBBIES_2_145", "HOBBIES_2_146", "HOBBIES_2_147", "HOBBIES_2_148", "HOBBIES_2_149", "HOUSEHOLD_1_001", "HOUSEHOLD_1_002", "HOUSEHOLD_1_003", "HOUSEHOLD_1_004", "HOUSEHOLD_1_005", "HOUSEHOLD_1_006", "HOUSEHOLD_1_007", "HOUSEHOLD_1_008", "HOUSEHOLD_1_009", "HOUSEHOLD_1_010", "HOUSEHOLD_1_011", "HOUSEHOLD_1_012", "HOUSEHOLD_1_013", "HOUSEHOLD_1_014", "HOUSEHOLD_1_015", "HOUSEHOLD_1_016", "HOUSEHOLD_1_017", "HOUSEHOLD_1_018", "HOUSEHOLD_1_019", "HOUSEHOLD_1_020", "HOUSEHOLD_1_021", "HOUSEHOLD_1_022", "HOUSEHOLD_1_023", "HOUSEHOLD_1_024", "HOUSEHOLD_1_025", "HOUSEHOLD_1_026", "HOUSEHOLD_1_027", "HOUSEHOLD_1_028", "HOUSEHOLD_1_029", "HOUSEHOLD_1_030", "HOUSEHOLD_1_032", "HOUSEHOLD_1_033", "HOUSEHOLD_1_034", "HOUSEHOLD_1_035", "HOUSEHOLD_1_036", "HOUSEHOLD_1_037", "HOUSEHOLD_1_038", "HOUSEHOLD_1_039", "HOUSEHOLD_1_040", "HOUSEHOLD_1_042", "HOUSEHOLD_1_043", "HOUSEHOLD_1_044", "HOUSEHOLD_1_045", "HOUSEHOLD_1_046", "HOUSEHOLD_1_047", "HOUSEHOLD_1_048", "HOUSEHOLD_1_049", "HOUSEHOLD_1_050", "HOUSEHOLD_1_051", "HOUSEHOLD_1_052", "HOUSEHOLD_1_053", "HOUSEHOLD_1_054", "HOUSEHOLD_1_055", "HOUSEHOLD_1_056", "HOUSEHOLD_1_057", "HOUSEHOLD_1_058", "HOUSEHOLD_1_059", "HOUSEHOLD_1_060", "HOUSEHOLD_1_061", "HOUSEHOLD_1_062", "HOUSEHOLD_1_063", "HOUSEHOLD_1_064", "HOUSEHOLD_1_065", "HOUSEHOLD_1_066", "HOUSEHOLD_1_067", "HOUSEHOLD_1_068", "HOUSEHOLD_1_069", "HOUSEHOLD_1_070", "HOUSEHOLD_1_071", "HOUSEHOLD_1_072", "HOUSEHOLD_1_073", "HOUSEHOLD_1_074", "HOUSEHOLD_1_075", "HOUSEHOLD_1_076", "HOUSEHOLD_1_077", "HOUSEHOLD_1_078", "HOUSEHOLD_1_079", "HOUSEHOLD_1_080", "HOUSEHOLD_1_081", "HOUSEHOLD_1_082", "HOUSEHOLD_1_083", "HOUSEHOLD_1_085", "HOUSEHOLD_1_086", "HOUSEHOLD_1_087", "HOUSEHOLD_1_088", "HOUSEHOLD_1_089", "HOUSEHOLD_1_090", "HOUSEHOLD_1_091", "HOUSEHOLD_1_092", "HOUSEHOLD_1_093", "HOUSEHOLD_1_094", "HOUSEHOLD_1_095", "HOUSEHOLD_1_096", "HOUSEHOLD_1_097", "HOUSEHOLD_1_098", "HOUSEHOLD_1_099", "HOUSEHOLD_1_100", "HOUSEHOLD_1_101", "HOUSEHOLD_1_102", "HOUSEHOLD_1_103", "HOUSEHOLD_1_104", "HOUSEHOLD_1_105", "HOUSEHOLD_1_106", "HOUSEHOLD_1_107", "HOUSEHOLD_1_108", "HOUSEHOLD_1_109", "HOUSEHOLD_1_110", "HOUSEHOLD_1_112", "HOUSEHOLD_1_113", "HOUSEHOLD_1_114", "HOUSEHOLD_1_115", "HOUSEHOLD_1_116", "HOUSEHOLD_1_117", "HOUSEHOLD_1_118", "HOUSEHOLD_1_119", "HOUSEHOLD_1_120", "HOUSEHOLD_1_121", "HOUSEHOLD_1_122", "HOUSEHOLD_1_123", "HOUSEHOLD_1_124", "HOUSEHOLD_1_125", "HOUSEHOLD_1_126", "HOUSEHOLD_1_127", "HOUSEHOLD_1_128", "HOUSEHOLD_1_129", "HOUSEHOLD_1_130", "HOUSEHOLD_1_131", "HOUSEHOLD_1_132", "HOUSEHOLD_1_133", "HOUSEHOLD_1_134", "HOUSEHOLD_1_135", "HOUSEHOLD_1_136", "HOUSEHOLD_1_137", "HOUSEHOLD_1_138", "HOUSEHOLD_1_139", "HOUSEHOLD_1_140", "HOUSEHOLD_1_141", "HOUSEHOLD_1_142", "HOUSEHOLD_1_143", "HOUSEHOLD_1_144", "HOUSEHOLD_1_145", "HOUSEHOLD_1_146", "HOUSEHOLD_1_147", "HOUSEHOLD_1_148", "HOUSEHOLD_1_149", "HOUSEHOLD_1_150", "HOUSEHOLD_1_151", "HOUSEHOLD_1_152", "HOUSEHOLD_1_153", "HOUSEHOLD_1_154", "HOUSEHOLD_1_155", "HOUSEHOLD_1_156", "HOUSEHOLD_1_157", "HOUSEHOLD_1_158", "HOUSEHOLD_1_159", "HOUSEHOLD_1_160", "HOUSEHOLD_1_161", "HOUSEHOLD_1_162", "HOUSEHOLD_1_163", "HOUSEHOLD_1_164", "HOUSEHOLD_1_165", "HOUSEHOLD_1_166", "HOUSEHOLD_1_167", "HOUSEHOLD_1_168", "HOUSEHOLD_1_169", "HOUSEHOLD_1_170", "HOUSEHOLD_1_171", "HOUSEHOLD_1_172", "HOUSEHOLD_1_173", "HOUSEHOLD_1_174", "HOUSEHOLD_1_175", "HOUSEHOLD_1_176", "HOUSEHOLD_1_177", "HOUSEHOLD_1_178", "HOUSEHOLD_1_179", "HOUSEHOLD_1_180", "HOUSEHOLD_1_181", "HOUSEHOLD_1_182", "HOUSEHOLD_1_183", "HOUSEHOLD_1_184", "HOUSEHOLD_1_185", "HOUSEHOLD_1_186", "HOUSEHOLD_1_187", "HOUSEHOLD_1_188", "HOUSEHOLD_1_189", "HOUSEHOLD_1_190", "HOUSEHOLD_1_191", "HOUSEHOLD_1_192", "HOUSEHOLD_1_193", "HOUSEHOLD_1_194", "HOUSEHOLD_1_195", "HOUSEHOLD_1_196", "HOUSEHOLD_1_197", "HOUSEHOLD_1_198", "HOUSEHOLD_1_199", "HOUSEHOLD_1_200", "HOUSEHOLD_1_201", "HOUSEHOLD_1_202", "HOUSEHOLD_1_203", "HOUSEHOLD_1_204", "HOUSEHOLD_1_205", "HOUSEHOLD_1_206", "HOUSEHOLD_1_207", "HOUSEHOLD_1_208", "HOUSEHOLD_1_209", "HOUSEHOLD_1_210", "HOUSEHOLD_1_211", "HOUSEHOLD_1_212", "HOUSEHOLD_1_213", "HOUSEHOLD_1_214", "HOUSEHOLD_1_215", "HOUSEHOLD_1_216", "HOUSEHOLD_1_217", "HOUSEHOLD_1_218", "HOUSEHOLD_1_219", "HOUSEHOLD_1_220", "HOUSEHOLD_1_221", "HOUSEHOLD_1_222", "HOUSEHOLD_1_223", "HOUSEHOLD_1_224", "HOUSEHOLD_1_225", "HOUSEHOLD_1_226", "HOUSEHOLD_1_227", "HOUSEHOLD_1_228", "HOUSEHOLD_1_229", "HOUSEHOLD_1_230", "HOUSEHOLD_1_231", "HOUSEHOLD_1_232", "HOUSEHOLD_1_233", "HOUSEHOLD_1_234", "HOUSEHOLD_1_235", "HOUSEHOLD_1_236", "HOUSEHOLD_1_237", "HOUSEHOLD_1_238", "HOUSEHOLD_1_239", "HOUSEHOLD_1_241", "HOUSEHOLD_1_242", "HOUSEHOLD_1_243", "HOUSEHOLD_1_244", "HOUSEHOLD_1_245", "HOUSEHOLD_1_246", "HOUSEHOLD_1_247", "HOUSEHOLD_1_248", "HOUSEHOLD_1_249", "HOUSEHOLD_1_250", "HOUSEHOLD_1_251", "HOUSEHOLD_1_252", "HOUSEHOLD_1_253", "HOUSEHOLD_1_254", "HOUSEHOLD_1_255", "HOUSEHOLD_1_256", "HOUSEHOLD_1_257", "HOUSEHOLD_1_258", "HOUSEHOLD_1_259", "HOUSEHOLD_1_260", "HOUSEHOLD_1_261", "HOUSEHOLD_1_262", "HOUSEHOLD_1_263", "HOUSEHOLD_1_264", "HOUSEHOLD_1_265", "HOUSEHOLD_1_266", "HOUSEHOLD_1_267", "HOUSEHOLD_1_268", "HOUSEHOLD_1_269", "HOUSEHOLD_1_270", "HOUSEHOLD_1_271", "HOUSEHOLD_1_272", "HOUSEHOLD_1_274", "HOUSEHOLD_1_275", "HOUSEHOLD_1_276", "HOUSEHOLD_1_277", "HOUSEHOLD_1_278", "HOUSEHOLD_1_279", "HOUSEHOLD_1_280", "HOUSEHOLD_1_281", "HOUSEHOLD_1_282", "HOUSEHOLD_1_283", "HOUSEHOLD_1_284", "HOUSEHOLD_1_285", "HOUSEHOLD_1_286", "HOUSEHOLD_1_287", "HOUSEHOLD_1_288", "HOUSEHOLD_1_289", "HOUSEHOLD_1_290", "HOUSEHOLD_1_291", "HOUSEHOLD_1_292", "HOUSEHOLD_1_293", "HOUSEHOLD_1_294", "HOUSEHOLD_1_295", "HOUSEHOLD_1_296", "HOUSEHOLD_1_297", "HOUSEHOLD_1_298", "HOUSEHOLD_1_299", "HOUSEHOLD_1_300", "HOUSEHOLD_1_301", "HOUSEHOLD_1_302", "HOUSEHOLD_1_303", "HOUSEHOLD_1_304", "HOUSEHOLD_1_305", "HOUSEHOLD_1_306", "HOUSEHOLD_1_307", "HOUSEHOLD_1_308", "HOUSEHOLD_1_309", "HOUSEHOLD_1_310", "HOUSEHOLD_1_311", "HOUSEHOLD_1_312", "HOUSEHOLD_1_313", "HOUSEHOLD_1_314", "HOUSEHOLD_1_315", "HOUSEHOLD_1_316", "HOUSEHOLD_1_317", "HOUSEHOLD_1_318", "HOUSEHOLD_1_319", "HOUSEHOLD_1_320", "HOUSEHOLD_1_321", "HOUSEHOLD_1_322", "HOUSEHOLD_1_323", "HOUSEHOLD_1_324", "HOUSEHOLD_1_325", "HOUSEHOLD_1_326", "HOUSEHOLD_1_327", "HOUSEHOLD_1_328", "HOUSEHOLD_1_329", "HOUSEHOLD_1_330", "HOUSEHOLD_1_331", "HOUSEHOLD_1_332", "HOUSEHOLD_1_333", "HOUSEHOLD_1_334", "HOUSEHOLD_1_335", "HOUSEHOLD_1_336", "HOUSEHOLD_1_337", "HOUSEHOLD_1_338", "HOUSEHOLD_1_339", "HOUSEHOLD_1_340", "HOUSEHOLD_1_341", "HOUSEHOLD_1_342", "HOUSEHOLD_1_343", "HOUSEHOLD_1_344", "HOUSEHOLD_1_345", "HOUSEHOLD_1_346", "HOUSEHOLD_1_347", "HOUSEHOLD_1_348", "HOUSEHOLD_1_349", "HOUSEHOLD_1_350", "HOUSEHOLD_1_351", "HOUSEHOLD_1_353", "HOUSEHOLD_1_354", "HOUSEHOLD_1_355", "HOUSEHOLD_1_356", "HOUSEHOLD_1_357", "HOUSEHOLD_1_358", "HOUSEHOLD_1_359", "HOUSEHOLD_1_360", "HOUSEHOLD_1_361", "HOUSEHOLD_1_362", "HOUSEHOLD_1_363", "HOUSEHOLD_1_364", "HOUSEHOLD_1_365", "HOUSEHOLD_1_366", "HOUSEHOLD_1_367", "HOUSEHOLD_1_368", "HOUSEHOLD_1_369", "HOUSEHOLD_1_370", "HOUSEHOLD_1_371", "HOUSEHOLD_1_372", "HOUSEHOLD_1_373", "HOUSEHOLD_1_374", "HOUSEHOLD_1_375", "HOUSEHOLD_1_376", "HOUSEHOLD_1_377", "HOUSEHOLD_1_378", "HOUSEHOLD_1_379", "HOUSEHOLD_1_380", "HOUSEHOLD_1_381", "HOUSEHOLD_1_382", "HOUSEHOLD_1_383", "HOUSEHOLD_1_384", "HOUSEHOLD_1_385", "HOUSEHOLD_1_386", "HOUSEHOLD_1_387", "HOUSEHOLD_1_388", "HOUSEHOLD_1_389", "HOUSEHOLD_1_390", "HOUSEHOLD_1_393", "HOUSEHOLD_1_394", "HOUSEHOLD_1_395", "HOUSEHOLD_1_396", "HOUSEHOLD_1_397", "HOUSEHOLD_1_398", "HOUSEHOLD_1_399", "HOUSEHOLD_1_400", "HOUSEHOLD_1_401", "HOUSEHOLD_1_402", "HOUSEHOLD_1_403", "HOUSEHOLD_1_404", "HOUSEHOLD_1_405", "HOUSEHOLD_1_406", "HOUSEHOLD_1_407", "HOUSEHOLD_1_408", "HOUSEHOLD_1_409", "HOUSEHOLD_1_410", "HOUSEHOLD_1_411", "HOUSEHOLD_1_412", "HOUSEHOLD_1_413", "HOUSEHOLD_1_414", "HOUSEHOLD_1_415", "HOUSEHOLD_1_416", "HOUSEHOLD_1_417", "HOUSEHOLD_1_418", "HOUSEHOLD_1_419", "HOUSEHOLD_1_420", "HOUSEHOLD_1_421", "HOUSEHOLD_1_422", "HOUSEHOLD_1_423", "HOUSEHOLD_1_424", "HOUSEHOLD_1_425", "HOUSEHOLD_1_426", "HOUSEHOLD_1_427", "HOUSEHOLD_1_428", "HOUSEHOLD_1_429", "HOUSEHOLD_1_430", "HOUSEHOLD_1_431", "HOUSEHOLD_1_432", "HOUSEHOLD_1_433", "HOUSEHOLD_1_434", "HOUSEHOLD_1_435", "HOUSEHOLD_1_436", "HOUSEHOLD_1_437", "HOUSEHOLD_1_438", "HOUSEHOLD_1_439", "HOUSEHOLD_1_440", "HOUSEHOLD_1_441", "HOUSEHOLD_1_442", "HOUSEHOLD_1_443", "HOUSEHOLD_1_444", "HOUSEHOLD_1_445", "HOUSEHOLD_1_446", "HOUSEHOLD_1_447", "HOUSEHOLD_1_448", "HOUSEHOLD_1_449", "HOUSEHOLD_1_450", "HOUSEHOLD_1_451", "HOUSEHOLD_1_452", "HOUSEHOLD_1_453", "HOUSEHOLD_1_454", "HOUSEHOLD_1_455", "HOUSEHOLD_1_456", "HOUSEHOLD_1_457", "HOUSEHOLD_1_458", "HOUSEHOLD_1_459", "HOUSEHOLD_1_460", "HOUSEHOLD_1_461", "HOUSEHOLD_1_462", "HOUSEHOLD_1_463", "HOUSEHOLD_1_464", "HOUSEHOLD_1_465", "HOUSEHOLD_1_466", "HOUSEHOLD_1_467", "HOUSEHOLD_1_468", "HOUSEHOLD_1_469", "HOUSEHOLD_1_470", "HOUSEHOLD_1_471", "HOUSEHOLD_1_472", "HOUSEHOLD_1_473", "HOUSEHOLD_1_474", "HOUSEHOLD_1_475", "HOUSEHOLD_1_476", "HOUSEHOLD_1_477", "HOUSEHOLD_1_478", "HOUSEHOLD_1_479", "HOUSEHOLD_1_480", "HOUSEHOLD_1_481", "HOUSEHOLD_1_482", "HOUSEHOLD_1_483", "HOUSEHOLD_1_484", "HOUSEHOLD_1_485", "HOUSEHOLD_1_486", "HOUSEHOLD_1_487", "HOUSEHOLD_1_488", "HOUSEHOLD_1_489", "HOUSEHOLD_1_490", "HOUSEHOLD_1_491", "HOUSEHOLD_1_492", "HOUSEHOLD_1_493", "HOUSEHOLD_1_494", "HOUSEHOLD_1_495", "HOUSEHOLD_1_496", "HOUSEHOLD_1_497", "HOUSEHOLD_1_498", "HOUSEHOLD_1_499", "HOUSEHOLD_1_500", "HOUSEHOLD_1_501", "HOUSEHOLD_1_502", "HOUSEHOLD_1_503", "HOUSEHOLD_1_504", "HOUSEHOLD_1_505", "HOUSEHOLD_1_506", "HOUSEHOLD_1_507", "HOUSEHOLD_1_508", "HOUSEHOLD_1_509", "HOUSEHOLD_1_510", "HOUSEHOLD_1_511", "HOUSEHOLD_1_512", "HOUSEHOLD_1_513", "HOUSEHOLD_1_514", "HOUSEHOLD_1_515", "HOUSEHOLD_1_516", "HOUSEHOLD_1_517", "HOUSEHOLD_1_518", "HOUSEHOLD_1_519", "HOUSEHOLD_1_520", "HOUSEHOLD_1_521", "HOUSEHOLD_1_522", "HOUSEHOLD_1_523", "HOUSEHOLD_1_524", "HOUSEHOLD_1_525", "HOUSEHOLD_1_526", "HOUSEHOLD_1_527", "HOUSEHOLD_1_528", "HOUSEHOLD_1_529", "HOUSEHOLD_1_530", "HOUSEHOLD_1_531", "HOUSEHOLD_1_532", "HOUSEHOLD_1_533", "HOUSEHOLD_1_534", "HOUSEHOLD_1_535", "HOUSEHOLD_1_536", "HOUSEHOLD_1_537", "HOUSEHOLD_1_538", "HOUSEHOLD_1_539", "HOUSEHOLD_1_540", "HOUSEHOLD_1_541", "HOUSEHOLD_2_001", "HOUSEHOLD_2_002", "HOUSEHOLD_2_003", "HOUSEHOLD_2_004", "HOUSEHOLD_2_005", "HOUSEHOLD_2_006", "HOUSEHOLD_2_007", "HOUSEHOLD_2_008", "HOUSEHOLD_2_009", "HOUSEHOLD_2_010", "HOUSEHOLD_2_011", "HOUSEHOLD_2_012", "HOUSEHOLD_2_013", "HOUSEHOLD_2_014", "HOUSEHOLD_2_015", "HOUSEHOLD_2_016", "HOUSEHOLD_2_017", "HOUSEHOLD_2_018", "HOUSEHOLD_2_019", "HOUSEHOLD_2_020", "HOUSEHOLD_2_021", "HOUSEHOLD_2_022", "HOUSEHOLD_2_023", "HOUSEHOLD_2_024", "HOUSEHOLD_2_025", "HOUSEHOLD_2_026", "HOUSEHOLD_2_027", "HOUSEHOLD_2_028", "HOUSEHOLD_2_029", "HOUSEHOLD_2_030", "HOUSEHOLD_2_031", "HOUSEHOLD_2_032", "HOUSEHOLD_2_033", "HOUSEHOLD_2_034", "HOUSEHOLD_2_035", "HOUSEHOLD_2_036", "HOUSEHOLD_2_037", "HOUSEHOLD_2_038", "HOUSEHOLD_2_039", "HOUSEHOLD_2_040", "HOUSEHOLD_2_041", "HOUSEHOLD_2_042", "HOUSEHOLD_2_043", "HOUSEHOLD_2_044", "HOUSEHOLD_2_045", "HOUSEHOLD_2_046", "HOUSEHOLD_2_047", "HOUSEHOLD_2_048", "HOUSEHOLD_2_049", "HOUSEHOLD_2_050", "HOUSEHOLD_2_051", "HOUSEHOLD_2_052", "HOUSEHOLD_2_053", "HOUSEHOLD_2_054", "HOUSEHOLD_2_055", "HOUSEHOLD_2_056", "HOUSEHOLD_2_057", "HOUSEHOLD_2_058", "HOUSEHOLD_2_059", "HOUSEHOLD_2_060", "HOUSEHOLD_2_061", "HOUSEHOLD_2_062", "HOUSEHOLD_2_063", "HOUSEHOLD_2_064", "HOUSEHOLD_2_065", "HOUSEHOLD_2_066", "HOUSEHOLD_2_067", "HOUSEHOLD_2_068", "HOUSEHOLD_2_069", "HOUSEHOLD_2_070", "HOUSEHOLD_2_071", "HOUSEHOLD_2_072", "HOUSEHOLD_2_073", "HOUSEHOLD_2_074", "HOUSEHOLD_2_075", "HOUSEHOLD_2_076", "HOUSEHOLD_2_077", "HOUSEHOLD_2_078", "HOUSEHOLD_2_079", "HOUSEHOLD_2_080", "HOUSEHOLD_2_081", "HOUSEHOLD_2_082", "HOUSEHOLD_2_083", "HOUSEHOLD_2_084", "HOUSEHOLD_2_085", "HOUSEHOLD_2_086", "HOUSEHOLD_2_087", "HOUSEHOLD_2_088", "HOUSEHOLD_2_089", "HOUSEHOLD_2_090", "HOUSEHOLD_2_091", "HOUSEHOLD_2_092", "HOUSEHOLD_2_093", "HOUSEHOLD_2_094", "HOUSEHOLD_2_095", "HOUSEHOLD_2_096", "HOUSEHOLD_2_097", "HOUSEHOLD_2_098", "HOUSEHOLD_2_099", "HOUSEHOLD_2_100", "HOUSEHOLD_2_101", "HOUSEHOLD_2_102", "HOUSEHOLD_2_103", "HOUSEHOLD_2_104", "HOUSEHOLD_2_105", "HOUSEHOLD_2_106", "HOUSEHOLD_2_107", "HOUSEHOLD_2_108", "HOUSEHOLD_2_109", "HOUSEHOLD_2_110", "HOUSEHOLD_2_111", "HOUSEHOLD_2_112", "HOUSEHOLD_2_113", "HOUSEHOLD_2_114", "HOUSEHOLD_2_115", "HOUSEHOLD_2_116", "HOUSEHOLD_2_117", "HOUSEHOLD_2_118", "HOUSEHOLD_2_119", "HOUSEHOLD_2_120", "HOUSEHOLD_2_121", "HOUSEHOLD_2_122", "HOUSEHOLD_2_123", "HOUSEHOLD_2_124", "HOUSEHOLD_2_125", "HOUSEHOLD_2_126", "HOUSEHOLD_2_127", "HOUSEHOLD_2_128", "HOUSEHOLD_2_129", "HOUSEHOLD_2_130", "HOUSEHOLD_2_131", "HOUSEHOLD_2_132", "HOUSEHOLD_2_133", "HOUSEHOLD_2_134", "HOUSEHOLD_2_135", "HOUSEHOLD_2_136", "HOUSEHOLD_2_137", "HOUSEHOLD_2_138", "HOUSEHOLD_2_139", "HOUSEHOLD_2_140", "HOUSEHOLD_2_141", "HOUSEHOLD_2_142", "HOUSEHOLD_2_143", "HOUSEHOLD_2_144", "HOUSEHOLD_2_145", "HOUSEHOLD_2_146", "HOUSEHOLD_2_147", "HOUSEHOLD_2_148", "HOUSEHOLD_2_149", "HOUSEHOLD_2_150", "HOUSEHOLD_2_151", "HOUSEHOLD_2_152", "HOUSEHOLD_2_153", "HOUSEHOLD_2_154", "HOUSEHOLD_2_155", "HOUSEHOLD_2_156", "HOUSEHOLD_2_157", "HOUSEHOLD_2_158", "HOUSEHOLD_2_159", "HOUSEHOLD_2_160", "HOUSEHOLD_2_161", "HOUSEHOLD_2_162", "HOUSEHOLD_2_163", "HOUSEHOLD_2_164", "HOUSEHOLD_2_165", "HOUSEHOLD_2_166", "HOUSEHOLD_2_167", "HOUSEHOLD_2_168", "HOUSEHOLD_2_169", "HOUSEHOLD_2_170", "HOUSEHOLD_2_171", "HOUSEHOLD_2_172", "HOUSEHOLD_2_173", "HOUSEHOLD_2_174", "HOUSEHOLD_2_175", "HOUSEHOLD_2_176", "HOUSEHOLD_2_177", "HOUSEHOLD_2_178", "HOUSEHOLD_2_179", "HOUSEHOLD_2_180", "HOUSEHOLD_2_182", "HOUSEHOLD_2_183", "HOUSEHOLD_2_184", "HOUSEHOLD_2_185", "HOUSEHOLD_2_186", "HOUSEHOLD_2_187", "HOUSEHOLD_2_188", "HOUSEHOLD_2_189", "HOUSEHOLD_2_190", "HOUSEHOLD_2_191", "HOUSEHOLD_2_192", "HOUSEHOLD_2_193", "HOUSEHOLD_2_194", "HOUSEHOLD_2_195", "HOUSEHOLD_2_196", "HOUSEHOLD_2_197", "HOUSEHOLD_2_198", "HOUSEHOLD_2_199", "HOUSEHOLD_2_200", "HOUSEHOLD_2_201", "HOUSEHOLD_2_202", "HOUSEHOLD_2_203", "HOUSEHOLD_2_204", "HOUSEHOLD_2_205", "HOUSEHOLD_2_206", "HOUSEHOLD_2_207", "HOUSEHOLD_2_208", "HOUSEHOLD_2_209", "HOUSEHOLD_2_210", "HOUSEHOLD_2_211", "HOUSEHOLD_2_212", "HOUSEHOLD_2_213", "HOUSEHOLD_2_214", "HOUSEHOLD_2_215", "HOUSEHOLD_2_216", "HOUSEHOLD_2_217", "HOUSEHOLD_2_218", "HOUSEHOLD_2_219", "HOUSEHOLD_2_220", "HOUSEHOLD_2_221", "HOUSEHOLD_2_222", "HOUSEHOLD_2_223", "HOUSEHOLD_2_224", "HOUSEHOLD_2_225", "HOUSEHOLD_2_226", "HOUSEHOLD_2_227", "HOUSEHOLD_2_228", "HOUSEHOLD_2_229", "HOUSEHOLD_2_230", "HOUSEHOLD_2_231", "HOUSEHOLD_2_232", "HOUSEHOLD_2_233", "HOUSEHOLD_2_234", "HOUSEHOLD_2_235", "HOUSEHOLD_2_236", "HOUSEHOLD_2_237", "HOUSEHOLD_2_238", "HOUSEHOLD_2_239", "HOUSEHOLD_2_240", "HOUSEHOLD_2_241", "HOUSEHOLD_2_242", "HOUSEHOLD_2_243", "HOUSEHOLD_2_244", "HOUSEHOLD_2_245", "HOUSEHOLD_2_246", "HOUSEHOLD_2_247", "HOUSEHOLD_2_248", "HOUSEHOLD_2_249", "HOUSEHOLD_2_250", "HOUSEHOLD_2_251", "HOUSEHOLD_2_252", "HOUSEHOLD_2_253", "HOUSEHOLD_2_254", "HOUSEHOLD_2_255", "HOUSEHOLD_2_256", "HOUSEHOLD_2_257", "HOUSEHOLD_2_258", "HOUSEHOLD_2_259", "HOUSEHOLD_2_260", "HOUSEHOLD_2_261", "HOUSEHOLD_2_262", "HOUSEHOLD_2_263", "HOUSEHOLD_2_264", "HOUSEHOLD_2_265", "HOUSEHOLD_2_266", "HOUSEHOLD_2_267", "HOUSEHOLD_2_268", "HOUSEHOLD_2_269", "HOUSEHOLD_2_270", "HOUSEHOLD_2_271", "HOUSEHOLD_2_272", "HOUSEHOLD_2_273", "HOUSEHOLD_2_274", "HOUSEHOLD_2_275", "HOUSEHOLD_2_276", "HOUSEHOLD_2_277", "HOUSEHOLD_2_278", "HOUSEHOLD_2_279", "HOUSEHOLD_2_280", "HOUSEHOLD_2_281", "HOUSEHOLD_2_282", "HOUSEHOLD_2_283", "HOUSEHOLD_2_284", "HOUSEHOLD_2_285", "HOUSEHOLD_2_286", "HOUSEHOLD_2_287", "HOUSEHOLD_2_288", "HOUSEHOLD_2_289", "HOUSEHOLD_2_290", "HOUSEHOLD_2_291", "HOUSEHOLD_2_292", "HOUSEHOLD_2_293", "HOUSEHOLD_2_294", "HOUSEHOLD_2_295", "HOUSEHOLD_2_296", "HOUSEHOLD_2_297", "HOUSEHOLD_2_298", "HOUSEHOLD_2_299", "HOUSEHOLD_2_300", "HOUSEHOLD_2_301", "HOUSEHOLD_2_302", "HOUSEHOLD_2_303", "HOUSEHOLD_2_304", "HOUSEHOLD_2_305", "HOUSEHOLD_2_306", "HOUSEHOLD_2_307", "HOUSEHOLD_2_308", "HOUSEHOLD_2_309", "HOUSEHOLD_2_310", "HOUSEHOLD_2_311", "HOUSEHOLD_2_312", "HOUSEHOLD_2_313", "HOUSEHOLD_2_314", "HOUSEHOLD_2_315", "HOUSEHOLD_2_316", "HOUSEHOLD_2_317", "HOUSEHOLD_2_318", "HOUSEHOLD_2_319", "HOUSEHOLD_2_320", "HOUSEHOLD_2_321", "HOUSEHOLD_2_322", "HOUSEHOLD_2_323", "HOUSEHOLD_2_324", "HOUSEHOLD_2_325", "HOUSEHOLD_2_326", "HOUSEHOLD_2_327", "HOUSEHOLD_2_328", "HOUSEHOLD_2_329", "HOUSEHOLD_2_330", "HOUSEHOLD_2_331", "HOUSEHOLD_2_332", "HOUSEHOLD_2_333", "HOUSEHOLD_2_334", "HOUSEHOLD_2_335", "HOUSEHOLD_2_336", "HOUSEHOLD_2_337", "HOUSEHOLD_2_338", "HOUSEHOLD_2_339", "HOUSEHOLD_2_340", "HOUSEHOLD_2_341", "HOUSEHOLD_2_342", "HOUSEHOLD_2_343", "HOUSEHOLD_2_344", "HOUSEHOLD_2_345", "HOUSEHOLD_2_346", "HOUSEHOLD_2_347", "HOUSEHOLD_2_348", "HOUSEHOLD_2_349", "HOUSEHOLD_2_350", "HOUSEHOLD_2_351", "HOUSEHOLD_2_352", "HOUSEHOLD_2_353", "HOUSEHOLD_2_354", "HOUSEHOLD_2_355", "HOUSEHOLD_2_356", "HOUSEHOLD_2_357", "HOUSEHOLD_2_358", "HOUSEHOLD_2_359", "HOUSEHOLD_2_360", "HOUSEHOLD_2_361", "HOUSEHOLD_2_362", "HOUSEHOLD_2_363", "HOUSEHOLD_2_364", "HOUSEHOLD_2_365", "HOUSEHOLD_2_366", "HOUSEHOLD_2_367", "HOUSEHOLD_2_368", "HOUSEHOLD_2_369", "HOUSEHOLD_2_370", "HOUSEHOLD_2_371", "HOUSEHOLD_2_372", "HOUSEHOLD_2_373", "HOUSEHOLD_2_374", "HOUSEHOLD_2_375", "HOUSEHOLD_2_376", "HOUSEHOLD_2_377", "HOUSEHOLD_2_378", "HOUSEHOLD_2_379", "HOUSEHOLD_2_380", "HOUSEHOLD_2_381", "HOUSEHOLD_2_382", "HOUSEHOLD_2_383", "HOUSEHOLD_2_384", "HOUSEHOLD_2_385", "HOUSEHOLD_2_386", "HOUSEHOLD_2_387", "HOUSEHOLD_2_388", "HOUSEHOLD_2_389", "HOUSEHOLD_2_390", "HOUSEHOLD_2_391", "HOUSEHOLD_2_392", "HOUSEHOLD_2_393", "HOUSEHOLD_2_394", "HOUSEHOLD_2_395", "HOUSEHOLD_2_396", "HOUSEHOLD_2_397", "HOUSEHOLD_2_398", "HOUSEHOLD_2_399", "HOUSEHOLD_2_400", "HOUSEHOLD_2_401", "HOUSEHOLD_2_402", "HOUSEHOLD_2_403", "HOUSEHOLD_2_404", "HOUSEHOLD_2_405", "HOUSEHOLD_2_406", "HOUSEHOLD_2_407", "HOUSEHOLD_2_408", "HOUSEHOLD_2_409", "HOUSEHOLD_2_410", "HOUSEHOLD_2_411", "HOUSEHOLD_2_412", "HOUSEHOLD_2_413", "HOUSEHOLD_2_414", "HOUSEHOLD_2_415", "HOUSEHOLD_2_416", "HOUSEHOLD_2_417", "HOUSEHOLD_2_418", "HOUSEHOLD_2_419", "HOUSEHOLD_2_420", "HOUSEHOLD_2_421", "HOUSEHOLD_2_422", "HOUSEHOLD_2_423", "HOUSEHOLD_2_424", "HOUSEHOLD_2_425", "HOUSEHOLD_2_426", "HOUSEHOLD_2_427", "HOUSEHOLD_2_428", "HOUSEHOLD_2_429", "HOUSEHOLD_2_430", "HOUSEHOLD_2_431", "HOUSEHOLD_2_432", "HOUSEHOLD_2_433", "HOUSEHOLD_2_434", "HOUSEHOLD_2_435", "HOUSEHOLD_2_436", "HOUSEHOLD_2_437", "HOUSEHOLD_2_438", "HOUSEHOLD_2_439", "HOUSEHOLD_2_440", "FOODS_1_001", "FOODS_1_002", "FOODS_1_003", "FOODS_1_004", "FOODS_1_005", "FOODS_1_006", "FOODS_1_008", "FOODS_1_009", "FOODS_1_010", "FOODS_1_011", "FOODS_1_012", "FOODS_1_013", "FOODS_1_014", "FOODS_1_015", "FOODS_1_016", "FOODS_1_017", "FOODS_1_018", "FOODS_1_019", "FOODS_1_020", "FOODS_1_021", "FOODS_1_022", "FOODS_1_023", "FOODS_1_024", "FOODS_1_025", "FOODS_1_026", "FOODS_1_027", "FOODS_1_028", "FOODS_1_029", "FOODS_1_030", "FOODS_1_031", "FOODS_1_032", "FOODS_1_033", "FOODS_1_034", "FOODS_1_035", "FOODS_1_036", "FOODS_1_037", "FOODS_1_038", "FOODS_1_039", "FOODS_1_040", "FOODS_1_041", "FOODS_1_042", "FOODS_1_043", "FOODS_1_044", "FOODS_1_045", "FOODS_1_046", "FOODS_1_047", "FOODS_1_048", "FOODS_1_049", "FOODS_1_050", "FOODS_1_051", "FOODS_1_052", "FOODS_1_053", "FOODS_1_054", "FOODS_1_055", "FOODS_1_056", "FOODS_1_057", "FOODS_1_058", "FOODS_1_059", "FOODS_1_060", "FOODS_1_061", "FOODS_1_062", "FOODS_1_063", "FOODS_1_064", "FOODS_1_065", "FOODS_1_066", "FOODS_1_067", "FOODS_1_068", "FOODS_1_069", "FOODS_1_070", "FOODS_1_071", "FOODS_1_072", "FOODS_1_073", "FOODS_1_074", "FOODS_1_075", "FOODS_1_076", "FOODS_1_077", "FOODS_1_078", "FOODS_1_079", "FOODS_1_080", "FOODS_1_081", "FOODS_1_082", "FOODS_1_083", "FOODS_1_084", "FOODS_1_085", "FOODS_1_086", "FOODS_1_087", "FOODS_1_088", "FOODS_1_089", "FOODS_1_090", "FOODS_1_091", "FOODS_1_092", "FOODS_1_093", "FOODS_1_094", "FOODS_1_095", "FOODS_1_096", "FOODS_1_097", "FOODS_1_098", "FOODS_1_099", "FOODS_1_101", "FOODS_1_102", "FOODS_1_103", "FOODS_1_104", "FOODS_1_105", "FOODS_1_106", "FOODS_1_107", "FOODS_1_108", "FOODS_1_109", "FOODS_1_110", "FOODS_1_111", "FOODS_1_112", "FOODS_1_113", "FOODS_1_114", "FOODS_1_115", "FOODS_1_116", "FOODS_1_117", "FOODS_1_118", "FOODS_1_119", "FOODS_1_120", "FOODS_1_121", "FOODS_1_122", "FOODS_1_123", "FOODS_1_124", "FOODS_1_125", "FOODS_1_126", "FOODS_1_127", "FOODS_1_128", "FOODS_1_129", "FOODS_1_130", "FOODS_1_131", "FOODS_1_132", "FOODS_1_133", "FOODS_1_134", "FOODS_1_135", "FOODS_1_136", "FOODS_1_137", "FOODS_1_138", "FOODS_1_139", "FOODS_1_140", "FOODS_1_141", "FOODS_1_142", "FOODS_1_143", "FOODS_1_144", "FOODS_1_145", "FOODS_1_146", "FOODS_1_147", "FOODS_1_148", "FOODS_1_149", "FOODS_1_150", "FOODS_1_151", "FOODS_1_152", "FOODS_1_153", "FOODS_1_154", "FOODS_1_155", "FOODS_1_156", "FOODS_1_157", "FOODS_1_158", "FOODS_1_159", "FOODS_1_160", "FOODS_1_161", "FOODS_1_162", "FOODS_1_163", "FOODS_1_164", "FOODS_1_166", "FOODS_1_167", "FOODS_1_168", "FOODS_1_169", "FOODS_1_170", "FOODS_1_171", "FOODS_1_172", "FOODS_1_173", "FOODS_1_174", "FOODS_1_175", "FOODS_1_176", "FOODS_1_177", "FOODS_1_178", "FOODS_1_179", "FOODS_1_180", "FOODS_1_181", "FOODS_1_182", "FOODS_1_183", "FOODS_1_184", "FOODS_1_185", "FOODS_1_186", "FOODS_1_187", "FOODS_1_188", "FOODS_1_189", "FOODS_1_190", "FOODS_1_191", "FOODS_1_192", "FOODS_1_193", "FOODS_1_194", "FOODS_1_195", "FOODS_1_196", "FOODS_1_197", "FOODS_1_198", "FOODS_1_199", "FOODS_1_200", "FOODS_1_201", "FOODS_1_202", "FOODS_1_203", "FOODS_1_204", "FOODS_1_205", "FOODS_1_206", "FOODS_1_207", "FOODS_1_208", "FOODS_1_209", "FOODS_1_210", "FOODS_1_211", "FOODS_1_212", "FOODS_1_213", "FOODS_1_214", "FOODS_1_215", "FOODS_1_216", "FOODS_1_217", "FOODS_1_218", "FOODS_1_219", "FOODS_2_001", "FOODS_2_002", "FOODS_2_003", "FOODS_2_004", "FOODS_2_005", "FOODS_2_006", "FOODS_2_007", "FOODS_2_008", "FOODS_2_009", "FOODS_2_010", "FOODS_2_011", "FOODS_2_012", "FOODS_2_013", "FOODS_2_014", "FOODS_2_015", "FOODS_2_016", "FOODS_2_017", "FOODS_2_018", "FOODS_2_019", "FOODS_2_020", "FOODS_2_021", "FOODS_2_022", "FOODS_2_023", "FOODS_2_024", "FOODS_2_025", "FOODS_2_026", "FOODS_2_027", "FOODS_2_028", "FOODS_2_029", "FOODS_2_030", "FOODS_2_031", "FOODS_2_032", "FOODS_2_033", "FOODS_2_034", "FOODS_2_035", "FOODS_2_036", "FOODS_2_037", "FOODS_2_038", "FOODS_2_039", "FOODS_2_040", "FOODS_2_041", "FOODS_2_042", "FOODS_2_043", "FOODS_2_044", "FOODS_2_045", "FOODS_2_046", "FOODS_2_047", "FOODS_2_048", "FOODS_2_049", "FOODS_2_050", "FOODS_2_051", "FOODS_2_052", "FOODS_2_053", "FOODS_2_054", "FOODS_2_055", "FOODS_2_056", "FOODS_2_057", "FOODS_2_058", "FOODS_2_059", "FOODS_2_060", "FOODS_2_061", "FOODS_2_062", "FOODS_2_063", "FOODS_2_064", "FOODS_2_065", "FOODS_2_066", "FOODS_2_067", "FOODS_2_068", "FOODS_2_069", "FOODS_2_070", "FOODS_2_071", "FOODS_2_072", "FOODS_2_073", "FOODS_2_074", "FOODS_2_075", "FOODS_2_076", "FOODS_2_077", "FOODS_2_078", "FOODS_2_079", "FOODS_2_080", "FOODS_2_081", "FOODS_2_082", "FOODS_2_083", "FOODS_2_084", "FOODS_2_085", "FOODS_2_086", "FOODS_2_087", "FOODS_2_088", "FOODS_2_089", "FOODS_2_090", "FOODS_2_091", "FOODS_2_092", "FOODS_2_093", "FOODS_2_094", "FOODS_2_095", "FOODS_2_096", "FOODS_2_097", "FOODS_2_099", "FOODS_2_100", "FOODS_2_101", "FOODS_2_102", "FOODS_2_103", "FOODS_2_104", "FOODS_2_105", "FOODS_2_106", "FOODS_2_107", "FOODS_2_108", "FOODS_2_109", "FOODS_2_110", "FOODS_2_111", "FOODS_2_112", "FOODS_2_113", "FOODS_2_114", "FOODS_2_115", "FOODS_2_116", "FOODS_2_117", "FOODS_2_118", "FOODS_2_119", "FOODS_2_120", "FOODS_2_121", "FOODS_2_122", "FOODS_2_123", "FOODS_2_124", "FOODS_2_125", "FOODS_2_126", "FOODS_2_127", "FOODS_2_128", "FOODS_2_129", "FOODS_2_130", "FOODS_2_131", "FOODS_2_132", "FOODS_2_133", "FOODS_2_134", "FOODS_2_135", "FOODS_2_136", "FOODS_2_137", "FOODS_2_138", "FOODS_2_139", "FOODS_2_140", "FOODS_2_141", "FOODS_2_142", "FOODS_2_143", "FOODS_2_144", "FOODS_2_145", "FOODS_2_146", "FOODS_2_147", "FOODS_2_148", "FOODS_2_149", "FOODS_2_150", "FOODS_2_151", "FOODS_2_152", "FOODS_2_153", "FOODS_2_154", "FOODS_2_155", "FOODS_2_156", "FOODS_2_157", "FOODS_2_158", "FOODS_2_159", "FOODS_2_160", "FOODS_2_161", "FOODS_2_162", "FOODS_2_163", "FOODS_2_164", "FOODS_2_165", "FOODS_2_166", "FOODS_2_167", "FOODS_2_168", "FOODS_2_169", "FOODS_2_170", "FOODS_2_171", "FOODS_2_172", "FOODS_2_173", "FOODS_2_174", "FOODS_2_175", "FOODS_2_176", "FOODS_2_177", "FOODS_2_178", "FOODS_2_179", "FOODS_2_180", "FOODS_2_181", "FOODS_2_182", "FOODS_2_183", "FOODS_2_184", "FOODS_2_185", "FOODS_2_186", "FOODS_2_187", "FOODS_2_188", "FOODS_2_189", "FOODS_2_190", "FOODS_2_191", "FOODS_2_192", "FOODS_2_193", "FOODS_2_194", "FOODS_2_195", "FOODS_2_196", "FOODS_2_197", "FOODS_2_198", "FOODS_2_199", "FOODS_2_200", "FOODS_2_201", "FOODS_2_202", "FOODS_2_203", "FOODS_2_204", "FOODS_2_205", "FOODS_2_206", "FOODS_2_207", "FOODS_2_208", "FOODS_2_209", "FOODS_2_210", "FOODS_2_211", "FOODS_2_212", "FOODS_2_213", "FOODS_2_214", "FOODS_2_215", "FOODS_2_216", "FOODS_2_217", "FOODS_2_218", "FOODS_2_219", "FOODS_2_220", "FOODS_2_221", "HOUSEHOLD_2_441", "HOUSEHOLD_2_442", "HOUSEHOLD_2_443", "HOUSEHOLD_2_444", "HOUSEHOLD_2_445", "HOUSEHOLD_2_446", "HOUSEHOLD_2_447", "HOUSEHOLD_2_448", "HOUSEHOLD_2_449", "HOUSEHOLD_2_450", "HOUSEHOLD_2_451", "HOUSEHOLD_2_452", "HOUSEHOLD_2_453", "HOUSEHOLD_2_454", "HOUSEHOLD_2_455", "HOUSEHOLD_2_456", "HOUSEHOLD_2_457", "HOUSEHOLD_2_458", "HOUSEHOLD_2_459", "HOUSEHOLD_2_460", "HOUSEHOLD_2_461", "HOUSEHOLD_2_462", "HOUSEHOLD_2_463", "HOUSEHOLD_2_464", "HOUSEHOLD_2_465", "HOUSEHOLD_2_466", "HOUSEHOLD_2_467", "HOUSEHOLD_2_468", "HOUSEHOLD_2_469", "HOUSEHOLD_2_470", "HOUSEHOLD_2_471", "HOUSEHOLD_2_472", "HOUSEHOLD_2_473", "HOUSEHOLD_2_474", "HOUSEHOLD_2_475", "HOUSEHOLD_2_476", "HOUSEHOLD_2_477", "HOUSEHOLD_2_478", "HOUSEHOLD_2_479", "HOUSEHOLD_2_480", "HOUSEHOLD_2_481", "HOUSEHOLD_2_482", "HOUSEHOLD_2_483", "HOUSEHOLD_2_484", "HOUSEHOLD_2_485", "HOUSEHOLD_2_486", "HOUSEHOLD_2_487", "HOUSEHOLD_2_488", "HOUSEHOLD_2_489", "HOUSEHOLD_2_490", "HOUSEHOLD_2_491", "HOUSEHOLD_2_492", "HOUSEHOLD_2_493", "HOUSEHOLD_2_494", "HOUSEHOLD_2_495", "HOUSEHOLD_2_496", "HOUSEHOLD_2_497", "HOUSEHOLD_2_498", "HOUSEHOLD_2_499", "HOUSEHOLD_2_500", "HOUSEHOLD_2_501", "HOUSEHOLD_2_502", "HOUSEHOLD_2_503", "HOUSEHOLD_2_504", "HOUSEHOLD_2_505", "HOUSEHOLD_2_506", "HOUSEHOLD_2_507", "HOUSEHOLD_2_508", "HOUSEHOLD_2_509", "HOUSEHOLD_2_510", "HOUSEHOLD_2_511", "HOUSEHOLD_2_512", "HOUSEHOLD_2_513", "HOUSEHOLD_2_514", "HOUSEHOLD_2_515", "HOUSEHOLD_2_516", "FOODS_2_222", "FOODS_2_223", "FOODS_2_224", "FOODS_2_225", "FOODS_2_226", "FOODS_2_227", "FOODS_2_228", "FOODS_2_229", "FOODS_2_230", "FOODS_2_231", "FOODS_2_232", "FOODS_2_233", "FOODS_2_234", "FOODS_2_235", "FOODS_2_236", "FOODS_2_237", "FOODS_2_238", "FOODS_2_239", "FOODS_2_240", "FOODS_2_241", "FOODS_2_242", "FOODS_2_243", "FOODS_2_244", "FOODS_2_245", "FOODS_2_246", "FOODS_2_247", "FOODS_2_248", "FOODS_2_249", "FOODS_2_250", "FOODS_2_251", "FOODS_2_252", "FOODS_2_253", "FOODS_2_254", "FOODS_2_255", "FOODS_2_256", "FOODS_2_257", "FOODS_2_258", "FOODS_2_259", "FOODS_2_260", "FOODS_2_261", "FOODS_2_262", "FOODS_2_263", "FOODS_2_264", "FOODS_2_265", "FOODS_2_266", "FOODS_2_267", "FOODS_2_268", "FOODS_2_269", "FOODS_2_270", "FOODS_2_271", "FOODS_2_272", "FOODS_2_273", "FOODS_2_274", "FOODS_2_275", "FOODS_2_276", "FOODS_2_277", "FOODS_2_278", "FOODS_2_279", "FOODS_2_280", "FOODS_2_281", "FOODS_2_282", "FOODS_2_283", "FOODS_2_284", "FOODS_2_285", "FOODS_2_286", "FOODS_2_287", "FOODS_2_288", "FOODS_2_289", "FOODS_2_290", "FOODS_2_291", "FOODS_2_292", "FOODS_2_293", "FOODS_2_294", "FOODS_2_295", "FOODS_2_296", "FOODS_2_297", "FOODS_2_298", "FOODS_2_299", "FOODS_2_300", "FOODS_2_301", "FOODS_2_302", "FOODS_2_303", "FOODS_2_304", "FOODS_2_305", "FOODS_2_306", "FOODS_2_307", "FOODS_2_308", "FOODS_2_309", "FOODS_2_310", "FOODS_2_311", "FOODS_2_312", "FOODS_2_313", "FOODS_2_314", "FOODS_2_315", "FOODS_2_316", "FOODS_2_317", "FOODS_2_318", "FOODS_2_319", "FOODS_2_320", "FOODS_2_321", "FOODS_2_322", "FOODS_2_323", "FOODS_2_324", "FOODS_2_325", "FOODS_2_326", "FOODS_2_327", "FOODS_2_328", "FOODS_2_329", "FOODS_2_330", "FOODS_2_331", "FOODS_2_332", "FOODS_2_333", "FOODS_2_334", "FOODS_2_335", "FOODS_2_336", "FOODS_2_337", "FOODS_2_338", "FOODS_2_339", "FOODS_2_340", "FOODS_2_341", "FOODS_2_342", "FOODS_2_343", "FOODS_2_344", "FOODS_2_345", "FOODS_2_346", "FOODS_2_347", "FOODS_2_348", "FOODS_2_349", "FOODS_2_350", "FOODS_2_351", "FOODS_2_352", "FOODS_2_353", "FOODS_2_354", "FOODS_2_355", "FOODS_2_356", "FOODS_2_357", "FOODS_2_358", "FOODS_2_359", "FOODS_2_360", "FOODS_2_361", "FOODS_2_362", "FOODS_2_363", "FOODS_2_364", "FOODS_2_365", "FOODS_2_366", "FOODS_2_367", "FOODS_2_368", "FOODS_2_369", "FOODS_2_370", "FOODS_2_371", "FOODS_2_372", "FOODS_2_373", "FOODS_2_374", "FOODS_2_375", "FOODS_2_376", "FOODS_2_377", "FOODS_2_378", "FOODS_2_379", "FOODS_2_380", "FOODS_2_381", "FOODS_2_382", "FOODS_2_383", "FOODS_2_384", "FOODS_2_385", "FOODS_2_386", "FOODS_2_387", "FOODS_2_388", "FOODS_2_389", "FOODS_2_390", "FOODS_2_391", "FOODS_2_392", "FOODS_2_393", "FOODS_2_394", "FOODS_2_395", "FOODS_2_396", "FOODS_2_397", "FOODS_2_398", "FOODS_2_399", "FOODS_3_001", "FOODS_3_002", "FOODS_3_003", "FOODS_3_004", "FOODS_3_005", "FOODS_3_006", "FOODS_3_007", "FOODS_3_008", "FOODS_3_009", "FOODS_3_010", "FOODS_3_011", "FOODS_3_012", "FOODS_3_013", "FOODS_3_014", "FOODS_3_015", "FOODS_3_016", "FOODS_3_017", "FOODS_3_018", "FOODS_3_019", "FOODS_3_020", "FOODS_3_021", "FOODS_3_022", "FOODS_3_023", "FOODS_3_024", "FOODS_3_025", "FOODS_3_026", "FOODS_3_027", "FOODS_3_028", "FOODS_3_029", "FOODS_3_030", "FOODS_3_031", "FOODS_3_032", "FOODS_3_033", "FOODS_3_034", "FOODS_3_035", "FOODS_3_036", "FOODS_3_037", "FOODS_3_038", "FOODS_3_039", "FOODS_3_040", "FOODS_3_041", "FOODS_3_042", "FOODS_3_043", "FOODS_3_044", "FOODS_3_045", "FOODS_3_046", "FOODS_3_047", "FOODS_3_048", "FOODS_3_049", "FOODS_3_050", "FOODS_3_051", "FOODS_3_053", "FOODS_3_054", "FOODS_3_055", "FOODS_3_056", "FOODS_3_057", "FOODS_3_058", "FOODS_3_059", "FOODS_3_060", "FOODS_3_061", "FOODS_3_062", "FOODS_3_063", "FOODS_3_064", "FOODS_3_065", "FOODS_3_066", "FOODS_3_067", "FOODS_3_068", "FOODS_3_069", "FOODS_3_070", "FOODS_3_071", "FOODS_3_072", "FOODS_3_073", "FOODS_3_074", "FOODS_3_075", "FOODS_3_076", "FOODS_3_077", "FOODS_3_078", "FOODS_3_079", "FOODS_3_080", "FOODS_3_081", "FOODS_3_082", "FOODS_3_083", "FOODS_3_084", "FOODS_3_085", "FOODS_3_086", "FOODS_3_087", "FOODS_3_088", "FOODS_3_089", "FOODS_3_090", "FOODS_3_091", "FOODS_3_092", "FOODS_3_093", "FOODS_3_094", "FOODS_3_095", "FOODS_3_096", "FOODS_3_097", "FOODS_3_098", "FOODS_3_099", "FOODS_3_100", "FOODS_3_101", "FOODS_3_102", "FOODS_3_103", "FOODS_3_104", "FOODS_3_105", "FOODS_3_106", "FOODS_3_107", "FOODS_3_108", "FOODS_3_109", "FOODS_3_110", "FOODS_3_111", "FOODS_3_112", "FOODS_3_113", "FOODS_3_114", "FOODS_3_115", "FOODS_3_116", "FOODS_3_117", "FOODS_3_118", "FOODS_3_119", "FOODS_3_120", "FOODS_3_121", "FOODS_3_122", "FOODS_3_123", "FOODS_3_124", "FOODS_3_125", "FOODS_3_126", "FOODS_3_127", "FOODS_3_128", "FOODS_3_129", "FOODS_3_130", "FOODS_3_131", "FOODS_3_132", "FOODS_3_133", "FOODS_3_134", "FOODS_3_135", "FOODS_3_136", "FOODS_3_137", "FOODS_3_138", "FOODS_3_139", "FOODS_3_140", "FOODS_3_141", "FOODS_3_142", "FOODS_3_143", "FOODS_3_144", "FOODS_3_145", "FOODS_3_146", "FOODS_3_147", "FOODS_3_148", "FOODS_3_149", "FOODS_3_150", "FOODS_3_151", "FOODS_3_152", "FOODS_3_153", "FOODS_3_154", "FOODS_3_155", "FOODS_3_156", "FOODS_3_157", "FOODS_3_158", "FOODS_3_159", "FOODS_3_160", "FOODS_3_161", "FOODS_3_162", "FOODS_3_163", "FOODS_3_164", "FOODS_3_165", "FOODS_3_166", "FOODS_3_167", "FOODS_3_168", "FOODS_3_169", "FOODS_3_170", "FOODS_3_171", "FOODS_3_172", "FOODS_3_173", "FOODS_3_174", "FOODS_3_175", "FOODS_3_176", "FOODS_3_177", "FOODS_3_178", "FOODS_3_179", "FOODS_3_180", "FOODS_3_181", "FOODS_3_182", "FOODS_3_183", "FOODS_3_184", "FOODS_3_185", "FOODS_3_186", "FOODS_3_187", "FOODS_3_188", "FOODS_3_189", "FOODS_3_190", "FOODS_3_191", "FOODS_3_192", "FOODS_3_193", "FOODS_3_194", "FOODS_3_195", "FOODS_3_196", "FOODS_3_197", "FOODS_3_198", "FOODS_3_199", "FOODS_3_200", "FOODS_3_201", "FOODS_3_202", "FOODS_3_203", "FOODS_3_204", "FOODS_3_205", "FOODS_3_206", "FOODS_3_207", "FOODS_3_208", "FOODS_3_209", "FOODS_3_210", "FOODS_3_211", "FOODS_3_212", "FOODS_3_213", "FOODS_3_214", "FOODS_3_215", "FOODS_3_216", "FOODS_3_217", "FOODS_3_218", "FOODS_3_219", "FOODS_3_220", "FOODS_3_221", "FOODS_3_222", "FOODS_3_223", "FOODS_3_224", "FOODS_3_225", "FOODS_3_226", "FOODS_3_227", "FOODS_3_228", "FOODS_3_229", "FOODS_3_230", "FOODS_3_231", "FOODS_3_232", "FOODS_3_233", "FOODS_3_234", "FOODS_3_235", "FOODS_3_236", "FOODS_3_237", "FOODS_3_238", "FOODS_3_239", "FOODS_3_240", "FOODS_3_241", "FOODS_3_242", "FOODS_3_243", "FOODS_3_244", "FOODS_3_245", "FOODS_3_246", "FOODS_3_247", "FOODS_3_248", "FOODS_3_249", "FOODS_3_250", "FOODS_3_251", "FOODS_3_252", "FOODS_3_253", "FOODS_3_254", "FOODS_3_255", "FOODS_3_256", "FOODS_3_257", "FOODS_3_258", "FOODS_3_259", "FOODS_3_260", "FOODS_3_261", "FOODS_3_262", "FOODS_3_263", "FOODS_3_264", "FOODS_3_265", "FOODS_3_266", "FOODS_3_267", "FOODS_3_268", "FOODS_3_269", "FOODS_3_270", "FOODS_3_271", "FOODS_3_272", "FOODS_3_273", "FOODS_3_274", "FOODS_3_275", "FOODS_3_276", "FOODS_3_277", "FOODS_3_278", "FOODS_3_279", "FOODS_3_280", "FOODS_3_281", "FOODS_3_282", "FOODS_3_283", "FOODS_3_284", "FOODS_3_285", "FOODS_3_286", "FOODS_3_287", "FOODS_3_288", "FOODS_3_289", "FOODS_3_290", "FOODS_3_291", "FOODS_3_292", "FOODS_3_293", "FOODS_3_294", "FOODS_3_295", "FOODS_3_296", "FOODS_3_297", "FOODS_3_298", "FOODS_3_299", "FOODS_3_300", "FOODS_3_301", "FOODS_3_302", "FOODS_3_303", "FOODS_3_304", "FOODS_3_305", "FOODS_3_306", "FOODS_3_307", "FOODS_3_308", "FOODS_3_309", "FOODS_3_310", "FOODS_3_311", "FOODS_3_312", "FOODS_3_313", "FOODS_3_314", "FOODS_3_315", "FOODS_3_316", "FOODS_3_317", "FOODS_3_318", "FOODS_3_319", "FOODS_3_320", "FOODS_3_321", "FOODS_3_322", "FOODS_3_323", "FOODS_3_324", "FOODS_3_325", "FOODS_3_326", "FOODS_3_327", "FOODS_3_328", "FOODS_3_329", "FOODS_3_330", "FOODS_3_331", "FOODS_3_332", "FOODS_3_333", "FOODS_3_334", "FOODS_3_335", "FOODS_3_336", "FOODS_3_337", "FOODS_3_338", "FOODS_3_339", "FOODS_3_340", "FOODS_3_341", "FOODS_3_342", "FOODS_3_343", "FOODS_3_344", "FOODS_3_345", "FOODS_3_346", "FOODS_3_347", "FOODS_3_348", "FOODS_3_349", "FOODS_3_350", "FOODS_3_351", "FOODS_3_352", "FOODS_3_353", "FOODS_3_354", "FOODS_3_355", "FOODS_3_356", "FOODS_3_357", "FOODS_3_358", "FOODS_3_359", "FOODS_3_360", "FOODS_3_361", "FOODS_3_362", "FOODS_3_363", "FOODS_3_364", "FOODS_3_365", "FOODS_3_366", "FOODS_3_367", "FOODS_3_368", "FOODS_3_369", "FOODS_3_370", "FOODS_3_371", "FOODS_3_372", "FOODS_3_373", "FOODS_3_374", "FOODS_3_375", "FOODS_3_376", "FOODS_3_377", "FOODS_3_378", "FOODS_3_379", "FOODS_3_380", "FOODS_3_381", "FOODS_3_382", "FOODS_3_383", "FOODS_3_384", "FOODS_3_385", "FOODS_3_386", "FOODS_3_387", "FOODS_3_388", "FOODS_3_389", "FOODS_3_390", "FOODS_3_391", "FOODS_3_392", "FOODS_3_393", "FOODS_3_394", "FOODS_3_395", "FOODS_3_396", "FOODS_3_397", "FOODS_3_398", "FOODS_3_399", "FOODS_3_400", "FOODS_3_401", "FOODS_3_402", "FOODS_3_403", "FOODS_3_404", "FOODS_3_405", "FOODS_3_406", "FOODS_3_407", "FOODS_3_408", "FOODS_3_409", "FOODS_3_410", "FOODS_3_411", "FOODS_3_412", "FOODS_3_413", "FOODS_3_414", "FOODS_3_415", "FOODS_3_416", "FOODS_3_417", "FOODS_3_418", "FOODS_3_419", "FOODS_3_420", "FOODS_3_421", "FOODS_3_422", "FOODS_3_423", "FOODS_3_424", "FOODS_3_425", "FOODS_3_426", "FOODS_3_427", "FOODS_3_428", "FOODS_3_429", "FOODS_3_430", "FOODS_3_431", "FOODS_3_432", "FOODS_3_433", "FOODS_3_434", "FOODS_3_435", "FOODS_3_436", "FOODS_3_437", "FOODS_3_438", "FOODS_3_439", "FOODS_3_440", "FOODS_3_441", "FOODS_3_442", "FOODS_3_443", "FOODS_3_444", "FOODS_3_445", "FOODS_3_446", "FOODS_3_447", "FOODS_3_448", "FOODS_3_449", "FOODS_3_450", "FOODS_3_451", "FOODS_3_452", "FOODS_3_453", "FOODS_3_454", "FOODS_3_455", "FOODS_3_456", "FOODS_3_457", "FOODS_3_458", "FOODS_3_459", "FOODS_3_460", "FOODS_3_461", "FOODS_3_462", "FOODS_3_463", "FOODS_3_464", "FOODS_3_465", "FOODS_3_466", "FOODS_3_467", "FOODS_3_468", "FOODS_3_469", "FOODS_3_470", "FOODS_3_471", "FOODS_3_472", "FOODS_3_473", "FOODS_3_474", "FOODS_3_475", "FOODS_3_476", "FOODS_3_477", "FOODS_3_478", "FOODS_3_479", "FOODS_3_480", "FOODS_3_481", "FOODS_3_482", "FOODS_3_483", "FOODS_3_484", "FOODS_3_485", "FOODS_3_486", "FOODS_3_487", "FOODS_3_488", "FOODS_3_489", "FOODS_3_490", "FOODS_3_491", "FOODS_3_492", "FOODS_3_493", "FOODS_3_494", "FOODS_3_495", "FOODS_3_496", "FOODS_3_497", "FOODS_3_498", "FOODS_3_499", "FOODS_3_500", "FOODS_3_501", "FOODS_3_502", "FOODS_3_503", "FOODS_3_504", "FOODS_3_505", "FOODS_3_506", "FOODS_3_507", "FOODS_3_508", "FOODS_3_509", "FOODS_3_510", "FOODS_3_511", "FOODS_3_512", "FOODS_3_513", "FOODS_3_514", "FOODS_3_515", "FOODS_3_516", "FOODS_3_517", "FOODS_3_518", "FOODS_3_519", "FOODS_3_520", "FOODS_3_521", "FOODS_3_522", "FOODS_3_523", "FOODS_3_524", "FOODS_3_525", "FOODS_3_526", "FOODS_3_527", "FOODS_3_528", "FOODS_3_529", "FOODS_3_530", "FOODS_3_531", "FOODS_3_532", "FOODS_3_533", "FOODS_3_534", "FOODS_3_535", "FOODS_3_536", "FOODS_3_537", "FOODS_3_538", "FOODS_3_539", "FOODS_3_540", "FOODS_3_541", "FOODS_3_542", "FOODS_3_543", "FOODS_3_544", "FOODS_3_545", "FOODS_3_546", "FOODS_3_547", "FOODS_3_548", "FOODS_3_549", "FOODS_3_550", "FOODS_3_551", "FOODS_3_552", "FOODS_3_553", "FOODS_3_554", "FOODS_3_555", "FOODS_3_556", "FOODS_3_557", "FOODS_3_558", "FOODS_3_559", "FOODS_3_560", "FOODS_3_561", "FOODS_3_562", "FOODS_3_563", "FOODS_3_564", "FOODS_3_565", "FOODS_3_566", "FOODS_3_567", "FOODS_3_568", "FOODS_3_569", "FOODS_3_570", "FOODS_3_571", "FOODS_3_572", "FOODS_3_573", "FOODS_3_574", "FOODS_3_575", "FOODS_3_576", "FOODS_3_577", "FOODS_3_578", "FOODS_3_579", "FOODS_3_580", "FOODS_3_581", "FOODS_3_582", "FOODS_3_583", "FOODS_3_584", "FOODS_3_585", "FOODS_3_586", "FOODS_3_587", "FOODS_3_588", "FOODS_3_589", "FOODS_3_590", "FOODS_3_591", "FOODS_3_592", "FOODS_3_593", "FOODS_3_594", "FOODS_3_595", "FOODS_3_596", "FOODS_3_597", "FOODS_3_598", "FOODS_3_599", "FOODS_3_600", "FOODS_3_601", "FOODS_3_602", "FOODS_3_603", "FOODS_3_604", "FOODS_3_605", "FOODS_3_606", "FOODS_3_607", "FOODS_3_608", "FOODS_3_609", "FOODS_3_610", "FOODS_3_611", "FOODS_3_612", "FOODS_3_613", "FOODS_3_614", "FOODS_3_615", "FOODS_3_616", "FOODS_3_617", "FOODS_3_618", "FOODS_3_619", "FOODS_3_620", "FOODS_3_621", "FOODS_3_622", "FOODS_3_623", "FOODS_3_624", "FOODS_3_625", "FOODS_3_626", "FOODS_3_627", "FOODS_3_628", "FOODS_3_629", "FOODS_3_630", "FOODS_3_631", "FOODS_3_632", "FOODS_3_633", "FOODS_3_634", "FOODS_3_635", "FOODS_3_636", "FOODS_3_637", "FOODS_3_638", "FOODS_3_639", "FOODS_3_640", "FOODS_3_641", "FOODS_3_642", "FOODS_3_643", "FOODS_3_644", "FOODS_3_645", "FOODS_3_646", "FOODS_3_647", "FOODS_3_648", "FOODS_3_649", "FOODS_3_650", "FOODS_3_651", "FOODS_3_652", "FOODS_3_653", "FOODS_3_654", "FOODS_3_655", "FOODS_3_656", "FOODS_3_657", "FOODS_3_658", "FOODS_3_659", "FOODS_3_660", "FOODS_3_661", "FOODS_3_662", "FOODS_3_663", "FOODS_3_664", "FOODS_3_665", "FOODS_3_666", "FOODS_3_667", "FOODS_3_668", "FOODS_3_669", "FOODS_3_670", "FOODS_3_671", "FOODS_3_672", "FOODS_3_673", "FOODS_3_674", "FOODS_3_675", "FOODS_3_676", "FOODS_3_677", "FOODS_3_678", "FOODS_3_679", "FOODS_3_680", "FOODS_3_681", "FOODS_3_682", "FOODS_3_683", "FOODS_3_684", "FOODS_3_685", "FOODS_3_686", "FOODS_3_687", "FOODS_3_688", "FOODS_3_689", "FOODS_3_690", "FOODS_3_691", "FOODS_3_692", "FOODS_3_693", "FOODS_3_694", "FOODS_3_695", "FOODS_3_696", "FOODS_3_697", "FOODS_3_698", "FOODS_3_700", "FOODS_3_701", "FOODS_3_702", "FOODS_3_703", "FOODS_3_704", "FOODS_3_705", "FOODS_3_706", "FOODS_3_707", "FOODS_3_708", "FOODS_3_709", "FOODS_3_710", "FOODS_3_711", "FOODS_3_712", "FOODS_3_713", "FOODS_3_714", "FOODS_3_715", "FOODS_3_716", "FOODS_3_717", "FOODS_3_718", "FOODS_3_719", "FOODS_3_720", "FOODS_3_721", "FOODS_3_722", "FOODS_3_723", "FOODS_3_724", "FOODS_3_725", "FOODS_3_726", "FOODS_3_727", "FOODS_3_729", "FOODS_3_730", "FOODS_3_731", "FOODS_3_732", "FOODS_3_733", "FOODS_3_734", "FOODS_3_735", "FOODS_3_736", "FOODS_3_737", "FOODS_3_738", "FOODS_3_739", "FOODS_3_741", "FOODS_3_742", "FOODS_3_743", "FOODS_3_744", "FOODS_3_745", "FOODS_3_746", "FOODS_3_747", "FOODS_3_748", "FOODS_3_749", "FOODS_3_750", "FOODS_3_751", "FOODS_3_752", "FOODS_3_753", "FOODS_3_754", "FOODS_3_755", "FOODS_3_756", "FOODS_3_757", "FOODS_3_758", "FOODS_3_759", "FOODS_3_760", "FOODS_3_761", "FOODS_3_762", "FOODS_3_763", "FOODS_3_764", "FOODS_3_765", "FOODS_3_766", "FOODS_3_767", "FOODS_3_768", "FOODS_3_769", "FOODS_3_770", "FOODS_3_771", "FOODS_3_772", "FOODS_3_773", "FOODS_3_774", "FOODS_3_775", "FOODS_3_776", "FOODS_3_777", "FOODS_3_778", "FOODS_3_779", "FOODS_3_780", "FOODS_3_781", "FOODS_3_782", "FOODS_3_783", "FOODS_3_784", "FOODS_3_785", "FOODS_3_786", "FOODS_3_787", "FOODS_3_788", "FOODS_3_789", "FOODS_3_790", "FOODS_3_791", "FOODS_3_792", "FOODS_3_793", "FOODS_3_794", "FOODS_3_795", "FOODS_3_796", "FOODS_3_797", "FOODS_3_798", "FOODS_3_799", "FOODS_3_800", "FOODS_3_801", "FOODS_3_802", "FOODS_3_803", "FOODS_3_804", "FOODS_3_805", "FOODS_3_806", "FOODS_3_807", "FOODS_3_808", "FOODS_3_809", "FOODS_3_810", "FOODS_3_811", "FOODS_3_812", "FOODS_3_813", "FOODS_3_814", "FOODS_3_815", "FOODS_3_816", "FOODS_3_817", "FOODS_3_818", "FOODS_3_819", "FOODS_3_820", "FOODS_3_821", "FOODS_3_822", "FOODS_3_823", "FOODS_3_824", "FOODS_3_825", "FOODS_3_826", "FOODS_3_827"], ["HOBBIES_1", "HOBBIES_2", "HOUSEHOLD_1", "HOUSEHOLD_2", "FOODS_1", "FOODS_2", "FOODS_3"], ["HOBBIES", "HOUSEHOLD", "FOODS"], ["CA_1", "CA_2", "CA_3", "CA_4", "TX_1", "TX_2", "TX_3", "WI_1", "WI_2", "WI_3"], ["CA", "TX", "WI"]]
